3/31/2026, 10:57:40 PM GMT+7 [Modules] Modules initializing
3/31/2026, 10:57:40 PM GMT+7 [Modules] Distribution: remote
3/31/2026, 10:57:40 PM GMT+7 [Modules] Host updates: enabled
3/31/2026, 10:57:40 PM GMT+7 [Modules] Module updates: enabled
3/31/2026, 10:57:40 PM GMT+7 [Modules] Module install path: /home/harry/.config/discord/0.0.131/modules
3/31/2026, 10:57:40 PM GMT+7 [Modules] Module installed file path: /home/harry/.config/discord/0.0.131/modules/installed.json
3/31/2026, 10:57:40 PM GMT+7 [Modules] Module download path: /home/harry/.config/discord/0.0.131/modules/pending
3/31/2026, 10:57:40 PM GMT+7 [Modules] Bootstrapping...
3/31/2026, 10:57:40 PM GMT+7 [Modules] Installing discord_desktop_core@0 from /usr/share/discord/resources/bootstrap/discord_desktop_core.zip
3/31/2026, 10:57:40 PM GMT+7 [Modules] Failed installing discord_desktop_core@0: Error: ENOENT: no such file or directory, open '/usr/share/discord/resources/bootstrap/discord_desktop_core.zip'
3/31/2026, 10:57:40 PM GMT+7 [Modules] Installing discord_erlpack@0 from /usr/share/discord/resources/bootstrap/discord_erlpack.zip
3/31/2026, 10:57:40 PM GMT+7 [Modules] Failed installing discord_erlpack@0: Error: ENOENT: no such file or directory, open '/usr/share/discord/resources/bootstrap/discord_erlpack.zip'
3/31/2026, 10:57:40 PM GMT+7 [Modules] Installing discord_spellcheck@0 from /usr/share/discord/resources/bootstrap/discord_spellcheck.zip
3/31/2026, 10:57:40 PM GMT+7 [Modules] Failed installing discord_spellcheck@0: Error: ENOENT: no such file or directory, open '/usr/share/discord/resources/bootstrap/discord_spellcheck.zip'
3/31/2026, 10:57:40 PM GMT+7 [Modules] Installing discord_utils@0 from /usr/share/discord/resources/bootstrap/discord_utils.zip
3/31/2026, 10:57:40 PM GMT+7 [Modules] Failed installing discord_utils@0: Error: ENOENT: no such file or directory, open '/usr/share/discord/resources/bootstrap/discord_utils.zip'
3/31/2026, 10:57:40 PM GMT+7 [Modules] Installing discord_voice@0 from /usr/share/discord/resources/bootstrap/discord_voice.zip
3/31/2026, 10:57:40 PM GMT+7 [Modules] Failed installing discord_voice@0: Error: ENOENT: no such file or directory, open '/usr/share/discord/resources/bootstrap/discord_voice.zip'
3/31/2026, 10:57:40 PM GMT+7 [Modules] Installing discord_zstd@0 from /usr/share/discord/resources/bootstrap/discord_zstd.zip
3/31/2026, 10:57:40 PM GMT+7 [Modules] Failed installing discord_zstd@0: Error: ENOENT: no such file or directory, open '/usr/share/discord/resources/bootstrap/discord_zstd.zip'
3/31/2026, 10:57:40 PM GMT+7 [Modules] Finished module installations. [success: 0] [failure: 6]
3/31/2026, 10:57:40 PM GMT+7 [Modules] Checking for host updates.
3/31/2026, 10:57:41 PM GMT+7 [Modules] Host is up to date.
3/31/2026, 10:57:41 PM GMT+7 [Modules] Checking for module updates at https://discord.com/api/modules/stable/versions.json
3/31/2026, 10:57:41 PM GMT+7 [Modules] Module update available: discord_desktop_core@1 [installed: 0]
3/31/2026, 10:57:41 PM GMT+7 [Modules] Module update available: discord_erlpack@1 [installed: 0]
3/31/2026, 10:57:41 PM GMT+7 [Modules] Module update available: discord_spellcheck@1 [installed: 0]
3/31/2026, 10:57:41 PM GMT+7 [Modules] Module update available: discord_utils@1 [installed: 0]
3/31/2026, 10:57:41 PM GMT+7 [Modules] Module update available: discord_voice@1 [installed: 0]
3/31/2026, 10:57:41 PM GMT+7 [Modules] Module update available: discord_zstd@1 [installed: 0]
3/31/2026, 10:57:41 PM GMT+7 [Modules] Fetching discord_desktop_core@1 from https://discord.com/api/modules/stable/discord_desktop_core/1
3/31/2026, 10:57:41 PM GMT+7 [Modules] Streaming discord_desktop_core@1 to /home/harry/.config/discord/0.0.131/modules/pending/discord_desktop_core-1.zip
3/31/2026, 10:57:42 PM GMT+7 [Modules] Streaming discord_desktop_core@1 to /home/harry/.config/discord/0.0.131/modules/pending/discord_desktop_core-1.zip: 1%
3/31/2026, 10:57:42 PM GMT+7 [Modules] Streaming discord_desktop_core@1 to /home/harry/.config/discord/0.0.131/modules/pending/discord_desktop_core-1.zip: 2%
3/31/2026, 10:57:42 PM GMT+7 [Modules] Streaming discord_desktop_core@1 to /home/harry/.config/discord/0.0.131/modules/pending/discord_desktop_core-1.zip: 3%
3/31/2026, 10:57:42 PM GMT+7 [Modules] Streaming discord_desktop_core@1 to /home/harry/.config/discord/0.0.131/modules/pending/discord_desktop_core-1.zip: 4%
3/31/2026, 10:57:42 PM GMT+7 [Modules] Streaming discord_desktop_core@1 to /home/harry/.config/discord/0.0.131/modules/pending/discord_desktop_core-1.zip: 5%
3/31/2026, 10:57:42 PM GMT+7 [Modules] Streaming discord_desktop_core@1 to /home/harry/.config/discord/0.0.131/modules/pending/discord_desktop_core-1.zip: 6%
3/31/2026, 10:57:42 PM GMT+7 [Modules] Streaming discord_desktop_core@1 to /home/harry/.config/discord/0.0.131/modules/pending/discord_desktop_core-1.zip: 7%
3/31/2026, 10:57:42 PM GMT+7 [Modules] Streaming discord_desktop_core@1 to /home/harry/.config/discord/0.0.131/modules/pending/discord_desktop_core-1.zip: 8%
3/31/2026, 10:57:42 PM GMT+7 [Modules] Streaming discord_desktop_core@1 to /home/harry/.config/discord/0.0.131/modules/pending/discord_desktop_core-1.zip: 9%
3/31/2026, 10:57:42 PM GMT+7 [Modules] Streaming discord_desktop_core@1 to /home/harry/.config/discord/0.0.131/modules/pending/discord_desktop_core-1.zip: 10%
3/31/2026, 10:57:42 PM GMT+7 [Modules] Streaming discord_desktop_core@1 to /home/harry/.config/discord/0.0.131/modules/pending/discord_desktop_core-1.zip: 11%
3/31/2026, 10:57:42 PM GMT+7 [Modules] Streaming discord_desktop_core@1 to /home/harry/.config/discord/0.0.131/modules/pending/discord_desktop_core-1.zip: 12%
3/31/2026, 10:57:42 PM GMT+7 [Modules] Streaming discord_desktop_core@1 to /home/harry/.config/discord/0.0.131/modules/pending/discord_desktop_core-1.zip: 13%
3/31/2026, 10:57:42 PM GMT+7 [Modules] Streaming discord_desktop_core@1 to /home/harry/.config/discord/0.0.131/modules/pending/discord_desktop_core-1.zip: 14%
3/31/2026, 10:57:42 PM GMT+7 [Modules] Streaming discord_desktop_core@1 to /home/harry/.config/discord/0.0.131/modules/pending/discord_desktop_core-1.zip: 15%
3/31/2026, 10:57:42 PM GMT+7 [Modules] Streaming discord_desktop_core@1 to /home/harry/.config/discord/0.0.131/modules/pending/discord_desktop_core-1.zip: 16%
3/31/2026, 10:57:42 PM GMT+7 [Modules] Streaming discord_desktop_core@1 to /home/harry/.config/discord/0.0.131/modules/pending/discord_desktop_core-1.zip: 17%
3/31/2026, 10:57:42 PM GMT+7 [Modules] Streaming discord_desktop_core@1 to /home/harry/.config/discord/0.0.131/modules/pending/discord_desktop_core-1.zip: 18%
3/31/2026, 10:57:42 PM GMT+7 [Modules] Streaming discord_desktop_core@1 to /home/harry/.config/discord/0.0.131/modules/pending/discord_desktop_core-1.zip: 19%
3/31/2026, 10:57:42 PM GMT+7 [Modules] Streaming discord_desktop_core@1 to /home/harry/.config/discord/0.0.131/modules/pending/discord_desktop_core-1.zip: 20%
3/31/2026, 10:57:42 PM GMT+7 [Modules] Streaming discord_desktop_core@1 to /home/harry/.config/discord/0.0.131/modules/pending/discord_desktop_core-1.zip: 21%
3/31/2026, 10:57:42 PM GMT+7 [Modules] Streaming discord_desktop_core@1 to /home/harry/.config/discord/0.0.131/modules/pending/discord_desktop_core-1.zip: 22%
3/31/2026, 10:57:42 PM GMT+7 [Modules] Streaming discord_desktop_core@1 to /home/harry/.config/discord/0.0.131/modules/pending/discord_desktop_core-1.zip: 23%
3/31/2026, 10:57:42 PM GMT+7 [Modules] Streaming discord_desktop_core@1 to /home/harry/.config/discord/0.0.131/modules/pending/discord_desktop_core-1.zip: 24%
3/31/2026, 10:57:42 PM GMT+7 [Modules] Streaming discord_desktop_core@1 to /home/harry/.config/discord/0.0.131/modules/pending/discord_desktop_core-1.zip: 25%
3/31/2026, 10:57:42 PM GMT+7 [Modules] Streaming discord_desktop_core@1 to /home/harry/.config/discord/0.0.131/modules/pending/discord_desktop_core-1.zip: 26%
3/31/2026, 10:57:42 PM GMT+7 [Modules] Streaming discord_desktop_core@1 to /home/harry/.config/discord/0.0.131/modules/pending/discord_desktop_core-1.zip: 27%
3/31/2026, 10:57:42 PM GMT+7 [Modules] Streaming discord_desktop_core@1 to /home/harry/.config/discord/0.0.131/modules/pending/discord_desktop_core-1.zip: 28%
3/31/2026, 10:57:42 PM GMT+7 [Modules] Streaming discord_desktop_core@1 to /home/harry/.config/discord/0.0.131/modules/pending/discord_desktop_core-1.zip: 29%
3/31/2026, 10:57:42 PM GMT+7 [Modules] Streaming discord_desktop_core@1 to /home/harry/.config/discord/0.0.131/modules/pending/discord_desktop_core-1.zip: 30%
3/31/2026, 10:57:42 PM GMT+7 [Modules] Streaming discord_desktop_core@1 to /home/harry/.config/discord/0.0.131/modules/pending/discord_desktop_core-1.zip: 31%
3/31/2026, 10:57:42 PM GMT+7 [Modules] Streaming discord_desktop_core@1 to /home/harry/.config/discord/0.0.131/modules/pending/discord_desktop_core-1.zip: 32%
3/31/2026, 10:57:42 PM GMT+7 [Modules] Streaming discord_desktop_core@1 to /home/harry/.config/discord/0.0.131/modules/pending/discord_desktop_core-1.zip: 33%
3/31/2026, 10:57:42 PM GMT+7 [Modules] Streaming discord_desktop_core@1 to /home/harry/.config/discord/0.0.131/modules/pending/discord_desktop_core-1.zip: 34%
3/31/2026, 10:57:42 PM GMT+7 [Modules] Streaming discord_desktop_core@1 to /home/harry/.config/discord/0.0.131/modules/pending/discord_desktop_core-1.zip: 35%
3/31/2026, 10:57:42 PM GMT+7 [Modules] Streaming discord_desktop_core@1 to /home/harry/.config/discord/0.0.131/modules/pending/discord_desktop_core-1.zip: 36%
3/31/2026, 10:57:42 PM GMT+7 [Modules] Streaming discord_desktop_core@1 to /home/harry/.config/discord/0.0.131/modules/pending/discord_desktop_core-1.zip: 37%
3/31/2026, 10:57:42 PM GMT+7 [Modules] Streaming discord_desktop_core@1 to /home/harry/.config/discord/0.0.131/modules/pending/discord_desktop_core-1.zip: 38%
3/31/2026, 10:57:42 PM GMT+7 [Modules] Streaming discord_desktop_core@1 to /home/harry/.config/discord/0.0.131/modules/pending/discord_desktop_core-1.zip: 39%
3/31/2026, 10:57:42 PM GMT+7 [Modules] Streaming discord_desktop_core@1 to /home/harry/.config/discord/0.0.131/modules/pending/discord_desktop_core-1.zip: 40%
3/31/2026, 10:57:42 PM GMT+7 [Modules] Streaming discord_desktop_core@1 to /home/harry/.config/discord/0.0.131/modules/pending/discord_desktop_core-1.zip: 41%
3/31/2026, 10:57:42 PM GMT+7 [Modules] Streaming discord_desktop_core@1 to /home/harry/.config/discord/0.0.131/modules/pending/discord_desktop_core-1.zip: 42%
3/31/2026, 10:57:42 PM GMT+7 [Modules] Streaming discord_desktop_core@1 to /home/harry/.config/discord/0.0.131/modules/pending/discord_desktop_core-1.zip: 43%
3/31/2026, 10:57:42 PM GMT+7 [Modules] Streaming discord_desktop_core@1 to /home/harry/.config/discord/0.0.131/modules/pending/discord_desktop_core-1.zip: 44%
3/31/2026, 10:57:42 PM GMT+7 [Modules] Streaming discord_desktop_core@1 to /home/harry/.config/discord/0.0.131/modules/pending/discord_desktop_core-1.zip: 45%
3/31/2026, 10:57:42 PM GMT+7 [Modules] Streaming discord_desktop_core@1 to /home/harry/.config/discord/0.0.131/modules/pending/discord_desktop_core-1.zip: 46%
3/31/2026, 10:57:42 PM GMT+7 [Modules] Streaming discord_desktop_core@1 to /home/harry/.config/discord/0.0.131/modules/pending/discord_desktop_core-1.zip: 47%
3/31/2026, 10:57:42 PM GMT+7 [Modules] Streaming discord_desktop_core@1 to /home/harry/.config/discord/0.0.131/modules/pending/discord_desktop_core-1.zip: 48%
3/31/2026, 10:57:42 PM GMT+7 [Modules] Streaming discord_desktop_core@1 to /home/harry/.config/discord/0.0.131/modules/pending/discord_desktop_core-1.zip: 49%
3/31/2026, 10:57:42 PM GMT+7 [Modules] Streaming discord_desktop_core@1 to /home/harry/.config/discord/0.0.131/modules/pending/discord_desktop_core-1.zip: 50%
3/31/2026, 10:57:42 PM GMT+7 [Modules] Streaming discord_desktop_core@1 to /home/harry/.config/discord/0.0.131/modules/pending/discord_desktop_core-1.zip: 51%
3/31/2026, 10:57:42 PM GMT+7 [Modules] Streaming discord_desktop_core@1 to /home/harry/.config/discord/0.0.131/modules/pending/discord_desktop_core-1.zip: 52%
3/31/2026, 10:57:42 PM GMT+7 [Modules] Streaming discord_desktop_core@1 to /home/harry/.config/discord/0.0.131/modules/pending/discord_desktop_core-1.zip: 53%
3/31/2026, 10:57:42 PM GMT+7 [Modules] Streaming discord_desktop_core@1 to /home/harry/.config/discord/0.0.131/modules/pending/discord_desktop_core-1.zip: 54%
3/31/2026, 10:57:42 PM GMT+7 [Modules] Streaming discord_desktop_core@1 to /home/harry/.config/discord/0.0.131/modules/pending/discord_desktop_core-1.zip: 55%
3/31/2026, 10:57:42 PM GMT+7 [Modules] Streaming discord_desktop_core@1 to /home/harry/.config/discord/0.0.131/modules/pending/discord_desktop_core-1.zip: 56%
3/31/2026, 10:57:42 PM GMT+7 [Modules] Streaming discord_desktop_core@1 to /home/harry/.config/discord/0.0.131/modules/pending/discord_desktop_core-1.zip: 57%
3/31/2026, 10:57:42 PM GMT+7 [Modules] Streaming discord_desktop_core@1 to /home/harry/.config/discord/0.0.131/modules/pending/discord_desktop_core-1.zip: 58%
3/31/2026, 10:57:42 PM GMT+7 [Modules] Streaming discord_desktop_core@1 to /home/harry/.config/discord/0.0.131/modules/pending/discord_desktop_core-1.zip: 59%
3/31/2026, 10:57:42 PM GMT+7 [Modules] Streaming discord_desktop_core@1 to /home/harry/.config/discord/0.0.131/modules/pending/discord_desktop_core-1.zip: 60%
3/31/2026, 10:57:42 PM GMT+7 [Modules] Streaming discord_desktop_core@1 to /home/harry/.config/discord/0.0.131/modules/pending/discord_desktop_core-1.zip: 61%
3/31/2026, 10:57:42 PM GMT+7 [Modules] Streaming discord_desktop_core@1 to /home/harry/.config/discord/0.0.131/modules/pending/discord_desktop_core-1.zip: 62%
3/31/2026, 10:57:42 PM GMT+7 [Modules] Streaming discord_desktop_core@1 to /home/harry/.config/discord/0.0.131/modules/pending/discord_desktop_core-1.zip: 63%
3/31/2026, 10:57:42 PM GMT+7 [Modules] Streaming discord_desktop_core@1 to /home/harry/.config/discord/0.0.131/modules/pending/discord_desktop_core-1.zip: 64%
3/31/2026, 10:57:42 PM GMT+7 [Modules] Streaming discord_desktop_core@1 to /home/harry/.config/discord/0.0.131/modules/pending/discord_desktop_core-1.zip: 65%
3/31/2026, 10:57:42 PM GMT+7 [Modules] Streaming discord_desktop_core@1 to /home/harry/.config/discord/0.0.131/modules/pending/discord_desktop_core-1.zip: 66%
3/31/2026, 10:57:42 PM GMT+7 [Modules] Streaming discord_desktop_core@1 to /home/harry/.config/discord/0.0.131/modules/pending/discord_desktop_core-1.zip: 67%
3/31/2026, 10:57:42 PM GMT+7 [Modules] Streaming discord_desktop_core@1 to /home/harry/.config/discord/0.0.131/modules/pending/discord_desktop_core-1.zip: 68%
3/31/2026, 10:57:42 PM GMT+7 [Modules] Streaming discord_desktop_core@1 to /home/harry/.config/discord/0.0.131/modules/pending/discord_desktop_core-1.zip: 69%
3/31/2026, 10:57:42 PM GMT+7 [Modules] Streaming discord_desktop_core@1 to /home/harry/.config/discord/0.0.131/modules/pending/discord_desktop_core-1.zip: 70%
3/31/2026, 10:57:42 PM GMT+7 [Modules] Streaming discord_desktop_core@1 to /home/harry/.config/discord/0.0.131/modules/pending/discord_desktop_core-1.zip: 71%
3/31/2026, 10:57:42 PM GMT+7 [Modules] Streaming discord_desktop_core@1 to /home/harry/.config/discord/0.0.131/modules/pending/discord_desktop_core-1.zip: 72%
3/31/2026, 10:57:42 PM GMT+7 [Modules] Streaming discord_desktop_core@1 to /home/harry/.config/discord/0.0.131/modules/pending/discord_desktop_core-1.zip: 73%
3/31/2026, 10:57:42 PM GMT+7 [Modules] Streaming discord_desktop_core@1 to /home/harry/.config/discord/0.0.131/modules/pending/discord_desktop_core-1.zip: 74%
3/31/2026, 10:57:42 PM GMT+7 [Modules] Streaming discord_desktop_core@1 to /home/harry/.config/discord/0.0.131/modules/pending/discord_desktop_core-1.zip: 75%
3/31/2026, 10:57:42 PM GMT+7 [Modules] Streaming discord_desktop_core@1 to /home/harry/.config/discord/0.0.131/modules/pending/discord_desktop_core-1.zip: 76%
3/31/2026, 10:57:42 PM GMT+7 [Modules] Streaming discord_desktop_core@1 to /home/harry/.config/discord/0.0.131/modules/pending/discord_desktop_core-1.zip: 77%
3/31/2026, 10:57:42 PM GMT+7 [Modules] Streaming discord_desktop_core@1 to /home/harry/.config/discord/0.0.131/modules/pending/discord_desktop_core-1.zip: 78%
3/31/2026, 10:57:42 PM GMT+7 [Modules] Streaming discord_desktop_core@1 to /home/harry/.config/discord/0.0.131/modules/pending/discord_desktop_core-1.zip: 79%
3/31/2026, 10:57:42 PM GMT+7 [Modules] Streaming discord_desktop_core@1 to /home/harry/.config/discord/0.0.131/modules/pending/discord_desktop_core-1.zip: 80%
3/31/2026, 10:57:42 PM GMT+7 [Modules] Streaming discord_desktop_core@1 to /home/harry/.config/discord/0.0.131/modules/pending/discord_desktop_core-1.zip: 81%
3/31/2026, 10:57:42 PM GMT+7 [Modules] Streaming discord_desktop_core@1 to /home/harry/.config/discord/0.0.131/modules/pending/discord_desktop_core-1.zip: 82%
3/31/2026, 10:57:42 PM GMT+7 [Modules] Streaming discord_desktop_core@1 to /home/harry/.config/discord/0.0.131/modules/pending/discord_desktop_core-1.zip: 83%
3/31/2026, 10:57:42 PM GMT+7 [Modules] Streaming discord_desktop_core@1 to /home/harry/.config/discord/0.0.131/modules/pending/discord_desktop_core-1.zip: 84%
3/31/2026, 10:57:42 PM GMT+7 [Modules] Streaming discord_desktop_core@1 to /home/harry/.config/discord/0.0.131/modules/pending/discord_desktop_core-1.zip: 85%
3/31/2026, 10:57:42 PM GMT+7 [Modules] Streaming discord_desktop_core@1 to /home/harry/.config/discord/0.0.131/modules/pending/discord_desktop_core-1.zip: 86%
3/31/2026, 10:57:42 PM GMT+7 [Modules] Streaming discord_desktop_core@1 to /home/harry/.config/discord/0.0.131/modules/pending/discord_desktop_core-1.zip: 87%
3/31/2026, 10:57:42 PM GMT+7 [Modules] Streaming discord_desktop_core@1 to /home/harry/.config/discord/0.0.131/modules/pending/discord_desktop_core-1.zip: 88%
3/31/2026, 10:57:42 PM GMT+7 [Modules] Streaming discord_desktop_core@1 to /home/harry/.config/discord/0.0.131/modules/pending/discord_desktop_core-1.zip: 89%
3/31/2026, 10:57:42 PM GMT+7 [Modules] Streaming discord_desktop_core@1 to /home/harry/.config/discord/0.0.131/modules/pending/discord_desktop_core-1.zip: 90%
3/31/2026, 10:57:42 PM GMT+7 [Modules] Streaming discord_desktop_core@1 to /home/harry/.config/discord/0.0.131/modules/pending/discord_desktop_core-1.zip: 91%
3/31/2026, 10:57:42 PM GMT+7 [Modules] Streaming discord_desktop_core@1 to /home/harry/.config/discord/0.0.131/modules/pending/discord_desktop_core-1.zip: 92%
3/31/2026, 10:57:42 PM GMT+7 [Modules] Streaming discord_desktop_core@1 to /home/harry/.config/discord/0.0.131/modules/pending/discord_desktop_core-1.zip: 93%
3/31/2026, 10:57:42 PM GMT+7 [Modules] Streaming discord_desktop_core@1 to /home/harry/.config/discord/0.0.131/modules/pending/discord_desktop_core-1.zip: 94%
3/31/2026, 10:57:42 PM GMT+7 [Modules] Streaming discord_desktop_core@1 to /home/harry/.config/discord/0.0.131/modules/pending/discord_desktop_core-1.zip: 95%
3/31/2026, 10:57:42 PM GMT+7 [Modules] Streaming discord_desktop_core@1 to /home/harry/.config/discord/0.0.131/modules/pending/discord_desktop_core-1.zip: 96%
3/31/2026, 10:57:42 PM GMT+7 [Modules] Streaming discord_desktop_core@1 to /home/harry/.config/discord/0.0.131/modules/pending/discord_desktop_core-1.zip: 97%
3/31/2026, 10:57:42 PM GMT+7 [Modules] Streaming discord_desktop_core@1 to /home/harry/.config/discord/0.0.131/modules/pending/discord_desktop_core-1.zip: 98%
3/31/2026, 10:57:42 PM GMT+7 [Modules] Streaming discord_desktop_core@1 to /home/harry/.config/discord/0.0.131/modules/pending/discord_desktop_core-1.zip: 100%
3/31/2026, 10:57:42 PM GMT+7 [Modules] Fetching discord_erlpack@1 from https://discord.com/api/modules/stable/discord_erlpack/1
3/31/2026, 10:57:42 PM GMT+7 [Modules] Streaming discord_erlpack@1 to /home/harry/.config/discord/0.0.131/modules/pending/discord_erlpack-1.zip
3/31/2026, 10:57:42 PM GMT+7 [Modules] Streaming discord_erlpack@1 to /home/harry/.config/discord/0.0.131/modules/pending/discord_erlpack-1.zip: 2%
3/31/2026, 10:57:42 PM GMT+7 [Modules] Streaming discord_erlpack@1 to /home/harry/.config/discord/0.0.131/modules/pending/discord_erlpack-1.zip: 3%
3/31/2026, 10:57:42 PM GMT+7 [Modules] Streaming discord_erlpack@1 to /home/harry/.config/discord/0.0.131/modules/pending/discord_erlpack-1.zip: 4%
3/31/2026, 10:57:42 PM GMT+7 [Modules] Streaming discord_erlpack@1 to /home/harry/.config/discord/0.0.131/modules/pending/discord_erlpack-1.zip: 6%
3/31/2026, 10:57:42 PM GMT+7 [Modules] Streaming discord_erlpack@1 to /home/harry/.config/discord/0.0.131/modules/pending/discord_erlpack-1.zip: 7%
3/31/2026, 10:57:42 PM GMT+7 [Modules] Streaming discord_erlpack@1 to /home/harry/.config/discord/0.0.131/modules/pending/discord_erlpack-1.zip: 8%
3/31/2026, 10:57:42 PM GMT+7 [Modules] Streaming discord_erlpack@1 to /home/harry/.config/discord/0.0.131/modules/pending/discord_erlpack-1.zip: 9%
3/31/2026, 10:57:42 PM GMT+7 [Modules] Streaming discord_erlpack@1 to /home/harry/.config/discord/0.0.131/modules/pending/discord_erlpack-1.zip: 10%
3/31/2026, 10:57:42 PM GMT+7 [Modules] Streaming discord_erlpack@1 to /home/harry/.config/discord/0.0.131/modules/pending/discord_erlpack-1.zip: 11%
3/31/2026, 10:57:42 PM GMT+7 [Modules] Streaming discord_erlpack@1 to /home/harry/.config/discord/0.0.131/modules/pending/discord_erlpack-1.zip: 12%
3/31/2026, 10:57:42 PM GMT+7 [Modules] Streaming discord_erlpack@1 to /home/harry/.config/discord/0.0.131/modules/pending/discord_erlpack-1.zip: 13%
3/31/2026, 10:57:42 PM GMT+7 [Modules] Streaming discord_erlpack@1 to /home/harry/.config/discord/0.0.131/modules/pending/discord_erlpack-1.zip: 14%
3/31/2026, 10:57:42 PM GMT+7 [Modules] Streaming discord_erlpack@1 to /home/harry/.config/discord/0.0.131/modules/pending/discord_erlpack-1.zip: 15%
3/31/2026, 10:57:42 PM GMT+7 [Modules] Streaming discord_erlpack@1 to /home/harry/.config/discord/0.0.131/modules/pending/discord_erlpack-1.zip: 16%
3/31/2026, 10:57:42 PM GMT+7 [Modules] Streaming discord_erlpack@1 to /home/harry/.config/discord/0.0.131/modules/pending/discord_erlpack-1.zip: 17%
3/31/2026, 10:57:42 PM GMT+7 [Modules] Streaming discord_erlpack@1 to /home/harry/.config/discord/0.0.131/modules/pending/discord_erlpack-1.zip: 18%
3/31/2026, 10:57:42 PM GMT+7 [Modules] Streaming discord_erlpack@1 to /home/harry/.config/discord/0.0.131/modules/pending/discord_erlpack-1.zip: 19%
3/31/2026, 10:57:42 PM GMT+7 [Modules] Streaming discord_erlpack@1 to /home/harry/.config/discord/0.0.131/modules/pending/discord_erlpack-1.zip: 20%
3/31/2026, 10:57:42 PM GMT+7 [Modules] Streaming discord_erlpack@1 to /home/harry/.config/discord/0.0.131/modules/pending/discord_erlpack-1.zip: 21%
3/31/2026, 10:57:42 PM GMT+7 [Modules] Streaming discord_erlpack@1 to /home/harry/.config/discord/0.0.131/modules/pending/discord_erlpack-1.zip: 22%
3/31/2026, 10:57:42 PM GMT+7 [Modules] Streaming discord_erlpack@1 to /home/harry/.config/discord/0.0.131/modules/pending/discord_erlpack-1.zip: 23%
3/31/2026, 10:57:42 PM GMT+7 [Modules] Streaming discord_erlpack@1 to /home/harry/.config/discord/0.0.131/modules/pending/discord_erlpack-1.zip: 24%
3/31/2026, 10:57:42 PM GMT+7 [Modules] Streaming discord_erlpack@1 to /home/harry/.config/discord/0.0.131/modules/pending/discord_erlpack-1.zip: 25%
3/31/2026, 10:57:42 PM GMT+7 [Modules] Streaming discord_erlpack@1 to /home/harry/.config/discord/0.0.131/modules/pending/discord_erlpack-1.zip: 26%
3/31/2026, 10:57:42 PM GMT+7 [Modules] Streaming discord_erlpack@1 to /home/harry/.config/discord/0.0.131/modules/pending/discord_erlpack-1.zip: 27%
3/31/2026, 10:57:42 PM GMT+7 [Modules] Streaming discord_erlpack@1 to /home/harry/.config/discord/0.0.131/modules/pending/discord_erlpack-1.zip: 28%
3/31/2026, 10:57:42 PM GMT+7 [Modules] Streaming discord_erlpack@1 to /home/harry/.config/discord/0.0.131/modules/pending/discord_erlpack-1.zip: 29%
3/31/2026, 10:57:42 PM GMT+7 [Modules] Streaming discord_erlpack@1 to /home/harry/.config/discord/0.0.131/modules/pending/discord_erlpack-1.zip: 30%
3/31/2026, 10:57:42 PM GMT+7 [Modules] Streaming discord_erlpack@1 to /home/harry/.config/discord/0.0.131/modules/pending/discord_erlpack-1.zip: 31%
3/31/2026, 10:57:42 PM GMT+7 [Modules] Streaming discord_erlpack@1 to /home/harry/.config/discord/0.0.131/modules/pending/discord_erlpack-1.zip: 32%
3/31/2026, 10:57:42 PM GMT+7 [Modules] Streaming discord_erlpack@1 to /home/harry/.config/discord/0.0.131/modules/pending/discord_erlpack-1.zip: 33%
3/31/2026, 10:57:42 PM GMT+7 [Modules] Streaming discord_erlpack@1 to /home/harry/.config/discord/0.0.131/modules/pending/discord_erlpack-1.zip: 34%
3/31/2026, 10:57:42 PM GMT+7 [Modules] Streaming discord_erlpack@1 to /home/harry/.config/discord/0.0.131/modules/pending/discord_erlpack-1.zip: 35%
3/31/2026, 10:57:42 PM GMT+7 [Modules] Streaming discord_erlpack@1 to /home/harry/.config/discord/0.0.131/modules/pending/discord_erlpack-1.zip: 36%
3/31/2026, 10:57:42 PM GMT+7 [Modules] Streaming discord_erlpack@1 to /home/harry/.config/discord/0.0.131/modules/pending/discord_erlpack-1.zip: 37%
3/31/2026, 10:57:42 PM GMT+7 [Modules] Streaming discord_erlpack@1 to /home/harry/.config/discord/0.0.131/modules/pending/discord_erlpack-1.zip: 38%
3/31/2026, 10:57:42 PM GMT+7 [Modules] Streaming discord_erlpack@1 to /home/harry/.config/discord/0.0.131/modules/pending/discord_erlpack-1.zip: 39%
3/31/2026, 10:57:42 PM GMT+7 [Modules] Streaming discord_erlpack@1 to /home/harry/.config/discord/0.0.131/modules/pending/discord_erlpack-1.zip: 40%
3/31/2026, 10:57:42 PM GMT+7 [Modules] Streaming discord_erlpack@1 to /home/harry/.config/discord/0.0.131/modules/pending/discord_erlpack-1.zip: 41%
3/31/2026, 10:57:42 PM GMT+7 [Modules] Streaming discord_erlpack@1 to /home/harry/.config/discord/0.0.131/modules/pending/discord_erlpack-1.zip: 42%
3/31/2026, 10:57:42 PM GMT+7 [Modules] Streaming discord_erlpack@1 to /home/harry/.config/discord/0.0.131/modules/pending/discord_erlpack-1.zip: 43%
3/31/2026, 10:57:42 PM GMT+7 [Modules] Streaming discord_erlpack@1 to /home/harry/.config/discord/0.0.131/modules/pending/discord_erlpack-1.zip: 44%
3/31/2026, 10:57:42 PM GMT+7 [Modules] Streaming discord_erlpack@1 to /home/harry/.config/discord/0.0.131/modules/pending/discord_erlpack-1.zip: 45%
3/31/2026, 10:57:42 PM GMT+7 [Modules] Streaming discord_erlpack@1 to /home/harry/.config/discord/0.0.131/modules/pending/discord_erlpack-1.zip: 46%
3/31/2026, 10:57:42 PM GMT+7 [Modules] Streaming discord_erlpack@1 to /home/harry/.config/discord/0.0.131/modules/pending/discord_erlpack-1.zip: 47%
3/31/2026, 10:57:42 PM GMT+7 [Modules] Streaming discord_erlpack@1 to /home/harry/.config/discord/0.0.131/modules/pending/discord_erlpack-1.zip: 48%
3/31/2026, 10:57:42 PM GMT+7 [Modules] Streaming discord_erlpack@1 to /home/harry/.config/discord/0.0.131/modules/pending/discord_erlpack-1.zip: 49%
3/31/2026, 10:57:42 PM GMT+7 [Modules] Streaming discord_erlpack@1 to /home/harry/.config/discord/0.0.131/modules/pending/discord_erlpack-1.zip: 50%
3/31/2026, 10:57:42 PM GMT+7 [Modules] Streaming discord_erlpack@1 to /home/harry/.config/discord/0.0.131/modules/pending/discord_erlpack-1.zip: 51%
3/31/2026, 10:57:42 PM GMT+7 [Modules] Streaming discord_erlpack@1 to /home/harry/.config/discord/0.0.131/modules/pending/discord_erlpack-1.zip: 52%
3/31/2026, 10:57:42 PM GMT+7 [Modules] Streaming discord_erlpack@1 to /home/harry/.config/discord/0.0.131/modules/pending/discord_erlpack-1.zip: 53%
3/31/2026, 10:57:42 PM GMT+7 [Modules] Streaming discord_erlpack@1 to /home/harry/.config/discord/0.0.131/modules/pending/discord_erlpack-1.zip: 54%
3/31/2026, 10:57:42 PM GMT+7 [Modules] Streaming discord_erlpack@1 to /home/harry/.config/discord/0.0.131/modules/pending/discord_erlpack-1.zip: 55%
3/31/2026, 10:57:42 PM GMT+7 [Modules] Streaming discord_erlpack@1 to /home/harry/.config/discord/0.0.131/modules/pending/discord_erlpack-1.zip: 56%
3/31/2026, 10:57:42 PM GMT+7 [Modules] Streaming discord_erlpack@1 to /home/harry/.config/discord/0.0.131/modules/pending/discord_erlpack-1.zip: 57%
3/31/2026, 10:57:42 PM GMT+7 [Modules] Streaming discord_erlpack@1 to /home/harry/.config/discord/0.0.131/modules/pending/discord_erlpack-1.zip: 58%
3/31/2026, 10:57:42 PM GMT+7 [Modules] Streaming discord_erlpack@1 to /home/harry/.config/discord/0.0.131/modules/pending/discord_erlpack-1.zip: 59%
3/31/2026, 10:57:42 PM GMT+7 [Modules] Streaming discord_erlpack@1 to /home/harry/.config/discord/0.0.131/modules/pending/discord_erlpack-1.zip: 60%
3/31/2026, 10:57:42 PM GMT+7 [Modules] Streaming discord_erlpack@1 to /home/harry/.config/discord/0.0.131/modules/pending/discord_erlpack-1.zip: 61%
3/31/2026, 10:57:42 PM GMT+7 [Modules] Streaming discord_erlpack@1 to /home/harry/.config/discord/0.0.131/modules/pending/discord_erlpack-1.zip: 62%
3/31/2026, 10:57:42 PM GMT+7 [Modules] Streaming discord_erlpack@1 to /home/harry/.config/discord/0.0.131/modules/pending/discord_erlpack-1.zip: 63%
3/31/2026, 10:57:42 PM GMT+7 [Modules] Streaming discord_erlpack@1 to /home/harry/.config/discord/0.0.131/modules/pending/discord_erlpack-1.zip: 64%
3/31/2026, 10:57:42 PM GMT+7 [Modules] Streaming discord_erlpack@1 to /home/harry/.config/discord/0.0.131/modules/pending/discord_erlpack-1.zip: 65%
3/31/2026, 10:57:42 PM GMT+7 [Modules] Streaming discord_erlpack@1 to /home/harry/.config/discord/0.0.131/modules/pending/discord_erlpack-1.zip: 66%
3/31/2026, 10:57:42 PM GMT+7 [Modules] Streaming discord_erlpack@1 to /home/harry/.config/discord/0.0.131/modules/pending/discord_erlpack-1.zip: 67%
3/31/2026, 10:57:42 PM GMT+7 [Modules] Streaming discord_erlpack@1 to /home/harry/.config/discord/0.0.131/modules/pending/discord_erlpack-1.zip: 68%
3/31/2026, 10:57:42 PM GMT+7 [Modules] Streaming discord_erlpack@1 to /home/harry/.config/discord/0.0.131/modules/pending/discord_erlpack-1.zip: 69%
3/31/2026, 10:57:42 PM GMT+7 [Modules] Streaming discord_erlpack@1 to /home/harry/.config/discord/0.0.131/modules/pending/discord_erlpack-1.zip: 70%
3/31/2026, 10:57:42 PM GMT+7 [Modules] Streaming discord_erlpack@1 to /home/harry/.config/discord/0.0.131/modules/pending/discord_erlpack-1.zip: 71%
3/31/2026, 10:57:42 PM GMT+7 [Modules] Streaming discord_erlpack@1 to /home/harry/.config/discord/0.0.131/modules/pending/discord_erlpack-1.zip: 72%
3/31/2026, 10:57:42 PM GMT+7 [Modules] Streaming discord_erlpack@1 to /home/harry/.config/discord/0.0.131/modules/pending/discord_erlpack-1.zip: 73%
3/31/2026, 10:57:42 PM GMT+7 [Modules] Streaming discord_erlpack@1 to /home/harry/.config/discord/0.0.131/modules/pending/discord_erlpack-1.zip: 74%
3/31/2026, 10:57:42 PM GMT+7 [Modules] Streaming discord_erlpack@1 to /home/harry/.config/discord/0.0.131/modules/pending/discord_erlpack-1.zip: 75%
3/31/2026, 10:57:42 PM GMT+7 [Modules] Streaming discord_erlpack@1 to /home/harry/.config/discord/0.0.131/modules/pending/discord_erlpack-1.zip: 76%
3/31/2026, 10:57:43 PM GMT+7 [Modules] Streaming discord_erlpack@1 to /home/harry/.config/discord/0.0.131/modules/pending/discord_erlpack-1.zip: 77%
3/31/2026, 10:57:43 PM GMT+7 [Modules] Streaming discord_erlpack@1 to /home/harry/.config/discord/0.0.131/modules/pending/discord_erlpack-1.zip: 78%
3/31/2026, 10:57:43 PM GMT+7 [Modules] Streaming discord_erlpack@1 to /home/harry/.config/discord/0.0.131/modules/pending/discord_erlpack-1.zip: 79%
3/31/2026, 10:57:43 PM GMT+7 [Modules] Streaming discord_erlpack@1 to /home/harry/.config/discord/0.0.131/modules/pending/discord_erlpack-1.zip: 80%
3/31/2026, 10:57:43 PM GMT+7 [Modules] Streaming discord_erlpack@1 to /home/harry/.config/discord/0.0.131/modules/pending/discord_erlpack-1.zip: 81%
3/31/2026, 10:57:43 PM GMT+7 [Modules] Streaming discord_erlpack@1 to /home/harry/.config/discord/0.0.131/modules/pending/discord_erlpack-1.zip: 82%
3/31/2026, 10:57:43 PM GMT+7 [Modules] Streaming discord_erlpack@1 to /home/harry/.config/discord/0.0.131/modules/pending/discord_erlpack-1.zip: 83%
3/31/2026, 10:57:43 PM GMT+7 [Modules] Streaming discord_erlpack@1 to /home/harry/.config/discord/0.0.131/modules/pending/discord_erlpack-1.zip: 84%
3/31/2026, 10:57:43 PM GMT+7 [Modules] Streaming discord_erlpack@1 to /home/harry/.config/discord/0.0.131/modules/pending/discord_erlpack-1.zip: 85%
3/31/2026, 10:57:43 PM GMT+7 [Modules] Streaming discord_erlpack@1 to /home/harry/.config/discord/0.0.131/modules/pending/discord_erlpack-1.zip: 86%
3/31/2026, 10:57:43 PM GMT+7 [Modules] Streaming discord_erlpack@1 to /home/harry/.config/discord/0.0.131/modules/pending/discord_erlpack-1.zip: 87%
3/31/2026, 10:57:43 PM GMT+7 [Modules] Streaming discord_erlpack@1 to /home/harry/.config/discord/0.0.131/modules/pending/discord_erlpack-1.zip: 88%
3/31/2026, 10:57:43 PM GMT+7 [Modules] Streaming discord_erlpack@1 to /home/harry/.config/discord/0.0.131/modules/pending/discord_erlpack-1.zip: 89%
3/31/2026, 10:57:43 PM GMT+7 [Modules] Streaming discord_erlpack@1 to /home/harry/.config/discord/0.0.131/modules/pending/discord_erlpack-1.zip: 90%
3/31/2026, 10:57:43 PM GMT+7 [Modules] Streaming discord_erlpack@1 to /home/harry/.config/discord/0.0.131/modules/pending/discord_erlpack-1.zip: 91%
3/31/2026, 10:57:43 PM GMT+7 [Modules] Streaming discord_erlpack@1 to /home/harry/.config/discord/0.0.131/modules/pending/discord_erlpack-1.zip: 92%
3/31/2026, 10:57:43 PM GMT+7 [Modules] Streaming discord_erlpack@1 to /home/harry/.config/discord/0.0.131/modules/pending/discord_erlpack-1.zip: 93%
3/31/2026, 10:57:43 PM GMT+7 [Modules] Streaming discord_erlpack@1 to /home/harry/.config/discord/0.0.131/modules/pending/discord_erlpack-1.zip: 94%
3/31/2026, 10:57:43 PM GMT+7 [Modules] Streaming discord_erlpack@1 to /home/harry/.config/discord/0.0.131/modules/pending/discord_erlpack-1.zip: 95%
3/31/2026, 10:57:43 PM GMT+7 [Modules] Streaming discord_erlpack@1 to /home/harry/.config/discord/0.0.131/modules/pending/discord_erlpack-1.zip: 96%
3/31/2026, 10:57:43 PM GMT+7 [Modules] Streaming discord_erlpack@1 to /home/harry/.config/discord/0.0.131/modules/pending/discord_erlpack-1.zip: 97%
3/31/2026, 10:57:43 PM GMT+7 [Modules] Streaming discord_erlpack@1 to /home/harry/.config/discord/0.0.131/modules/pending/discord_erlpack-1.zip: 98%
3/31/2026, 10:57:43 PM GMT+7 [Modules] Streaming discord_erlpack@1 to /home/harry/.config/discord/0.0.131/modules/pending/discord_erlpack-1.zip: 99%
3/31/2026, 10:57:43 PM GMT+7 [Modules] Streaming discord_erlpack@1 to /home/harry/.config/discord/0.0.131/modules/pending/discord_erlpack-1.zip: 100%
3/31/2026, 10:57:43 PM GMT+7 [Modules] Fetching discord_spellcheck@1 from https://discord.com/api/modules/stable/discord_spellcheck/1
3/31/2026, 10:57:43 PM GMT+7 [Modules] Streaming discord_spellcheck@1 to /home/harry/.config/discord/0.0.131/modules/pending/discord_spellcheck-1.zip
3/31/2026, 10:57:43 PM GMT+7 [Modules] Streaming discord_spellcheck@1 to /home/harry/.config/discord/0.0.131/modules/pending/discord_spellcheck-1.zip: 1%
3/31/2026, 10:57:43 PM GMT+7 [Modules] Streaming discord_spellcheck@1 to /home/harry/.config/discord/0.0.131/modules/pending/discord_spellcheck-1.zip: 2%
3/31/2026, 10:57:43 PM GMT+7 [Modules] Streaming discord_spellcheck@1 to /home/harry/.config/discord/0.0.131/modules/pending/discord_spellcheck-1.zip: 3%
3/31/2026, 10:57:43 PM GMT+7 [Modules] Streaming discord_spellcheck@1 to /home/harry/.config/discord/0.0.131/modules/pending/discord_spellcheck-1.zip: 4%
3/31/2026, 10:57:43 PM GMT+7 [Modules] Streaming discord_spellcheck@1 to /home/harry/.config/discord/0.0.131/modules/pending/discord_spellcheck-1.zip: 5%
3/31/2026, 10:57:43 PM GMT+7 [Modules] Streaming discord_spellcheck@1 to /home/harry/.config/discord/0.0.131/modules/pending/discord_spellcheck-1.zip: 6%
3/31/2026, 10:57:43 PM GMT+7 [Modules] Streaming discord_spellcheck@1 to /home/harry/.config/discord/0.0.131/modules/pending/discord_spellcheck-1.zip: 7%
3/31/2026, 10:57:43 PM GMT+7 [Modules] Streaming discord_spellcheck@1 to /home/harry/.config/discord/0.0.131/modules/pending/discord_spellcheck-1.zip: 8%
3/31/2026, 10:57:43 PM GMT+7 [Modules] Streaming discord_spellcheck@1 to /home/harry/.config/discord/0.0.131/modules/pending/discord_spellcheck-1.zip: 9%
3/31/2026, 10:57:43 PM GMT+7 [Modules] Streaming discord_spellcheck@1 to /home/harry/.config/discord/0.0.131/modules/pending/discord_spellcheck-1.zip: 10%
3/31/2026, 10:57:43 PM GMT+7 [Modules] Streaming discord_spellcheck@1 to /home/harry/.config/discord/0.0.131/modules/pending/discord_spellcheck-1.zip: 11%
3/31/2026, 10:57:43 PM GMT+7 [Modules] Streaming discord_spellcheck@1 to /home/harry/.config/discord/0.0.131/modules/pending/discord_spellcheck-1.zip: 12%
3/31/2026, 10:57:43 PM GMT+7 [Modules] Streaming discord_spellcheck@1 to /home/harry/.config/discord/0.0.131/modules/pending/discord_spellcheck-1.zip: 13%
3/31/2026, 10:57:43 PM GMT+7 [Modules] Streaming discord_spellcheck@1 to /home/harry/.config/discord/0.0.131/modules/pending/discord_spellcheck-1.zip: 14%
3/31/2026, 10:57:43 PM GMT+7 [Modules] Streaming discord_spellcheck@1 to /home/harry/.config/discord/0.0.131/modules/pending/discord_spellcheck-1.zip: 15%
3/31/2026, 10:57:43 PM GMT+7 [Modules] Streaming discord_spellcheck@1 to /home/harry/.config/discord/0.0.131/modules/pending/discord_spellcheck-1.zip: 16%
3/31/2026, 10:57:43 PM GMT+7 [Modules] Streaming discord_spellcheck@1 to /home/harry/.config/discord/0.0.131/modules/pending/discord_spellcheck-1.zip: 17%
3/31/2026, 10:57:43 PM GMT+7 [Modules] Streaming discord_spellcheck@1 to /home/harry/.config/discord/0.0.131/modules/pending/discord_spellcheck-1.zip: 18%
3/31/2026, 10:57:43 PM GMT+7 [Modules] Streaming discord_spellcheck@1 to /home/harry/.config/discord/0.0.131/modules/pending/discord_spellcheck-1.zip: 19%
3/31/2026, 10:57:43 PM GMT+7 [Modules] Streaming discord_spellcheck@1 to /home/harry/.config/discord/0.0.131/modules/pending/discord_spellcheck-1.zip: 20%
3/31/2026, 10:57:43 PM GMT+7 [Modules] Streaming discord_spellcheck@1 to /home/harry/.config/discord/0.0.131/modules/pending/discord_spellcheck-1.zip: 21%
3/31/2026, 10:57:43 PM GMT+7 [Modules] Streaming discord_spellcheck@1 to /home/harry/.config/discord/0.0.131/modules/pending/discord_spellcheck-1.zip: 22%
3/31/2026, 10:57:43 PM GMT+7 [Modules] Streaming discord_spellcheck@1 to /home/harry/.config/discord/0.0.131/modules/pending/discord_spellcheck-1.zip: 23%
3/31/2026, 10:57:43 PM GMT+7 [Modules] Streaming discord_spellcheck@1 to /home/harry/.config/discord/0.0.131/modules/pending/discord_spellcheck-1.zip: 24%
3/31/2026, 10:57:43 PM GMT+7 [Modules] Streaming discord_spellcheck@1 to /home/harry/.config/discord/0.0.131/modules/pending/discord_spellcheck-1.zip: 25%
3/31/2026, 10:57:43 PM GMT+7 [Modules] Streaming discord_spellcheck@1 to /home/harry/.config/discord/0.0.131/modules/pending/discord_spellcheck-1.zip: 26%
3/31/2026, 10:57:43 PM GMT+7 [Modules] Streaming discord_spellcheck@1 to /home/harry/.config/discord/0.0.131/modules/pending/discord_spellcheck-1.zip: 27%
3/31/2026, 10:57:43 PM GMT+7 [Modules] Streaming discord_spellcheck@1 to /home/harry/.config/discord/0.0.131/modules/pending/discord_spellcheck-1.zip: 28%
3/31/2026, 10:57:43 PM GMT+7 [Modules] Streaming discord_spellcheck@1 to /home/harry/.config/discord/0.0.131/modules/pending/discord_spellcheck-1.zip: 29%
3/31/2026, 10:57:43 PM GMT+7 [Modules] Streaming discord_spellcheck@1 to /home/harry/.config/discord/0.0.131/modules/pending/discord_spellcheck-1.zip: 30%
3/31/2026, 10:57:43 PM GMT+7 [Modules] Streaming discord_spellcheck@1 to /home/harry/.config/discord/0.0.131/modules/pending/discord_spellcheck-1.zip: 31%
3/31/2026, 10:57:43 PM GMT+7 [Modules] Streaming discord_spellcheck@1 to /home/harry/.config/discord/0.0.131/modules/pending/discord_spellcheck-1.zip: 32%
3/31/2026, 10:57:43 PM GMT+7 [Modules] Streaming discord_spellcheck@1 to /home/harry/.config/discord/0.0.131/modules/pending/discord_spellcheck-1.zip: 33%
3/31/2026, 10:57:43 PM GMT+7 [Modules] Streaming discord_spellcheck@1 to /home/harry/.config/discord/0.0.131/modules/pending/discord_spellcheck-1.zip: 34%
3/31/2026, 10:57:43 PM GMT+7 [Modules] Streaming discord_spellcheck@1 to /home/harry/.config/discord/0.0.131/modules/pending/discord_spellcheck-1.zip: 35%
3/31/2026, 10:57:43 PM GMT+7 [Modules] Streaming discord_spellcheck@1 to /home/harry/.config/discord/0.0.131/modules/pending/discord_spellcheck-1.zip: 36%
3/31/2026, 10:57:43 PM GMT+7 [Modules] Streaming discord_spellcheck@1 to /home/harry/.config/discord/0.0.131/modules/pending/discord_spellcheck-1.zip: 37%
3/31/2026, 10:57:43 PM GMT+7 [Modules] Streaming discord_spellcheck@1 to /home/harry/.config/discord/0.0.131/modules/pending/discord_spellcheck-1.zip: 38%
3/31/2026, 10:57:43 PM GMT+7 [Modules] Streaming discord_spellcheck@1 to /home/harry/.config/discord/0.0.131/modules/pending/discord_spellcheck-1.zip: 39%
3/31/2026, 10:57:43 PM GMT+7 [Modules] Streaming discord_spellcheck@1 to /home/harry/.config/discord/0.0.131/modules/pending/discord_spellcheck-1.zip: 40%
3/31/2026, 10:57:43 PM GMT+7 [Modules] Streaming discord_spellcheck@1 to /home/harry/.config/discord/0.0.131/modules/pending/discord_spellcheck-1.zip: 41%
3/31/2026, 10:57:43 PM GMT+7 [Modules] Streaming discord_spellcheck@1 to /home/harry/.config/discord/0.0.131/modules/pending/discord_spellcheck-1.zip: 42%
3/31/2026, 10:57:44 PM GMT+7 [Modules] Streaming discord_spellcheck@1 to /home/harry/.config/discord/0.0.131/modules/pending/discord_spellcheck-1.zip: 43%
3/31/2026, 10:57:44 PM GMT+7 [Modules] Streaming discord_spellcheck@1 to /home/harry/.config/discord/0.0.131/modules/pending/discord_spellcheck-1.zip: 44%
3/31/2026, 10:57:44 PM GMT+7 [Modules] Streaming discord_spellcheck@1 to /home/harry/.config/discord/0.0.131/modules/pending/discord_spellcheck-1.zip: 45%
3/31/2026, 10:57:44 PM GMT+7 [Modules] Streaming discord_spellcheck@1 to /home/harry/.config/discord/0.0.131/modules/pending/discord_spellcheck-1.zip: 46%
3/31/2026, 10:57:44 PM GMT+7 [Modules] Streaming discord_spellcheck@1 to /home/harry/.config/discord/0.0.131/modules/pending/discord_spellcheck-1.zip: 47%
3/31/2026, 10:57:44 PM GMT+7 [Modules] Streaming discord_spellcheck@1 to /home/harry/.config/discord/0.0.131/modules/pending/discord_spellcheck-1.zip: 48%
3/31/2026, 10:57:44 PM GMT+7 [Modules] Streaming discord_spellcheck@1 to /home/harry/.config/discord/0.0.131/modules/pending/discord_spellcheck-1.zip: 49%
3/31/2026, 10:57:44 PM GMT+7 [Modules] Streaming discord_spellcheck@1 to /home/harry/.config/discord/0.0.131/modules/pending/discord_spellcheck-1.zip: 50%
3/31/2026, 10:57:44 PM GMT+7 [Modules] Streaming discord_spellcheck@1 to /home/harry/.config/discord/0.0.131/modules/pending/discord_spellcheck-1.zip: 51%
3/31/2026, 10:57:44 PM GMT+7 [Modules] Streaming discord_spellcheck@1 to /home/harry/.config/discord/0.0.131/modules/pending/discord_spellcheck-1.zip: 52%
3/31/2026, 10:57:44 PM GMT+7 [Modules] Streaming discord_spellcheck@1 to /home/harry/.config/discord/0.0.131/modules/pending/discord_spellcheck-1.zip: 53%
3/31/2026, 10:57:44 PM GMT+7 [Modules] Streaming discord_spellcheck@1 to /home/harry/.config/discord/0.0.131/modules/pending/discord_spellcheck-1.zip: 54%
3/31/2026, 10:57:44 PM GMT+7 [Modules] Streaming discord_spellcheck@1 to /home/harry/.config/discord/0.0.131/modules/pending/discord_spellcheck-1.zip: 55%
3/31/2026, 10:57:44 PM GMT+7 [Modules] Streaming discord_spellcheck@1 to /home/harry/.config/discord/0.0.131/modules/pending/discord_spellcheck-1.zip: 56%
3/31/2026, 10:57:44 PM GMT+7 [Modules] Streaming discord_spellcheck@1 to /home/harry/.config/discord/0.0.131/modules/pending/discord_spellcheck-1.zip: 57%
3/31/2026, 10:57:44 PM GMT+7 [Modules] Streaming discord_spellcheck@1 to /home/harry/.config/discord/0.0.131/modules/pending/discord_spellcheck-1.zip: 58%
3/31/2026, 10:57:44 PM GMT+7 [Modules] Streaming discord_spellcheck@1 to /home/harry/.config/discord/0.0.131/modules/pending/discord_spellcheck-1.zip: 59%
3/31/2026, 10:57:44 PM GMT+7 [Modules] Streaming discord_spellcheck@1 to /home/harry/.config/discord/0.0.131/modules/pending/discord_spellcheck-1.zip: 60%
3/31/2026, 10:57:44 PM GMT+7 [Modules] Streaming discord_spellcheck@1 to /home/harry/.config/discord/0.0.131/modules/pending/discord_spellcheck-1.zip: 61%
3/31/2026, 10:57:44 PM GMT+7 [Modules] Streaming discord_spellcheck@1 to /home/harry/.config/discord/0.0.131/modules/pending/discord_spellcheck-1.zip: 62%
3/31/2026, 10:57:44 PM GMT+7 [Modules] Streaming discord_spellcheck@1 to /home/harry/.config/discord/0.0.131/modules/pending/discord_spellcheck-1.zip: 63%
3/31/2026, 10:57:44 PM GMT+7 [Modules] Streaming discord_spellcheck@1 to /home/harry/.config/discord/0.0.131/modules/pending/discord_spellcheck-1.zip: 64%
3/31/2026, 10:57:44 PM GMT+7 [Modules] Streaming discord_spellcheck@1 to /home/harry/.config/discord/0.0.131/modules/pending/discord_spellcheck-1.zip: 65%
3/31/2026, 10:57:44 PM GMT+7 [Modules] Streaming discord_spellcheck@1 to /home/harry/.config/discord/0.0.131/modules/pending/discord_spellcheck-1.zip: 66%
3/31/2026, 10:57:44 PM GMT+7 [Modules] Streaming discord_spellcheck@1 to /home/harry/.config/discord/0.0.131/modules/pending/discord_spellcheck-1.zip: 67%
3/31/2026, 10:57:44 PM GMT+7 [Modules] Streaming discord_spellcheck@1 to /home/harry/.config/discord/0.0.131/modules/pending/discord_spellcheck-1.zip: 68%
3/31/2026, 10:57:44 PM GMT+7 [Modules] Streaming discord_spellcheck@1 to /home/harry/.config/discord/0.0.131/modules/pending/discord_spellcheck-1.zip: 69%
3/31/2026, 10:57:44 PM GMT+7 [Modules] Streaming discord_spellcheck@1 to /home/harry/.config/discord/0.0.131/modules/pending/discord_spellcheck-1.zip: 70%
3/31/2026, 10:57:44 PM GMT+7 [Modules] Streaming discord_spellcheck@1 to /home/harry/.config/discord/0.0.131/modules/pending/discord_spellcheck-1.zip: 71%
3/31/2026, 10:57:44 PM GMT+7 [Modules] Streaming discord_spellcheck@1 to /home/harry/.config/discord/0.0.131/modules/pending/discord_spellcheck-1.zip: 72%
3/31/2026, 10:57:44 PM GMT+7 [Modules] Streaming discord_spellcheck@1 to /home/harry/.config/discord/0.0.131/modules/pending/discord_spellcheck-1.zip: 73%
3/31/2026, 10:57:44 PM GMT+7 [Modules] Streaming discord_spellcheck@1 to /home/harry/.config/discord/0.0.131/modules/pending/discord_spellcheck-1.zip: 74%
3/31/2026, 10:57:44 PM GMT+7 [Modules] Streaming discord_spellcheck@1 to /home/harry/.config/discord/0.0.131/modules/pending/discord_spellcheck-1.zip: 75%
3/31/2026, 10:57:44 PM GMT+7 [Modules] Streaming discord_spellcheck@1 to /home/harry/.config/discord/0.0.131/modules/pending/discord_spellcheck-1.zip: 76%
3/31/2026, 10:57:44 PM GMT+7 [Modules] Streaming discord_spellcheck@1 to /home/harry/.config/discord/0.0.131/modules/pending/discord_spellcheck-1.zip: 77%
3/31/2026, 10:57:44 PM GMT+7 [Modules] Streaming discord_spellcheck@1 to /home/harry/.config/discord/0.0.131/modules/pending/discord_spellcheck-1.zip: 78%
3/31/2026, 10:57:44 PM GMT+7 [Modules] Streaming discord_spellcheck@1 to /home/harry/.config/discord/0.0.131/modules/pending/discord_spellcheck-1.zip: 79%
3/31/2026, 10:57:44 PM GMT+7 [Modules] Streaming discord_spellcheck@1 to /home/harry/.config/discord/0.0.131/modules/pending/discord_spellcheck-1.zip: 80%
3/31/2026, 10:57:44 PM GMT+7 [Modules] Streaming discord_spellcheck@1 to /home/harry/.config/discord/0.0.131/modules/pending/discord_spellcheck-1.zip: 81%
3/31/2026, 10:57:44 PM GMT+7 [Modules] Streaming discord_spellcheck@1 to /home/harry/.config/discord/0.0.131/modules/pending/discord_spellcheck-1.zip: 82%
3/31/2026, 10:57:44 PM GMT+7 [Modules] Streaming discord_spellcheck@1 to /home/harry/.config/discord/0.0.131/modules/pending/discord_spellcheck-1.zip: 83%
3/31/2026, 10:57:44 PM GMT+7 [Modules] Streaming discord_spellcheck@1 to /home/harry/.config/discord/0.0.131/modules/pending/discord_spellcheck-1.zip: 84%
3/31/2026, 10:57:44 PM GMT+7 [Modules] Streaming discord_spellcheck@1 to /home/harry/.config/discord/0.0.131/modules/pending/discord_spellcheck-1.zip: 85%
3/31/2026, 10:57:44 PM GMT+7 [Modules] Streaming discord_spellcheck@1 to /home/harry/.config/discord/0.0.131/modules/pending/discord_spellcheck-1.zip: 86%
3/31/2026, 10:57:44 PM GMT+7 [Modules] Streaming discord_spellcheck@1 to /home/harry/.config/discord/0.0.131/modules/pending/discord_spellcheck-1.zip: 87%
3/31/2026, 10:57:44 PM GMT+7 [Modules] Streaming discord_spellcheck@1 to /home/harry/.config/discord/0.0.131/modules/pending/discord_spellcheck-1.zip: 88%
3/31/2026, 10:57:44 PM GMT+7 [Modules] Streaming discord_spellcheck@1 to /home/harry/.config/discord/0.0.131/modules/pending/discord_spellcheck-1.zip: 89%
3/31/2026, 10:57:44 PM GMT+7 [Modules] Streaming discord_spellcheck@1 to /home/harry/.config/discord/0.0.131/modules/pending/discord_spellcheck-1.zip: 90%
3/31/2026, 10:57:44 PM GMT+7 [Modules] Streaming discord_spellcheck@1 to /home/harry/.config/discord/0.0.131/modules/pending/discord_spellcheck-1.zip: 91%
3/31/2026, 10:57:44 PM GMT+7 [Modules] Streaming discord_spellcheck@1 to /home/harry/.config/discord/0.0.131/modules/pending/discord_spellcheck-1.zip: 92%
3/31/2026, 10:57:44 PM GMT+7 [Modules] Streaming discord_spellcheck@1 to /home/harry/.config/discord/0.0.131/modules/pending/discord_spellcheck-1.zip: 93%
3/31/2026, 10:57:44 PM GMT+7 [Modules] Streaming discord_spellcheck@1 to /home/harry/.config/discord/0.0.131/modules/pending/discord_spellcheck-1.zip: 94%
3/31/2026, 10:57:44 PM GMT+7 [Modules] Streaming discord_spellcheck@1 to /home/harry/.config/discord/0.0.131/modules/pending/discord_spellcheck-1.zip: 95%
3/31/2026, 10:57:44 PM GMT+7 [Modules] Streaming discord_spellcheck@1 to /home/harry/.config/discord/0.0.131/modules/pending/discord_spellcheck-1.zip: 96%
3/31/2026, 10:57:44 PM GMT+7 [Modules] Streaming discord_spellcheck@1 to /home/harry/.config/discord/0.0.131/modules/pending/discord_spellcheck-1.zip: 97%
3/31/2026, 10:57:44 PM GMT+7 [Modules] Streaming discord_spellcheck@1 to /home/harry/.config/discord/0.0.131/modules/pending/discord_spellcheck-1.zip: 98%
3/31/2026, 10:57:44 PM GMT+7 [Modules] Streaming discord_spellcheck@1 to /home/harry/.config/discord/0.0.131/modules/pending/discord_spellcheck-1.zip: 99%
3/31/2026, 10:57:44 PM GMT+7 [Modules] Streaming discord_spellcheck@1 to /home/harry/.config/discord/0.0.131/modules/pending/discord_spellcheck-1.zip: 100%
3/31/2026, 10:57:44 PM GMT+7 [Modules] Fetching discord_utils@1 from https://discord.com/api/modules/stable/discord_utils/1
3/31/2026, 10:57:44 PM GMT+7 [Modules] Streaming discord_utils@1 to /home/harry/.config/discord/0.0.131/modules/pending/discord_utils-1.zip
3/31/2026, 10:57:45 PM GMT+7 [Modules] Streaming discord_utils@1 to /home/harry/.config/discord/0.0.131/modules/pending/discord_utils-1.zip: 1%
3/31/2026, 10:57:45 PM GMT+7 [Modules] Streaming discord_utils@1 to /home/harry/.config/discord/0.0.131/modules/pending/discord_utils-1.zip: 2%
3/31/2026, 10:57:45 PM GMT+7 [Modules] Streaming discord_utils@1 to /home/harry/.config/discord/0.0.131/modules/pending/discord_utils-1.zip: 3%
3/31/2026, 10:57:45 PM GMT+7 [Modules] Streaming discord_utils@1 to /home/harry/.config/discord/0.0.131/modules/pending/discord_utils-1.zip: 4%
3/31/2026, 10:57:45 PM GMT+7 [Modules] Streaming discord_utils@1 to /home/harry/.config/discord/0.0.131/modules/pending/discord_utils-1.zip: 5%
3/31/2026, 10:57:45 PM GMT+7 [Modules] Streaming discord_utils@1 to /home/harry/.config/discord/0.0.131/modules/pending/discord_utils-1.zip: 6%
3/31/2026, 10:57:45 PM GMT+7 [Modules] Streaming discord_utils@1 to /home/harry/.config/discord/0.0.131/modules/pending/discord_utils-1.zip: 7%
3/31/2026, 10:57:45 PM GMT+7 [Modules] Streaming discord_utils@1 to /home/harry/.config/discord/0.0.131/modules/pending/discord_utils-1.zip: 8%
3/31/2026, 10:57:45 PM GMT+7 [Modules] Streaming discord_utils@1 to /home/harry/.config/discord/0.0.131/modules/pending/discord_utils-1.zip: 9%
3/31/2026, 10:57:45 PM GMT+7 [Modules] Streaming discord_utils@1 to /home/harry/.config/discord/0.0.131/modules/pending/discord_utils-1.zip: 10%
3/31/2026, 10:57:45 PM GMT+7 [Modules] Streaming discord_utils@1 to /home/harry/.config/discord/0.0.131/modules/pending/discord_utils-1.zip: 11%
3/31/2026, 10:57:45 PM GMT+7 [Modules] Streaming discord_utils@1 to /home/harry/.config/discord/0.0.131/modules/pending/discord_utils-1.zip: 12%
3/31/2026, 10:57:45 PM GMT+7 [Modules] Streaming discord_utils@1 to /home/harry/.config/discord/0.0.131/modules/pending/discord_utils-1.zip: 13%
3/31/2026, 10:57:45 PM GMT+7 [Modules] Streaming discord_utils@1 to /home/harry/.config/discord/0.0.131/modules/pending/discord_utils-1.zip: 14%
3/31/2026, 10:57:45 PM GMT+7 [Modules] Streaming discord_utils@1 to /home/harry/.config/discord/0.0.131/modules/pending/discord_utils-1.zip: 15%
3/31/2026, 10:57:45 PM GMT+7 [Modules] Streaming discord_utils@1 to /home/harry/.config/discord/0.0.131/modules/pending/discord_utils-1.zip: 16%
3/31/2026, 10:57:45 PM GMT+7 [Modules] Streaming discord_utils@1 to /home/harry/.config/discord/0.0.131/modules/pending/discord_utils-1.zip: 17%
3/31/2026, 10:57:45 PM GMT+7 [Modules] Streaming discord_utils@1 to /home/harry/.config/discord/0.0.131/modules/pending/discord_utils-1.zip: 18%
3/31/2026, 10:57:45 PM GMT+7 [Modules] Streaming discord_utils@1 to /home/harry/.config/discord/0.0.131/modules/pending/discord_utils-1.zip: 19%
3/31/2026, 10:57:45 PM GMT+7 [Modules] Streaming discord_utils@1 to /home/harry/.config/discord/0.0.131/modules/pending/discord_utils-1.zip: 20%
3/31/2026, 10:57:45 PM GMT+7 [Modules] Streaming discord_utils@1 to /home/harry/.config/discord/0.0.131/modules/pending/discord_utils-1.zip: 21%
3/31/2026, 10:57:45 PM GMT+7 [Modules] Streaming discord_utils@1 to /home/harry/.config/discord/0.0.131/modules/pending/discord_utils-1.zip: 22%
3/31/2026, 10:57:45 PM GMT+7 [Modules] Streaming discord_utils@1 to /home/harry/.config/discord/0.0.131/modules/pending/discord_utils-1.zip: 23%
3/31/2026, 10:57:45 PM GMT+7 [Modules] Streaming discord_utils@1 to /home/harry/.config/discord/0.0.131/modules/pending/discord_utils-1.zip: 24%
3/31/2026, 10:57:45 PM GMT+7 [Modules] Streaming discord_utils@1 to /home/harry/.config/discord/0.0.131/modules/pending/discord_utils-1.zip: 25%
3/31/2026, 10:57:45 PM GMT+7 [Modules] Streaming discord_utils@1 to /home/harry/.config/discord/0.0.131/modules/pending/discord_utils-1.zip: 26%
3/31/2026, 10:57:45 PM GMT+7 [Modules] Streaming discord_utils@1 to /home/harry/.config/discord/0.0.131/modules/pending/discord_utils-1.zip: 27%
3/31/2026, 10:57:45 PM GMT+7 [Modules] Streaming discord_utils@1 to /home/harry/.config/discord/0.0.131/modules/pending/discord_utils-1.zip: 28%
3/31/2026, 10:57:45 PM GMT+7 [Modules] Streaming discord_utils@1 to /home/harry/.config/discord/0.0.131/modules/pending/discord_utils-1.zip: 29%
3/31/2026, 10:57:45 PM GMT+7 [Modules] Streaming discord_utils@1 to /home/harry/.config/discord/0.0.131/modules/pending/discord_utils-1.zip: 30%
3/31/2026, 10:57:45 PM GMT+7 [Modules] Streaming discord_utils@1 to /home/harry/.config/discord/0.0.131/modules/pending/discord_utils-1.zip: 31%
3/31/2026, 10:57:45 PM GMT+7 [Modules] Streaming discord_utils@1 to /home/harry/.config/discord/0.0.131/modules/pending/discord_utils-1.zip: 32%
3/31/2026, 10:57:45 PM GMT+7 [Modules] Streaming discord_utils@1 to /home/harry/.config/discord/0.0.131/modules/pending/discord_utils-1.zip: 33%
3/31/2026, 10:57:45 PM GMT+7 [Modules] Streaming discord_utils@1 to /home/harry/.config/discord/0.0.131/modules/pending/discord_utils-1.zip: 34%
3/31/2026, 10:57:45 PM GMT+7 [Modules] Streaming discord_utils@1 to /home/harry/.config/discord/0.0.131/modules/pending/discord_utils-1.zip: 35%
3/31/2026, 10:57:45 PM GMT+7 [Modules] Streaming discord_utils@1 to /home/harry/.config/discord/0.0.131/modules/pending/discord_utils-1.zip: 36%
3/31/2026, 10:57:45 PM GMT+7 [Modules] Streaming discord_utils@1 to /home/harry/.config/discord/0.0.131/modules/pending/discord_utils-1.zip: 37%
3/31/2026, 10:57:45 PM GMT+7 [Modules] Streaming discord_utils@1 to /home/harry/.config/discord/0.0.131/modules/pending/discord_utils-1.zip: 38%
3/31/2026, 10:57:45 PM GMT+7 [Modules] Streaming discord_utils@1 to /home/harry/.config/discord/0.0.131/modules/pending/discord_utils-1.zip: 39%
3/31/2026, 10:57:45 PM GMT+7 [Modules] Streaming discord_utils@1 to /home/harry/.config/discord/0.0.131/modules/pending/discord_utils-1.zip: 40%
3/31/2026, 10:57:45 PM GMT+7 [Modules] Streaming discord_utils@1 to /home/harry/.config/discord/0.0.131/modules/pending/discord_utils-1.zip: 41%
3/31/2026, 10:57:45 PM GMT+7 [Modules] Streaming discord_utils@1 to /home/harry/.config/discord/0.0.131/modules/pending/discord_utils-1.zip: 42%
3/31/2026, 10:57:45 PM GMT+7 [Modules] Streaming discord_utils@1 to /home/harry/.config/discord/0.0.131/modules/pending/discord_utils-1.zip: 43%
3/31/2026, 10:57:45 PM GMT+7 [Modules] Streaming discord_utils@1 to /home/harry/.config/discord/0.0.131/modules/pending/discord_utils-1.zip: 44%
3/31/2026, 10:57:45 PM GMT+7 [Modules] Streaming discord_utils@1 to /home/harry/.config/discord/0.0.131/modules/pending/discord_utils-1.zip: 45%
3/31/2026, 10:57:45 PM GMT+7 [Modules] Streaming discord_utils@1 to /home/harry/.config/discord/0.0.131/modules/pending/discord_utils-1.zip: 46%
3/31/2026, 10:57:45 PM GMT+7 [Modules] Streaming discord_utils@1 to /home/harry/.config/discord/0.0.131/modules/pending/discord_utils-1.zip: 47%
3/31/2026, 10:57:45 PM GMT+7 [Modules] Streaming discord_utils@1 to /home/harry/.config/discord/0.0.131/modules/pending/discord_utils-1.zip: 48%
3/31/2026, 10:57:45 PM GMT+7 [Modules] Streaming discord_utils@1 to /home/harry/.config/discord/0.0.131/modules/pending/discord_utils-1.zip: 49%
3/31/2026, 10:57:45 PM GMT+7 [Modules] Streaming discord_utils@1 to /home/harry/.config/discord/0.0.131/modules/pending/discord_utils-1.zip: 50%
3/31/2026, 10:57:45 PM GMT+7 [Modules] Streaming discord_utils@1 to /home/harry/.config/discord/0.0.131/modules/pending/discord_utils-1.zip: 51%
3/31/2026, 10:57:45 PM GMT+7 [Modules] Streaming discord_utils@1 to /home/harry/.config/discord/0.0.131/modules/pending/discord_utils-1.zip: 52%
3/31/2026, 10:57:45 PM GMT+7 [Modules] Streaming discord_utils@1 to /home/harry/.config/discord/0.0.131/modules/pending/discord_utils-1.zip: 53%
3/31/2026, 10:57:45 PM GMT+7 [Modules] Streaming discord_utils@1 to /home/harry/.config/discord/0.0.131/modules/pending/discord_utils-1.zip: 54%
3/31/2026, 10:57:45 PM GMT+7 [Modules] Streaming discord_utils@1 to /home/harry/.config/discord/0.0.131/modules/pending/discord_utils-1.zip: 55%
3/31/2026, 10:57:45 PM GMT+7 [Modules] Streaming discord_utils@1 to /home/harry/.config/discord/0.0.131/modules/pending/discord_utils-1.zip: 56%
3/31/2026, 10:57:45 PM GMT+7 [Modules] Streaming discord_utils@1 to /home/harry/.config/discord/0.0.131/modules/pending/discord_utils-1.zip: 57%
3/31/2026, 10:57:45 PM GMT+7 [Modules] Streaming discord_utils@1 to /home/harry/.config/discord/0.0.131/modules/pending/discord_utils-1.zip: 58%
3/31/2026, 10:57:45 PM GMT+7 [Modules] Streaming discord_utils@1 to /home/harry/.config/discord/0.0.131/modules/pending/discord_utils-1.zip: 59%
3/31/2026, 10:57:45 PM GMT+7 [Modules] Streaming discord_utils@1 to /home/harry/.config/discord/0.0.131/modules/pending/discord_utils-1.zip: 60%
3/31/2026, 10:57:45 PM GMT+7 [Modules] Streaming discord_utils@1 to /home/harry/.config/discord/0.0.131/modules/pending/discord_utils-1.zip: 61%
3/31/2026, 10:57:45 PM GMT+7 [Modules] Streaming discord_utils@1 to /home/harry/.config/discord/0.0.131/modules/pending/discord_utils-1.zip: 62%
3/31/2026, 10:57:45 PM GMT+7 [Modules] Streaming discord_utils@1 to /home/harry/.config/discord/0.0.131/modules/pending/discord_utils-1.zip: 63%
3/31/2026, 10:57:45 PM GMT+7 [Modules] Streaming discord_utils@1 to /home/harry/.config/discord/0.0.131/modules/pending/discord_utils-1.zip: 64%
3/31/2026, 10:57:45 PM GMT+7 [Modules] Streaming discord_utils@1 to /home/harry/.config/discord/0.0.131/modules/pending/discord_utils-1.zip: 65%
3/31/2026, 10:57:45 PM GMT+7 [Modules] Streaming discord_utils@1 to /home/harry/.config/discord/0.0.131/modules/pending/discord_utils-1.zip: 66%
3/31/2026, 10:57:45 PM GMT+7 [Modules] Streaming discord_utils@1 to /home/harry/.config/discord/0.0.131/modules/pending/discord_utils-1.zip: 67%
3/31/2026, 10:57:45 PM GMT+7 [Modules] Streaming discord_utils@1 to /home/harry/.config/discord/0.0.131/modules/pending/discord_utils-1.zip: 68%
3/31/2026, 10:57:45 PM GMT+7 [Modules] Streaming discord_utils@1 to /home/harry/.config/discord/0.0.131/modules/pending/discord_utils-1.zip: 69%
3/31/2026, 10:57:45 PM GMT+7 [Modules] Streaming discord_utils@1 to /home/harry/.config/discord/0.0.131/modules/pending/discord_utils-1.zip: 70%
3/31/2026, 10:57:45 PM GMT+7 [Modules] Streaming discord_utils@1 to /home/harry/.config/discord/0.0.131/modules/pending/discord_utils-1.zip: 71%
3/31/2026, 10:57:45 PM GMT+7 [Modules] Streaming discord_utils@1 to /home/harry/.config/discord/0.0.131/modules/pending/discord_utils-1.zip: 72%
3/31/2026, 10:57:45 PM GMT+7 [Modules] Streaming discord_utils@1 to /home/harry/.config/discord/0.0.131/modules/pending/discord_utils-1.zip: 73%
3/31/2026, 10:57:45 PM GMT+7 [Modules] Streaming discord_utils@1 to /home/harry/.config/discord/0.0.131/modules/pending/discord_utils-1.zip: 74%
3/31/2026, 10:57:45 PM GMT+7 [Modules] Streaming discord_utils@1 to /home/harry/.config/discord/0.0.131/modules/pending/discord_utils-1.zip: 75%
3/31/2026, 10:57:45 PM GMT+7 [Modules] Streaming discord_utils@1 to /home/harry/.config/discord/0.0.131/modules/pending/discord_utils-1.zip: 76%
3/31/2026, 10:57:45 PM GMT+7 [Modules] Streaming discord_utils@1 to /home/harry/.config/discord/0.0.131/modules/pending/discord_utils-1.zip: 77%
3/31/2026, 10:57:45 PM GMT+7 [Modules] Streaming discord_utils@1 to /home/harry/.config/discord/0.0.131/modules/pending/discord_utils-1.zip: 78%
3/31/2026, 10:57:45 PM GMT+7 [Modules] Streaming discord_utils@1 to /home/harry/.config/discord/0.0.131/modules/pending/discord_utils-1.zip: 79%
3/31/2026, 10:57:45 PM GMT+7 [Modules] Streaming discord_utils@1 to /home/harry/.config/discord/0.0.131/modules/pending/discord_utils-1.zip: 80%
3/31/2026, 10:57:45 PM GMT+7 [Modules] Streaming discord_utils@1 to /home/harry/.config/discord/0.0.131/modules/pending/discord_utils-1.zip: 81%
3/31/2026, 10:57:45 PM GMT+7 [Modules] Streaming discord_utils@1 to /home/harry/.config/discord/0.0.131/modules/pending/discord_utils-1.zip: 82%
3/31/2026, 10:57:45 PM GMT+7 [Modules] Streaming discord_utils@1 to /home/harry/.config/discord/0.0.131/modules/pending/discord_utils-1.zip: 83%
3/31/2026, 10:57:45 PM GMT+7 [Modules] Streaming discord_utils@1 to /home/harry/.config/discord/0.0.131/modules/pending/discord_utils-1.zip: 84%
3/31/2026, 10:57:45 PM GMT+7 [Modules] Streaming discord_utils@1 to /home/harry/.config/discord/0.0.131/modules/pending/discord_utils-1.zip: 85%
3/31/2026, 10:57:45 PM GMT+7 [Modules] Streaming discord_utils@1 to /home/harry/.config/discord/0.0.131/modules/pending/discord_utils-1.zip: 86%
3/31/2026, 10:57:45 PM GMT+7 [Modules] Streaming discord_utils@1 to /home/harry/.config/discord/0.0.131/modules/pending/discord_utils-1.zip: 87%
3/31/2026, 10:57:45 PM GMT+7 [Modules] Streaming discord_utils@1 to /home/harry/.config/discord/0.0.131/modules/pending/discord_utils-1.zip: 88%
3/31/2026, 10:57:45 PM GMT+7 [Modules] Streaming discord_utils@1 to /home/harry/.config/discord/0.0.131/modules/pending/discord_utils-1.zip: 89%
3/31/2026, 10:57:45 PM GMT+7 [Modules] Streaming discord_utils@1 to /home/harry/.config/discord/0.0.131/modules/pending/discord_utils-1.zip: 90%
3/31/2026, 10:57:45 PM GMT+7 [Modules] Streaming discord_utils@1 to /home/harry/.config/discord/0.0.131/modules/pending/discord_utils-1.zip: 91%
3/31/2026, 10:57:45 PM GMT+7 [Modules] Streaming discord_utils@1 to /home/harry/.config/discord/0.0.131/modules/pending/discord_utils-1.zip: 92%
3/31/2026, 10:57:45 PM GMT+7 [Modules] Streaming discord_utils@1 to /home/harry/.config/discord/0.0.131/modules/pending/discord_utils-1.zip: 93%
3/31/2026, 10:57:45 PM GMT+7 [Modules] Streaming discord_utils@1 to /home/harry/.config/discord/0.0.131/modules/pending/discord_utils-1.zip: 94%
3/31/2026, 10:57:45 PM GMT+7 [Modules] Streaming discord_utils@1 to /home/harry/.config/discord/0.0.131/modules/pending/discord_utils-1.zip: 95%
3/31/2026, 10:57:45 PM GMT+7 [Modules] Streaming discord_utils@1 to /home/harry/.config/discord/0.0.131/modules/pending/discord_utils-1.zip: 96%
3/31/2026, 10:57:45 PM GMT+7 [Modules] Streaming discord_utils@1 to /home/harry/.config/discord/0.0.131/modules/pending/discord_utils-1.zip: 97%
3/31/2026, 10:57:45 PM GMT+7 [Modules] Streaming discord_utils@1 to /home/harry/.config/discord/0.0.131/modules/pending/discord_utils-1.zip: 98%
3/31/2026, 10:57:45 PM GMT+7 [Modules] Streaming discord_utils@1 to /home/harry/.config/discord/0.0.131/modules/pending/discord_utils-1.zip: 99%
3/31/2026, 10:57:45 PM GMT+7 [Modules] Streaming discord_utils@1 to /home/harry/.config/discord/0.0.131/modules/pending/discord_utils-1.zip: 100%
3/31/2026, 10:57:45 PM GMT+7 [Modules] Fetching discord_voice@1 from https://discord.com/api/modules/stable/discord_voice/1
3/31/2026, 10:57:45 PM GMT+7 [Modules] Streaming discord_voice@1 to /home/harry/.config/discord/0.0.131/modules/pending/discord_voice-1.zip
3/31/2026, 10:57:45 PM GMT+7 [Modules] Streaming discord_voice@1 to /home/harry/.config/discord/0.0.131/modules/pending/discord_voice-1.zip: 1%
3/31/2026, 10:57:45 PM GMT+7 [Modules] Streaming discord_voice@1 to /home/harry/.config/discord/0.0.131/modules/pending/discord_voice-1.zip: 2%
3/31/2026, 10:57:46 PM GMT+7 [Modules] Streaming discord_voice@1 to /home/harry/.config/discord/0.0.131/modules/pending/discord_voice-1.zip: 3%
3/31/2026, 10:57:46 PM GMT+7 [Modules] Streaming discord_voice@1 to /home/harry/.config/discord/0.0.131/modules/pending/discord_voice-1.zip: 4%
3/31/2026, 10:57:46 PM GMT+7 [Modules] Streaming discord_voice@1 to /home/harry/.config/discord/0.0.131/modules/pending/discord_voice-1.zip: 5%
3/31/2026, 10:57:46 PM GMT+7 [Modules] Streaming discord_voice@1 to /home/harry/.config/discord/0.0.131/modules/pending/discord_voice-1.zip: 6%
3/31/2026, 10:57:46 PM GMT+7 [Modules] Streaming discord_voice@1 to /home/harry/.config/discord/0.0.131/modules/pending/discord_voice-1.zip: 7%
3/31/2026, 10:57:46 PM GMT+7 [Modules] Streaming discord_voice@1 to /home/harry/.config/discord/0.0.131/modules/pending/discord_voice-1.zip: 8%
3/31/2026, 10:57:46 PM GMT+7 [Modules] Streaming discord_voice@1 to /home/harry/.config/discord/0.0.131/modules/pending/discord_voice-1.zip: 9%
3/31/2026, 10:57:46 PM GMT+7 [Modules] Streaming discord_voice@1 to /home/harry/.config/discord/0.0.131/modules/pending/discord_voice-1.zip: 10%
3/31/2026, 10:57:46 PM GMT+7 [Modules] Streaming discord_voice@1 to /home/harry/.config/discord/0.0.131/modules/pending/discord_voice-1.zip: 11%
3/31/2026, 10:57:46 PM GMT+7 [Modules] Streaming discord_voice@1 to /home/harry/.config/discord/0.0.131/modules/pending/discord_voice-1.zip: 12%
3/31/2026, 10:57:46 PM GMT+7 [Modules] Streaming discord_voice@1 to /home/harry/.config/discord/0.0.131/modules/pending/discord_voice-1.zip: 13%
3/31/2026, 10:57:46 PM GMT+7 [Modules] Streaming discord_voice@1 to /home/harry/.config/discord/0.0.131/modules/pending/discord_voice-1.zip: 14%
3/31/2026, 10:57:46 PM GMT+7 [Modules] Streaming discord_voice@1 to /home/harry/.config/discord/0.0.131/modules/pending/discord_voice-1.zip: 15%
3/31/2026, 10:57:46 PM GMT+7 [Modules] Streaming discord_voice@1 to /home/harry/.config/discord/0.0.131/modules/pending/discord_voice-1.zip: 16%
3/31/2026, 10:57:46 PM GMT+7 [Modules] Streaming discord_voice@1 to /home/harry/.config/discord/0.0.131/modules/pending/discord_voice-1.zip: 17%
3/31/2026, 10:57:46 PM GMT+7 [Modules] Streaming discord_voice@1 to /home/harry/.config/discord/0.0.131/modules/pending/discord_voice-1.zip: 18%
3/31/2026, 10:57:46 PM GMT+7 [Modules] Streaming discord_voice@1 to /home/harry/.config/discord/0.0.131/modules/pending/discord_voice-1.zip: 19%
3/31/2026, 10:57:46 PM GMT+7 [Modules] Streaming discord_voice@1 to /home/harry/.config/discord/0.0.131/modules/pending/discord_voice-1.zip: 20%
3/31/2026, 10:57:46 PM GMT+7 [Modules] Streaming discord_voice@1 to /home/harry/.config/discord/0.0.131/modules/pending/discord_voice-1.zip: 21%
3/31/2026, 10:57:46 PM GMT+7 [Modules] Streaming discord_voice@1 to /home/harry/.config/discord/0.0.131/modules/pending/discord_voice-1.zip: 22%
3/31/2026, 10:57:46 PM GMT+7 [Modules] Streaming discord_voice@1 to /home/harry/.config/discord/0.0.131/modules/pending/discord_voice-1.zip: 23%
3/31/2026, 10:57:46 PM GMT+7 [Modules] Streaming discord_voice@1 to /home/harry/.config/discord/0.0.131/modules/pending/discord_voice-1.zip: 24%
3/31/2026, 10:57:46 PM GMT+7 [Modules] Streaming discord_voice@1 to /home/harry/.config/discord/0.0.131/modules/pending/discord_voice-1.zip: 25%
3/31/2026, 10:57:46 PM GMT+7 [Modules] Streaming discord_voice@1 to /home/harry/.config/discord/0.0.131/modules/pending/discord_voice-1.zip: 26%
3/31/2026, 10:57:46 PM GMT+7 [Modules] Streaming discord_voice@1 to /home/harry/.config/discord/0.0.131/modules/pending/discord_voice-1.zip: 27%
3/31/2026, 10:57:46 PM GMT+7 [Modules] Streaming discord_voice@1 to /home/harry/.config/discord/0.0.131/modules/pending/discord_voice-1.zip: 28%
3/31/2026, 10:57:46 PM GMT+7 [Modules] Streaming discord_voice@1 to /home/harry/.config/discord/0.0.131/modules/pending/discord_voice-1.zip: 29%
3/31/2026, 10:57:46 PM GMT+7 [Modules] Streaming discord_voice@1 to /home/harry/.config/discord/0.0.131/modules/pending/discord_voice-1.zip: 30%
3/31/2026, 10:57:46 PM GMT+7 [Modules] Streaming discord_voice@1 to /home/harry/.config/discord/0.0.131/modules/pending/discord_voice-1.zip: 31%
3/31/2026, 10:57:47 PM GMT+7 [Modules] Streaming discord_voice@1 to /home/harry/.config/discord/0.0.131/modules/pending/discord_voice-1.zip: 32%
3/31/2026, 10:57:47 PM GMT+7 [Modules] Streaming discord_voice@1 to /home/harry/.config/discord/0.0.131/modules/pending/discord_voice-1.zip: 33%
3/31/2026, 10:57:47 PM GMT+7 [Modules] Streaming discord_voice@1 to /home/harry/.config/discord/0.0.131/modules/pending/discord_voice-1.zip: 34%
3/31/2026, 10:57:47 PM GMT+7 [Modules] Streaming discord_voice@1 to /home/harry/.config/discord/0.0.131/modules/pending/discord_voice-1.zip: 35%
3/31/2026, 10:57:47 PM GMT+7 [Modules] Streaming discord_voice@1 to /home/harry/.config/discord/0.0.131/modules/pending/discord_voice-1.zip: 36%
3/31/2026, 10:57:47 PM GMT+7 [Modules] Streaming discord_voice@1 to /home/harry/.config/discord/0.0.131/modules/pending/discord_voice-1.zip: 37%
3/31/2026, 10:57:47 PM GMT+7 [Modules] Streaming discord_voice@1 to /home/harry/.config/discord/0.0.131/modules/pending/discord_voice-1.zip: 38%
3/31/2026, 10:57:47 PM GMT+7 [Modules] Streaming discord_voice@1 to /home/harry/.config/discord/0.0.131/modules/pending/discord_voice-1.zip: 39%
3/31/2026, 10:57:47 PM GMT+7 [Modules] Streaming discord_voice@1 to /home/harry/.config/discord/0.0.131/modules/pending/discord_voice-1.zip: 40%
3/31/2026, 10:57:47 PM GMT+7 [Modules] Streaming discord_voice@1 to /home/harry/.config/discord/0.0.131/modules/pending/discord_voice-1.zip: 41%
3/31/2026, 10:57:47 PM GMT+7 [Modules] Streaming discord_voice@1 to /home/harry/.config/discord/0.0.131/modules/pending/discord_voice-1.zip: 42%
3/31/2026, 10:57:47 PM GMT+7 [Modules] Streaming discord_voice@1 to /home/harry/.config/discord/0.0.131/modules/pending/discord_voice-1.zip: 43%
3/31/2026, 10:57:47 PM GMT+7 [Modules] Streaming discord_voice@1 to /home/harry/.config/discord/0.0.131/modules/pending/discord_voice-1.zip: 44%
3/31/2026, 10:57:47 PM GMT+7 [Modules] Streaming discord_voice@1 to /home/harry/.config/discord/0.0.131/modules/pending/discord_voice-1.zip: 45%
3/31/2026, 10:57:47 PM GMT+7 [Modules] Streaming discord_voice@1 to /home/harry/.config/discord/0.0.131/modules/pending/discord_voice-1.zip: 46%
3/31/2026, 10:57:47 PM GMT+7 [Modules] Streaming discord_voice@1 to /home/harry/.config/discord/0.0.131/modules/pending/discord_voice-1.zip: 47%
3/31/2026, 10:57:47 PM GMT+7 [Modules] Streaming discord_voice@1 to /home/harry/.config/discord/0.0.131/modules/pending/discord_voice-1.zip: 48%
3/31/2026, 10:57:47 PM GMT+7 [Modules] Streaming discord_voice@1 to /home/harry/.config/discord/0.0.131/modules/pending/discord_voice-1.zip: 49%
3/31/2026, 10:57:47 PM GMT+7 [Modules] Streaming discord_voice@1 to /home/harry/.config/discord/0.0.131/modules/pending/discord_voice-1.zip: 50%
3/31/2026, 10:57:47 PM GMT+7 [Modules] Streaming discord_voice@1 to /home/harry/.config/discord/0.0.131/modules/pending/discord_voice-1.zip: 51%
3/31/2026, 10:57:47 PM GMT+7 [Modules] Streaming discord_voice@1 to /home/harry/.config/discord/0.0.131/modules/pending/discord_voice-1.zip: 52%
3/31/2026, 10:57:47 PM GMT+7 [Modules] Streaming discord_voice@1 to /home/harry/.config/discord/0.0.131/modules/pending/discord_voice-1.zip: 53%
3/31/2026, 10:57:47 PM GMT+7 [Modules] Streaming discord_voice@1 to /home/harry/.config/discord/0.0.131/modules/pending/discord_voice-1.zip: 54%
3/31/2026, 10:57:47 PM GMT+7 [Modules] Streaming discord_voice@1 to /home/harry/.config/discord/0.0.131/modules/pending/discord_voice-1.zip: 55%
3/31/2026, 10:57:47 PM GMT+7 [Modules] Streaming discord_voice@1 to /home/harry/.config/discord/0.0.131/modules/pending/discord_voice-1.zip: 56%
3/31/2026, 10:57:47 PM GMT+7 [Modules] Streaming discord_voice@1 to /home/harry/.config/discord/0.0.131/modules/pending/discord_voice-1.zip: 57%
3/31/2026, 10:57:47 PM GMT+7 [Modules] Streaming discord_voice@1 to /home/harry/.config/discord/0.0.131/modules/pending/discord_voice-1.zip: 58%
3/31/2026, 10:57:47 PM GMT+7 [Modules] Streaming discord_voice@1 to /home/harry/.config/discord/0.0.131/modules/pending/discord_voice-1.zip: 59%
3/31/2026, 10:57:47 PM GMT+7 [Modules] Streaming discord_voice@1 to /home/harry/.config/discord/0.0.131/modules/pending/discord_voice-1.zip: 60%
3/31/2026, 10:57:47 PM GMT+7 [Modules] Streaming discord_voice@1 to /home/harry/.config/discord/0.0.131/modules/pending/discord_voice-1.zip: 61%
3/31/2026, 10:57:48 PM GMT+7 [Modules] Streaming discord_voice@1 to /home/harry/.config/discord/0.0.131/modules/pending/discord_voice-1.zip: 62%
3/31/2026, 10:57:48 PM GMT+7 [Modules] Streaming discord_voice@1 to /home/harry/.config/discord/0.0.131/modules/pending/discord_voice-1.zip: 63%
3/31/2026, 10:57:48 PM GMT+7 [Modules] Streaming discord_voice@1 to /home/harry/.config/discord/0.0.131/modules/pending/discord_voice-1.zip: 64%
3/31/2026, 10:57:48 PM GMT+7 [Modules] Streaming discord_voice@1 to /home/harry/.config/discord/0.0.131/modules/pending/discord_voice-1.zip: 65%
3/31/2026, 10:57:48 PM GMT+7 [Modules] Streaming discord_voice@1 to /home/harry/.config/discord/0.0.131/modules/pending/discord_voice-1.zip: 66%
3/31/2026, 10:57:48 PM GMT+7 [Modules] Streaming discord_voice@1 to /home/harry/.config/discord/0.0.131/modules/pending/discord_voice-1.zip: 67%
3/31/2026, 10:57:48 PM GMT+7 [Modules] Streaming discord_voice@1 to /home/harry/.config/discord/0.0.131/modules/pending/discord_voice-1.zip: 68%
3/31/2026, 10:57:48 PM GMT+7 [Modules] Streaming discord_voice@1 to /home/harry/.config/discord/0.0.131/modules/pending/discord_voice-1.zip: 69%
3/31/2026, 10:57:48 PM GMT+7 [Modules] Streaming discord_voice@1 to /home/harry/.config/discord/0.0.131/modules/pending/discord_voice-1.zip: 70%
3/31/2026, 10:57:48 PM GMT+7 [Modules] Streaming discord_voice@1 to /home/harry/.config/discord/0.0.131/modules/pending/discord_voice-1.zip: 71%
3/31/2026, 10:57:48 PM GMT+7 [Modules] Streaming discord_voice@1 to /home/harry/.config/discord/0.0.131/modules/pending/discord_voice-1.zip: 72%
3/31/2026, 10:57:48 PM GMT+7 [Modules] Streaming discord_voice@1 to /home/harry/.config/discord/0.0.131/modules/pending/discord_voice-1.zip: 73%
3/31/2026, 10:57:48 PM GMT+7 [Modules] Streaming discord_voice@1 to /home/harry/.config/discord/0.0.131/modules/pending/discord_voice-1.zip: 74%
3/31/2026, 10:57:48 PM GMT+7 [Modules] Streaming discord_voice@1 to /home/harry/.config/discord/0.0.131/modules/pending/discord_voice-1.zip: 75%
3/31/2026, 10:57:48 PM GMT+7 [Modules] Streaming discord_voice@1 to /home/harry/.config/discord/0.0.131/modules/pending/discord_voice-1.zip: 76%
3/31/2026, 10:57:48 PM GMT+7 [Modules] Streaming discord_voice@1 to /home/harry/.config/discord/0.0.131/modules/pending/discord_voice-1.zip: 77%
3/31/2026, 10:57:48 PM GMT+7 [Modules] Streaming discord_voice@1 to /home/harry/.config/discord/0.0.131/modules/pending/discord_voice-1.zip: 78%
3/31/2026, 10:57:48 PM GMT+7 [Modules] Streaming discord_voice@1 to /home/harry/.config/discord/0.0.131/modules/pending/discord_voice-1.zip: 79%
3/31/2026, 10:57:48 PM GMT+7 [Modules] Streaming discord_voice@1 to /home/harry/.config/discord/0.0.131/modules/pending/discord_voice-1.zip: 80%
3/31/2026, 10:57:48 PM GMT+7 [Modules] Streaming discord_voice@1 to /home/harry/.config/discord/0.0.131/modules/pending/discord_voice-1.zip: 81%
3/31/2026, 10:57:48 PM GMT+7 [Modules] Streaming discord_voice@1 to /home/harry/.config/discord/0.0.131/modules/pending/discord_voice-1.zip: 82%
3/31/2026, 10:57:48 PM GMT+7 [Modules] Streaming discord_voice@1 to /home/harry/.config/discord/0.0.131/modules/pending/discord_voice-1.zip: 83%
3/31/2026, 10:57:48 PM GMT+7 [Modules] Streaming discord_voice@1 to /home/harry/.config/discord/0.0.131/modules/pending/discord_voice-1.zip: 84%
3/31/2026, 10:57:48 PM GMT+7 [Modules] Streaming discord_voice@1 to /home/harry/.config/discord/0.0.131/modules/pending/discord_voice-1.zip: 85%
3/31/2026, 10:57:48 PM GMT+7 [Modules] Streaming discord_voice@1 to /home/harry/.config/discord/0.0.131/modules/pending/discord_voice-1.zip: 86%
3/31/2026, 10:57:48 PM GMT+7 [Modules] Streaming discord_voice@1 to /home/harry/.config/discord/0.0.131/modules/pending/discord_voice-1.zip: 87%
3/31/2026, 10:57:48 PM GMT+7 [Modules] Streaming discord_voice@1 to /home/harry/.config/discord/0.0.131/modules/pending/discord_voice-1.zip: 88%
3/31/2026, 10:57:48 PM GMT+7 [Modules] Streaming discord_voice@1 to /home/harry/.config/discord/0.0.131/modules/pending/discord_voice-1.zip: 89%
3/31/2026, 10:57:48 PM GMT+7 [Modules] Streaming discord_voice@1 to /home/harry/.config/discord/0.0.131/modules/pending/discord_voice-1.zip: 90%
3/31/2026, 10:57:49 PM GMT+7 [Modules] Streaming discord_voice@1 to /home/harry/.config/discord/0.0.131/modules/pending/discord_voice-1.zip: 91%
3/31/2026, 10:57:49 PM GMT+7 [Modules] Streaming discord_voice@1 to /home/harry/.config/discord/0.0.131/modules/pending/discord_voice-1.zip: 92%
3/31/2026, 10:57:49 PM GMT+7 [Modules] Streaming discord_voice@1 to /home/harry/.config/discord/0.0.131/modules/pending/discord_voice-1.zip: 93%
3/31/2026, 10:57:49 PM GMT+7 [Modules] Streaming discord_voice@1 to /home/harry/.config/discord/0.0.131/modules/pending/discord_voice-1.zip: 94%
3/31/2026, 10:57:49 PM GMT+7 [Modules] Streaming discord_voice@1 to /home/harry/.config/discord/0.0.131/modules/pending/discord_voice-1.zip: 95%
3/31/2026, 10:57:49 PM GMT+7 [Modules] Streaming discord_voice@1 to /home/harry/.config/discord/0.0.131/modules/pending/discord_voice-1.zip: 96%
3/31/2026, 10:57:49 PM GMT+7 [Modules] Streaming discord_voice@1 to /home/harry/.config/discord/0.0.131/modules/pending/discord_voice-1.zip: 97%
3/31/2026, 10:57:49 PM GMT+7 [Modules] Streaming discord_voice@1 to /home/harry/.config/discord/0.0.131/modules/pending/discord_voice-1.zip: 98%
3/31/2026, 10:57:49 PM GMT+7 [Modules] Streaming discord_voice@1 to /home/harry/.config/discord/0.0.131/modules/pending/discord_voice-1.zip: 99%
3/31/2026, 10:57:49 PM GMT+7 [Modules] Streaming discord_voice@1 to /home/harry/.config/discord/0.0.131/modules/pending/discord_voice-1.zip: 100%
3/31/2026, 10:57:49 PM GMT+7 [Modules] Fetching discord_zstd@1 from https://discord.com/api/modules/stable/discord_zstd/1
3/31/2026, 10:57:49 PM GMT+7 [Modules] Streaming discord_zstd@1 to /home/harry/.config/discord/0.0.131/modules/pending/discord_zstd-1.zip
3/31/2026, 10:57:49 PM GMT+7 [Modules] Streaming discord_zstd@1 to /home/harry/.config/discord/0.0.131/modules/pending/discord_zstd-1.zip: 10%
3/31/2026, 10:57:49 PM GMT+7 [Modules] Streaming discord_zstd@1 to /home/harry/.config/discord/0.0.131/modules/pending/discord_zstd-1.zip: 19%
3/31/2026, 10:57:49 PM GMT+7 [Modules] Streaming discord_zstd@1 to /home/harry/.config/discord/0.0.131/modules/pending/discord_zstd-1.zip: 28%
3/31/2026, 10:57:49 PM GMT+7 [Modules] Streaming discord_zstd@1 to /home/harry/.config/discord/0.0.131/modules/pending/discord_zstd-1.zip: 38%
3/31/2026, 10:57:49 PM GMT+7 [Modules] Streaming discord_zstd@1 to /home/harry/.config/discord/0.0.131/modules/pending/discord_zstd-1.zip: 45%
3/31/2026, 10:57:49 PM GMT+7 [Modules] Streaming discord_zstd@1 to /home/harry/.config/discord/0.0.131/modules/pending/discord_zstd-1.zip: 53%
3/31/2026, 10:57:49 PM GMT+7 [Modules] Streaming discord_zstd@1 to /home/harry/.config/discord/0.0.131/modules/pending/discord_zstd-1.zip: 57%
3/31/2026, 10:57:49 PM GMT+7 [Modules] Streaming discord_zstd@1 to /home/harry/.config/discord/0.0.131/modules/pending/discord_zstd-1.zip: 58%
3/31/2026, 10:57:49 PM GMT+7 [Modules] Streaming discord_zstd@1 to /home/harry/.config/discord/0.0.131/modules/pending/discord_zstd-1.zip: 60%
3/31/2026, 10:57:49 PM GMT+7 [Modules] Streaming discord_zstd@1 to /home/harry/.config/discord/0.0.131/modules/pending/discord_zstd-1.zip: 61%
3/31/2026, 10:57:49 PM GMT+7 [Modules] Streaming discord_zstd@1 to /home/harry/.config/discord/0.0.131/modules/pending/discord_zstd-1.zip: 63%
3/31/2026, 10:57:49 PM GMT+7 [Modules] Streaming discord_zstd@1 to /home/harry/.config/discord/0.0.131/modules/pending/discord_zstd-1.zip: 65%
3/31/2026, 10:57:49 PM GMT+7 [Modules] Streaming discord_zstd@1 to /home/harry/.config/discord/0.0.131/modules/pending/discord_zstd-1.zip: 66%
3/31/2026, 10:57:49 PM GMT+7 [Modules] Streaming discord_zstd@1 to /home/harry/.config/discord/0.0.131/modules/pending/discord_zstd-1.zip: 68%
3/31/2026, 10:57:49 PM GMT+7 [Modules] Streaming discord_zstd@1 to /home/harry/.config/discord/0.0.131/modules/pending/discord_zstd-1.zip: 69%
3/31/2026, 10:57:49 PM GMT+7 [Modules] Streaming discord_zstd@1 to /home/harry/.config/discord/0.0.131/modules/pending/discord_zstd-1.zip: 71%
3/31/2026, 10:57:49 PM GMT+7 [Modules] Streaming discord_zstd@1 to /home/harry/.config/discord/0.0.131/modules/pending/discord_zstd-1.zip: 72%
3/31/2026, 10:57:49 PM GMT+7 [Modules] Streaming discord_zstd@1 to /home/harry/.config/discord/0.0.131/modules/pending/discord_zstd-1.zip: 74%
3/31/2026, 10:57:49 PM GMT+7 [Modules] Streaming discord_zstd@1 to /home/harry/.config/discord/0.0.131/modules/pending/discord_zstd-1.zip: 75%
3/31/2026, 10:57:49 PM GMT+7 [Modules] Streaming discord_zstd@1 to /home/harry/.config/discord/0.0.131/modules/pending/discord_zstd-1.zip: 76%
3/31/2026, 10:57:49 PM GMT+7 [Modules] Streaming discord_zstd@1 to /home/harry/.config/discord/0.0.131/modules/pending/discord_zstd-1.zip: 78%
3/31/2026, 10:57:49 PM GMT+7 [Modules] Streaming discord_zstd@1 to /home/harry/.config/discord/0.0.131/modules/pending/discord_zstd-1.zip: 79%
3/31/2026, 10:57:49 PM GMT+7 [Modules] Streaming discord_zstd@1 to /home/harry/.config/discord/0.0.131/modules/pending/discord_zstd-1.zip: 80%
3/31/2026, 10:57:49 PM GMT+7 [Modules] Streaming discord_zstd@1 to /home/harry/.config/discord/0.0.131/modules/pending/discord_zstd-1.zip: 82%
3/31/2026, 10:57:49 PM GMT+7 [Modules] Streaming discord_zstd@1 to /home/harry/.config/discord/0.0.131/modules/pending/discord_zstd-1.zip: 83%
3/31/2026, 10:57:49 PM GMT+7 [Modules] Streaming discord_zstd@1 to /home/harry/.config/discord/0.0.131/modules/pending/discord_zstd-1.zip: 84%
3/31/2026, 10:57:49 PM GMT+7 [Modules] Streaming discord_zstd@1 to /home/harry/.config/discord/0.0.131/modules/pending/discord_zstd-1.zip: 85%
3/31/2026, 10:57:49 PM GMT+7 [Modules] Streaming discord_zstd@1 to /home/harry/.config/discord/0.0.131/modules/pending/discord_zstd-1.zip: 87%
3/31/2026, 10:57:49 PM GMT+7 [Modules] Streaming discord_zstd@1 to /home/harry/.config/discord/0.0.131/modules/pending/discord_zstd-1.zip: 88%
3/31/2026, 10:57:49 PM GMT+7 [Modules] Streaming discord_zstd@1 to /home/harry/.config/discord/0.0.131/modules/pending/discord_zstd-1.zip: 89%
3/31/2026, 10:57:49 PM GMT+7 [Modules] Streaming discord_zstd@1 to /home/harry/.config/discord/0.0.131/modules/pending/discord_zstd-1.zip: 90%
3/31/2026, 10:57:49 PM GMT+7 [Modules] Streaming discord_zstd@1 to /home/harry/.config/discord/0.0.131/modules/pending/discord_zstd-1.zip: 91%
3/31/2026, 10:57:49 PM GMT+7 [Modules] Streaming discord_zstd@1 to /home/harry/.config/discord/0.0.131/modules/pending/discord_zstd-1.zip: 92%
3/31/2026, 10:57:49 PM GMT+7 [Modules] Streaming discord_zstd@1 to /home/harry/.config/discord/0.0.131/modules/pending/discord_zstd-1.zip: 94%
3/31/2026, 10:57:49 PM GMT+7 [Modules] Streaming discord_zstd@1 to /home/harry/.config/discord/0.0.131/modules/pending/discord_zstd-1.zip: 95%
3/31/2026, 10:57:49 PM GMT+7 [Modules] Streaming discord_zstd@1 to /home/harry/.config/discord/0.0.131/modules/pending/discord_zstd-1.zip: 96%
3/31/2026, 10:57:49 PM GMT+7 [Modules] Streaming discord_zstd@1 to /home/harry/.config/discord/0.0.131/modules/pending/discord_zstd-1.zip: 97%
3/31/2026, 10:57:49 PM GMT+7 [Modules] Streaming discord_zstd@1 to /home/harry/.config/discord/0.0.131/modules/pending/discord_zstd-1.zip: 99%
3/31/2026, 10:57:49 PM GMT+7 [Modules] Streaming discord_zstd@1 to /home/harry/.config/discord/0.0.131/modules/pending/discord_zstd-1.zip: 100%
3/31/2026, 10:57:49 PM GMT+7 [Modules] Finished module downloads. [success: 6] [failure: 0]
3/31/2026, 10:57:49 PM GMT+7 [Modules] Installing updates...
3/31/2026, 10:57:49 PM GMT+7 [Modules] Installing discord_desktop_core@1 from /home/harry/.config/discord/0.0.131/modules/pending/discord_desktop_core-1.zip
3/31/2026, 10:57:49 PM GMT+7 [Modules] Installing discord_erlpack@1 from /home/harry/.config/discord/0.0.131/modules/pending/discord_erlpack-1.zip
3/31/2026, 10:57:49 PM GMT+7 [Modules] Installing discord_spellcheck@1 from /home/harry/.config/discord/0.0.131/modules/pending/discord_spellcheck-1.zip
3/31/2026, 10:57:50 PM GMT+7 [Modules] Installing discord_utils@1 from /home/harry/.config/discord/0.0.131/modules/pending/discord_utils-1.zip
3/31/2026, 10:57:50 PM GMT+7 [Modules] Installing discord_voice@1 from /home/harry/.config/discord/0.0.131/modules/pending/discord_voice-1.zip
3/31/2026, 10:57:50 PM GMT+7 [Modules] Installing discord_zstd@1 from /home/harry/.config/discord/0.0.131/modules/pending/discord_zstd-1.zip
3/31/2026, 10:57:50 PM GMT+7 [Modules] Finished module installations. [success: 6] [failure: 0]
3/31/2026, 10:57:50 PM GMT+7 [Modules] Checking for host updates.
3/31/2026, 10:57:51 PM GMT+7 [Modules] Host is up to date.
3/31/2026, 10:57:51 PM GMT+7 [Modules] Checking for module updates at https://discord.com/api/modules/stable/versions.json
3/31/2026, 10:57:51 PM GMT+7 [Modules] No module updates available.
3/31/2026, 10:57:53 PM GMT+7 [Modules] Starting to install discord_krisp...
3/31/2026, 10:57:53 PM GMT+7 [Modules] Fetching discord_krisp@1 from https://discord.com/api/modules/stable/discord_krisp/1
3/31/2026, 10:57:53 PM GMT+7 [Modules] Streaming discord_krisp@1 to /home/harry/.config/discord/0.0.131/modules/pending/discord_krisp-1.zip
3/31/2026, 10:57:53 PM GMT+7 [Modules] Starting to install discord_game_utils...
3/31/2026, 10:57:53 PM GMT+7 [Modules] Streaming discord_krisp@1 to /home/harry/.config/discord/0.0.131/modules/pending/discord_krisp-1.zip: 1%
3/31/2026, 10:57:53 PM GMT+7 [Modules] Streaming discord_krisp@1 to /home/harry/.config/discord/0.0.131/modules/pending/discord_krisp-1.zip: 2%
3/31/2026, 10:57:53 PM GMT+7 [Modules] Streaming discord_krisp@1 to /home/harry/.config/discord/0.0.131/modules/pending/discord_krisp-1.zip: 3%
3/31/2026, 10:57:53 PM GMT+7 [Modules] Streaming discord_krisp@1 to /home/harry/.config/discord/0.0.131/modules/pending/discord_krisp-1.zip: 4%
3/31/2026, 10:57:53 PM GMT+7 [Modules] Streaming discord_krisp@1 to /home/harry/.config/discord/0.0.131/modules/pending/discord_krisp-1.zip: 5%
3/31/2026, 10:57:54 PM GMT+7 [Modules] Streaming discord_krisp@1 to /home/harry/.config/discord/0.0.131/modules/pending/discord_krisp-1.zip: 6%
3/31/2026, 10:57:54 PM GMT+7 [Modules] Streaming discord_krisp@1 to /home/harry/.config/discord/0.0.131/modules/pending/discord_krisp-1.zip: 7%
3/31/2026, 10:57:54 PM GMT+7 [Modules] Streaming discord_krisp@1 to /home/harry/.config/discord/0.0.131/modules/pending/discord_krisp-1.zip: 8%
3/31/2026, 10:57:54 PM GMT+7 [Modules] Streaming discord_krisp@1 to /home/harry/.config/discord/0.0.131/modules/pending/discord_krisp-1.zip: 9%
3/31/2026, 10:57:54 PM GMT+7 [Modules] Streaming discord_krisp@1 to /home/harry/.config/discord/0.0.131/modules/pending/discord_krisp-1.zip: 10%
3/31/2026, 10:57:54 PM GMT+7 [Modules] Starting to install discord_rpc...
3/31/2026, 10:57:54 PM GMT+7 [Modules] Streaming discord_krisp@1 to /home/harry/.config/discord/0.0.131/modules/pending/discord_krisp-1.zip: 11%
3/31/2026, 10:57:54 PM GMT+7 [Modules] Streaming discord_krisp@1 to /home/harry/.config/discord/0.0.131/modules/pending/discord_krisp-1.zip: 12%
3/31/2026, 10:57:54 PM GMT+7 [Modules] Streaming discord_krisp@1 to /home/harry/.config/discord/0.0.131/modules/pending/discord_krisp-1.zip: 13%
3/31/2026, 10:57:54 PM GMT+7 [Modules] Streaming discord_krisp@1 to /home/harry/.config/discord/0.0.131/modules/pending/discord_krisp-1.zip: 14%
3/31/2026, 10:57:54 PM GMT+7 [Modules] Streaming discord_krisp@1 to /home/harry/.config/discord/0.0.131/modules/pending/discord_krisp-1.zip: 15%
3/31/2026, 10:57:54 PM GMT+7 [Modules] Streaming discord_krisp@1 to /home/harry/.config/discord/0.0.131/modules/pending/discord_krisp-1.zip: 16%
3/31/2026, 10:57:54 PM GMT+7 [Modules] Streaming discord_krisp@1 to /home/harry/.config/discord/0.0.131/modules/pending/discord_krisp-1.zip: 17%
3/31/2026, 10:57:54 PM GMT+7 [Modules] Streaming discord_krisp@1 to /home/harry/.config/discord/0.0.131/modules/pending/discord_krisp-1.zip: 18%
3/31/2026, 10:57:54 PM GMT+7 [Modules] Streaming discord_krisp@1 to /home/harry/.config/discord/0.0.131/modules/pending/discord_krisp-1.zip: 19%
3/31/2026, 10:57:54 PM GMT+7 [Modules] Streaming discord_krisp@1 to /home/harry/.config/discord/0.0.131/modules/pending/discord_krisp-1.zip: 20%
3/31/2026, 10:57:54 PM GMT+7 [Modules] Streaming discord_krisp@1 to /home/harry/.config/discord/0.0.131/modules/pending/discord_krisp-1.zip: 21%
3/31/2026, 10:57:54 PM GMT+7 [Modules] Streaming discord_krisp@1 to /home/harry/.config/discord/0.0.131/modules/pending/discord_krisp-1.zip: 22%
3/31/2026, 10:57:54 PM GMT+7 [Modules] Streaming discord_krisp@1 to /home/harry/.config/discord/0.0.131/modules/pending/discord_krisp-1.zip: 23%
3/31/2026, 10:57:54 PM GMT+7 [Modules] Streaming discord_krisp@1 to /home/harry/.config/discord/0.0.131/modules/pending/discord_krisp-1.zip: 24%
3/31/2026, 10:57:54 PM GMT+7 [Modules] Streaming discord_krisp@1 to /home/harry/.config/discord/0.0.131/modules/pending/discord_krisp-1.zip: 25%
3/31/2026, 10:57:54 PM GMT+7 [Modules] Streaming discord_krisp@1 to /home/harry/.config/discord/0.0.131/modules/pending/discord_krisp-1.zip: 26%
3/31/2026, 10:57:54 PM GMT+7 [Modules] Streaming discord_krisp@1 to /home/harry/.config/discord/0.0.131/modules/pending/discord_krisp-1.zip: 27%
3/31/2026, 10:57:54 PM GMT+7 [Modules] Streaming discord_krisp@1 to /home/harry/.config/discord/0.0.131/modules/pending/discord_krisp-1.zip: 28%
3/31/2026, 10:57:54 PM GMT+7 [Modules] Streaming discord_krisp@1 to /home/harry/.config/discord/0.0.131/modules/pending/discord_krisp-1.zip: 29%
3/31/2026, 10:57:55 PM GMT+7 [Modules] Streaming discord_krisp@1 to /home/harry/.config/discord/0.0.131/modules/pending/discord_krisp-1.zip: 30%
3/31/2026, 10:57:55 PM GMT+7 [Modules] Streaming discord_krisp@1 to /home/harry/.config/discord/0.0.131/modules/pending/discord_krisp-1.zip: 31%
3/31/2026, 10:57:55 PM GMT+7 [Modules] Streaming discord_krisp@1 to /home/harry/.config/discord/0.0.131/modules/pending/discord_krisp-1.zip: 32%
3/31/2026, 10:57:55 PM GMT+7 [Modules] Streaming discord_krisp@1 to /home/harry/.config/discord/0.0.131/modules/pending/discord_krisp-1.zip: 33%
3/31/2026, 10:57:55 PM GMT+7 [Modules] Streaming discord_krisp@1 to /home/harry/.config/discord/0.0.131/modules/pending/discord_krisp-1.zip: 34%
3/31/2026, 10:57:55 PM GMT+7 [Modules] Streaming discord_krisp@1 to /home/harry/.config/discord/0.0.131/modules/pending/discord_krisp-1.zip: 35%
3/31/2026, 10:57:55 PM GMT+7 [Modules] Streaming discord_krisp@1 to /home/harry/.config/discord/0.0.131/modules/pending/discord_krisp-1.zip: 36%
3/31/2026, 10:57:55 PM GMT+7 [Modules] Streaming discord_krisp@1 to /home/harry/.config/discord/0.0.131/modules/pending/discord_krisp-1.zip: 37%
3/31/2026, 10:57:55 PM GMT+7 [Modules] Streaming discord_krisp@1 to /home/harry/.config/discord/0.0.131/modules/pending/discord_krisp-1.zip: 38%
3/31/2026, 10:57:55 PM GMT+7 [Modules] Streaming discord_krisp@1 to /home/harry/.config/discord/0.0.131/modules/pending/discord_krisp-1.zip: 39%
3/31/2026, 10:57:55 PM GMT+7 [Modules] Streaming discord_krisp@1 to /home/harry/.config/discord/0.0.131/modules/pending/discord_krisp-1.zip: 40%
3/31/2026, 10:57:55 PM GMT+7 [Modules] Streaming discord_krisp@1 to /home/harry/.config/discord/0.0.131/modules/pending/discord_krisp-1.zip: 41%
3/31/2026, 10:57:55 PM GMT+7 [Modules] Streaming discord_krisp@1 to /home/harry/.config/discord/0.0.131/modules/pending/discord_krisp-1.zip: 42%
3/31/2026, 10:57:55 PM GMT+7 [Modules] Streaming discord_krisp@1 to /home/harry/.config/discord/0.0.131/modules/pending/discord_krisp-1.zip: 43%
3/31/2026, 10:57:55 PM GMT+7 [Modules] Streaming discord_krisp@1 to /home/harry/.config/discord/0.0.131/modules/pending/discord_krisp-1.zip: 44%
3/31/2026, 10:57:55 PM GMT+7 [Modules] Streaming discord_krisp@1 to /home/harry/.config/discord/0.0.131/modules/pending/discord_krisp-1.zip: 45%
3/31/2026, 10:57:55 PM GMT+7 [Modules] Streaming discord_krisp@1 to /home/harry/.config/discord/0.0.131/modules/pending/discord_krisp-1.zip: 46%
3/31/2026, 10:57:55 PM GMT+7 [Modules] Streaming discord_krisp@1 to /home/harry/.config/discord/0.0.131/modules/pending/discord_krisp-1.zip: 47%
3/31/2026, 10:57:55 PM GMT+7 [Modules] Streaming discord_krisp@1 to /home/harry/.config/discord/0.0.131/modules/pending/discord_krisp-1.zip: 48%
3/31/2026, 10:57:55 PM GMT+7 [Modules] Streaming discord_krisp@1 to /home/harry/.config/discord/0.0.131/modules/pending/discord_krisp-1.zip: 49%
3/31/2026, 10:57:55 PM GMT+7 [Modules] Streaming discord_krisp@1 to /home/harry/.config/discord/0.0.131/modules/pending/discord_krisp-1.zip: 50%
3/31/2026, 10:57:55 PM GMT+7 [Modules] Streaming discord_krisp@1 to /home/harry/.config/discord/0.0.131/modules/pending/discord_krisp-1.zip: 51%
3/31/2026, 10:57:55 PM GMT+7 [Modules] Streaming discord_krisp@1 to /home/harry/.config/discord/0.0.131/modules/pending/discord_krisp-1.zip: 52%
3/31/2026, 10:57:55 PM GMT+7 [Modules] Streaming discord_krisp@1 to /home/harry/.config/discord/0.0.131/modules/pending/discord_krisp-1.zip: 53%
3/31/2026, 10:57:56 PM GMT+7 [Modules] Streaming discord_krisp@1 to /home/harry/.config/discord/0.0.131/modules/pending/discord_krisp-1.zip: 54%
3/31/2026, 10:57:56 PM GMT+7 [Modules] Streaming discord_krisp@1 to /home/harry/.config/discord/0.0.131/modules/pending/discord_krisp-1.zip: 55%
3/31/2026, 10:57:56 PM GMT+7 [Modules] Streaming discord_krisp@1 to /home/harry/.config/discord/0.0.131/modules/pending/discord_krisp-1.zip: 56%
3/31/2026, 10:57:56 PM GMT+7 [Modules] Streaming discord_krisp@1 to /home/harry/.config/discord/0.0.131/modules/pending/discord_krisp-1.zip: 57%
3/31/2026, 10:57:56 PM GMT+7 [Modules] Streaming discord_krisp@1 to /home/harry/.config/discord/0.0.131/modules/pending/discord_krisp-1.zip: 58%
3/31/2026, 10:57:56 PM GMT+7 [Modules] Streaming discord_krisp@1 to /home/harry/.config/discord/0.0.131/modules/pending/discord_krisp-1.zip: 59%
3/31/2026, 10:57:56 PM GMT+7 [Modules] Streaming discord_krisp@1 to /home/harry/.config/discord/0.0.131/modules/pending/discord_krisp-1.zip: 60%
3/31/2026, 10:57:56 PM GMT+7 [Modules] Streaming discord_krisp@1 to /home/harry/.config/discord/0.0.131/modules/pending/discord_krisp-1.zip: 61%
3/31/2026, 10:57:56 PM GMT+7 [Modules] Streaming discord_krisp@1 to /home/harry/.config/discord/0.0.131/modules/pending/discord_krisp-1.zip: 62%
3/31/2026, 10:57:56 PM GMT+7 [Modules] Streaming discord_krisp@1 to /home/harry/.config/discord/0.0.131/modules/pending/discord_krisp-1.zip: 63%
3/31/2026, 10:57:56 PM GMT+7 [Modules] Streaming discord_krisp@1 to /home/harry/.config/discord/0.0.131/modules/pending/discord_krisp-1.zip: 64%
3/31/2026, 10:57:56 PM GMT+7 [Modules] Streaming discord_krisp@1 to /home/harry/.config/discord/0.0.131/modules/pending/discord_krisp-1.zip: 65%
3/31/2026, 10:57:56 PM GMT+7 [Modules] Streaming discord_krisp@1 to /home/harry/.config/discord/0.0.131/modules/pending/discord_krisp-1.zip: 66%
3/31/2026, 10:57:56 PM GMT+7 [Modules] Streaming discord_krisp@1 to /home/harry/.config/discord/0.0.131/modules/pending/discord_krisp-1.zip: 67%
3/31/2026, 10:57:56 PM GMT+7 [Modules] Streaming discord_krisp@1 to /home/harry/.config/discord/0.0.131/modules/pending/discord_krisp-1.zip: 68%
3/31/2026, 10:57:56 PM GMT+7 [Modules] Streaming discord_krisp@1 to /home/harry/.config/discord/0.0.131/modules/pending/discord_krisp-1.zip: 69%
3/31/2026, 10:57:56 PM GMT+7 [Modules] Streaming discord_krisp@1 to /home/harry/.config/discord/0.0.131/modules/pending/discord_krisp-1.zip: 70%
3/31/2026, 10:57:56 PM GMT+7 [Modules] Streaming discord_krisp@1 to /home/harry/.config/discord/0.0.131/modules/pending/discord_krisp-1.zip: 71%
3/31/2026, 10:57:56 PM GMT+7 [Modules] Streaming discord_krisp@1 to /home/harry/.config/discord/0.0.131/modules/pending/discord_krisp-1.zip: 72%
3/31/2026, 10:57:56 PM GMT+7 [Modules] Streaming discord_krisp@1 to /home/harry/.config/discord/0.0.131/modules/pending/discord_krisp-1.zip: 73%
3/31/2026, 10:57:56 PM GMT+7 [Modules] Streaming discord_krisp@1 to /home/harry/.config/discord/0.0.131/modules/pending/discord_krisp-1.zip: 74%
3/31/2026, 10:57:56 PM GMT+7 [Modules] Streaming discord_krisp@1 to /home/harry/.config/discord/0.0.131/modules/pending/discord_krisp-1.zip: 75%
3/31/2026, 10:57:56 PM GMT+7 [Modules] Streaming discord_krisp@1 to /home/harry/.config/discord/0.0.131/modules/pending/discord_krisp-1.zip: 76%
3/31/2026, 10:57:56 PM GMT+7 [Modules] Streaming discord_krisp@1 to /home/harry/.config/discord/0.0.131/modules/pending/discord_krisp-1.zip: 77%
3/31/2026, 10:57:56 PM GMT+7 [Modules] Streaming discord_krisp@1 to /home/harry/.config/discord/0.0.131/modules/pending/discord_krisp-1.zip: 78%
3/31/2026, 10:57:56 PM GMT+7 [Modules] Streaming discord_krisp@1 to /home/harry/.config/discord/0.0.131/modules/pending/discord_krisp-1.zip: 79%
3/31/2026, 10:57:57 PM GMT+7 [Modules] Streaming discord_krisp@1 to /home/harry/.config/discord/0.0.131/modules/pending/discord_krisp-1.zip: 80%
3/31/2026, 10:57:57 PM GMT+7 [Modules] Streaming discord_krisp@1 to /home/harry/.config/discord/0.0.131/modules/pending/discord_krisp-1.zip: 81%
3/31/2026, 10:57:57 PM GMT+7 [Modules] Streaming discord_krisp@1 to /home/harry/.config/discord/0.0.131/modules/pending/discord_krisp-1.zip: 82%
3/31/2026, 10:57:57 PM GMT+7 [Modules] Streaming discord_krisp@1 to /home/harry/.config/discord/0.0.131/modules/pending/discord_krisp-1.zip: 83%
3/31/2026, 10:57:57 PM GMT+7 [Modules] Streaming discord_krisp@1 to /home/harry/.config/discord/0.0.131/modules/pending/discord_krisp-1.zip: 84%
3/31/2026, 10:57:57 PM GMT+7 [Modules] Streaming discord_krisp@1 to /home/harry/.config/discord/0.0.131/modules/pending/discord_krisp-1.zip: 85%
3/31/2026, 10:57:57 PM GMT+7 [Modules] Streaming discord_krisp@1 to /home/harry/.config/discord/0.0.131/modules/pending/discord_krisp-1.zip: 86%
3/31/2026, 10:57:57 PM GMT+7 [Modules] Streaming discord_krisp@1 to /home/harry/.config/discord/0.0.131/modules/pending/discord_krisp-1.zip: 87%
3/31/2026, 10:57:57 PM GMT+7 [Modules] Streaming discord_krisp@1 to /home/harry/.config/discord/0.0.131/modules/pending/discord_krisp-1.zip: 88%
3/31/2026, 10:57:57 PM GMT+7 [Modules] Streaming discord_krisp@1 to /home/harry/.config/discord/0.0.131/modules/pending/discord_krisp-1.zip: 89%
3/31/2026, 10:57:57 PM GMT+7 [Modules] Streaming discord_krisp@1 to /home/harry/.config/discord/0.0.131/modules/pending/discord_krisp-1.zip: 90%
3/31/2026, 10:57:57 PM GMT+7 [Modules] Streaming discord_krisp@1 to /home/harry/.config/discord/0.0.131/modules/pending/discord_krisp-1.zip: 91%
3/31/2026, 10:57:57 PM GMT+7 [Modules] Streaming discord_krisp@1 to /home/harry/.config/discord/0.0.131/modules/pending/discord_krisp-1.zip: 92%
3/31/2026, 10:57:57 PM GMT+7 [Modules] Streaming discord_krisp@1 to /home/harry/.config/discord/0.0.131/modules/pending/discord_krisp-1.zip: 93%
3/31/2026, 10:57:57 PM GMT+7 [Modules] Streaming discord_krisp@1 to /home/harry/.config/discord/0.0.131/modules/pending/discord_krisp-1.zip: 94%
3/31/2026, 10:57:57 PM GMT+7 [Modules] Streaming discord_krisp@1 to /home/harry/.config/discord/0.0.131/modules/pending/discord_krisp-1.zip: 95%
3/31/2026, 10:57:57 PM GMT+7 [Modules] Streaming discord_krisp@1 to /home/harry/.config/discord/0.0.131/modules/pending/discord_krisp-1.zip: 96%
3/31/2026, 10:57:57 PM GMT+7 [Modules] Streaming discord_krisp@1 to /home/harry/.config/discord/0.0.131/modules/pending/discord_krisp-1.zip: 97%
3/31/2026, 10:57:57 PM GMT+7 [Modules] Streaming discord_krisp@1 to /home/harry/.config/discord/0.0.131/modules/pending/discord_krisp-1.zip: 98%
3/31/2026, 10:57:57 PM GMT+7 [Modules] Streaming discord_krisp@1 to /home/harry/.config/discord/0.0.131/modules/pending/discord_krisp-1.zip: 99%
3/31/2026, 10:57:57 PM GMT+7 [Modules] Streaming discord_krisp@1 to /home/harry/.config/discord/0.0.131/modules/pending/discord_krisp-1.zip: 100%
3/31/2026, 10:57:57 PM GMT+7 [Modules] Fetching discord_game_utils@1 from https://discord.com/api/modules/stable/discord_game_utils/1
3/31/2026, 10:57:57 PM GMT+7 [Modules] Streaming discord_game_utils@1 to /home/harry/.config/discord/0.0.131/modules/pending/discord_game_utils-1.zip
3/31/2026, 10:57:57 PM GMT+7 [Modules] Installing discord_krisp@1 from /home/harry/.config/discord/0.0.131/modules/pending/discord_krisp-1.zip
3/31/2026, 10:57:58 PM GMT+7 [Modules] Finished module installations. [success: 1] [failure: 0]
3/31/2026, 10:57:58 PM GMT+7 [Modules] Streaming discord_game_utils@1 to /home/harry/.config/discord/0.0.131/modules/pending/discord_game_utils-1.zip: 1%
3/31/2026, 10:57:58 PM GMT+7 [Modules] Streaming discord_game_utils@1 to /home/harry/.config/discord/0.0.131/modules/pending/discord_game_utils-1.zip: 2%
3/31/2026, 10:57:58 PM GMT+7 [Modules] Streaming discord_game_utils@1 to /home/harry/.config/discord/0.0.131/modules/pending/discord_game_utils-1.zip: 3%
3/31/2026, 10:57:58 PM GMT+7 [Modules] Streaming discord_game_utils@1 to /home/harry/.config/discord/0.0.131/modules/pending/discord_game_utils-1.zip: 4%
3/31/2026, 10:57:58 PM GMT+7 [Modules] Streaming discord_game_utils@1 to /home/harry/.config/discord/0.0.131/modules/pending/discord_game_utils-1.zip: 5%
3/31/2026, 10:57:58 PM GMT+7 [Modules] Streaming discord_game_utils@1 to /home/harry/.config/discord/0.0.131/modules/pending/discord_game_utils-1.zip: 6%
3/31/2026, 10:57:58 PM GMT+7 [Modules] Streaming discord_game_utils@1 to /home/harry/.config/discord/0.0.131/modules/pending/discord_game_utils-1.zip: 7%
3/31/2026, 10:57:58 PM GMT+7 [Modules] Streaming discord_game_utils@1 to /home/harry/.config/discord/0.0.131/modules/pending/discord_game_utils-1.zip: 8%
3/31/2026, 10:57:58 PM GMT+7 [Modules] Streaming discord_game_utils@1 to /home/harry/.config/discord/0.0.131/modules/pending/discord_game_utils-1.zip: 9%
3/31/2026, 10:57:58 PM GMT+7 [Modules] Streaming discord_game_utils@1 to /home/harry/.config/discord/0.0.131/modules/pending/discord_game_utils-1.zip: 10%
3/31/2026, 10:57:58 PM GMT+7 [Modules] Streaming discord_game_utils@1 to /home/harry/.config/discord/0.0.131/modules/pending/discord_game_utils-1.zip: 11%
3/31/2026, 10:57:58 PM GMT+7 [Modules] Streaming discord_game_utils@1 to /home/harry/.config/discord/0.0.131/modules/pending/discord_game_utils-1.zip: 12%
3/31/2026, 10:57:58 PM GMT+7 [Modules] Streaming discord_game_utils@1 to /home/harry/.config/discord/0.0.131/modules/pending/discord_game_utils-1.zip: 13%
3/31/2026, 10:57:58 PM GMT+7 [Modules] Streaming discord_game_utils@1 to /home/harry/.config/discord/0.0.131/modules/pending/discord_game_utils-1.zip: 14%
3/31/2026, 10:57:58 PM GMT+7 [Modules] Streaming discord_game_utils@1 to /home/harry/.config/discord/0.0.131/modules/pending/discord_game_utils-1.zip: 15%
3/31/2026, 10:57:58 PM GMT+7 [Modules] Streaming discord_game_utils@1 to /home/harry/.config/discord/0.0.131/modules/pending/discord_game_utils-1.zip: 16%
3/31/2026, 10:57:58 PM GMT+7 [Modules] Streaming discord_game_utils@1 to /home/harry/.config/discord/0.0.131/modules/pending/discord_game_utils-1.zip: 17%
3/31/2026, 10:57:58 PM GMT+7 [Modules] Streaming discord_game_utils@1 to /home/harry/.config/discord/0.0.131/modules/pending/discord_game_utils-1.zip: 18%
3/31/2026, 10:57:58 PM GMT+7 [Modules] Streaming discord_game_utils@1 to /home/harry/.config/discord/0.0.131/modules/pending/discord_game_utils-1.zip: 19%
3/31/2026, 10:57:58 PM GMT+7 [Modules] Streaming discord_game_utils@1 to /home/harry/.config/discord/0.0.131/modules/pending/discord_game_utils-1.zip: 20%
3/31/2026, 10:57:58 PM GMT+7 [Modules] Streaming discord_game_utils@1 to /home/harry/.config/discord/0.0.131/modules/pending/discord_game_utils-1.zip: 21%
3/31/2026, 10:57:58 PM GMT+7 [Modules] Streaming discord_game_utils@1 to /home/harry/.config/discord/0.0.131/modules/pending/discord_game_utils-1.zip: 22%
3/31/2026, 10:57:58 PM GMT+7 [Modules] Streaming discord_game_utils@1 to /home/harry/.config/discord/0.0.131/modules/pending/discord_game_utils-1.zip: 23%
3/31/2026, 10:57:58 PM GMT+7 [Modules] Streaming discord_game_utils@1 to /home/harry/.config/discord/0.0.131/modules/pending/discord_game_utils-1.zip: 24%
3/31/2026, 10:57:58 PM GMT+7 [Modules] Streaming discord_game_utils@1 to /home/harry/.config/discord/0.0.131/modules/pending/discord_game_utils-1.zip: 25%
3/31/2026, 10:57:58 PM GMT+7 [Modules] Streaming discord_game_utils@1 to /home/harry/.config/discord/0.0.131/modules/pending/discord_game_utils-1.zip: 26%
3/31/2026, 10:57:58 PM GMT+7 [Modules] Streaming discord_game_utils@1 to /home/harry/.config/discord/0.0.131/modules/pending/discord_game_utils-1.zip: 27%
3/31/2026, 10:57:58 PM GMT+7 [Modules] Streaming discord_game_utils@1 to /home/harry/.config/discord/0.0.131/modules/pending/discord_game_utils-1.zip: 28%
3/31/2026, 10:57:58 PM GMT+7 [Modules] Streaming discord_game_utils@1 to /home/harry/.config/discord/0.0.131/modules/pending/discord_game_utils-1.zip: 29%
3/31/2026, 10:57:58 PM GMT+7 [Modules] Streaming discord_game_utils@1 to /home/harry/.config/discord/0.0.131/modules/pending/discord_game_utils-1.zip: 30%
3/31/2026, 10:57:58 PM GMT+7 [Modules] Streaming discord_game_utils@1 to /home/harry/.config/discord/0.0.131/modules/pending/discord_game_utils-1.zip: 31%
3/31/2026, 10:57:58 PM GMT+7 [Modules] Streaming discord_game_utils@1 to /home/harry/.config/discord/0.0.131/modules/pending/discord_game_utils-1.zip: 32%
3/31/2026, 10:57:58 PM GMT+7 [Modules] Streaming discord_game_utils@1 to /home/harry/.config/discord/0.0.131/modules/pending/discord_game_utils-1.zip: 33%
3/31/2026, 10:57:58 PM GMT+7 [Modules] Streaming discord_game_utils@1 to /home/harry/.config/discord/0.0.131/modules/pending/discord_game_utils-1.zip: 34%
3/31/2026, 10:57:58 PM GMT+7 [Modules] Streaming discord_game_utils@1 to /home/harry/.config/discord/0.0.131/modules/pending/discord_game_utils-1.zip: 35%
3/31/2026, 10:57:58 PM GMT+7 [Modules] Streaming discord_game_utils@1 to /home/harry/.config/discord/0.0.131/modules/pending/discord_game_utils-1.zip: 36%
3/31/2026, 10:57:58 PM GMT+7 [Modules] Streaming discord_game_utils@1 to /home/harry/.config/discord/0.0.131/modules/pending/discord_game_utils-1.zip: 37%
3/31/2026, 10:57:58 PM GMT+7 [Modules] Streaming discord_game_utils@1 to /home/harry/.config/discord/0.0.131/modules/pending/discord_game_utils-1.zip: 38%
3/31/2026, 10:57:58 PM GMT+7 [Modules] Streaming discord_game_utils@1 to /home/harry/.config/discord/0.0.131/modules/pending/discord_game_utils-1.zip: 39%
3/31/2026, 10:57:58 PM GMT+7 [Modules] Streaming discord_game_utils@1 to /home/harry/.config/discord/0.0.131/modules/pending/discord_game_utils-1.zip: 40%
3/31/2026, 10:57:58 PM GMT+7 [Modules] Streaming discord_game_utils@1 to /home/harry/.config/discord/0.0.131/modules/pending/discord_game_utils-1.zip: 41%
3/31/2026, 10:57:58 PM GMT+7 [Modules] Streaming discord_game_utils@1 to /home/harry/.config/discord/0.0.131/modules/pending/discord_game_utils-1.zip: 42%
3/31/2026, 10:57:58 PM GMT+7 [Modules] Streaming discord_game_utils@1 to /home/harry/.config/discord/0.0.131/modules/pending/discord_game_utils-1.zip: 43%
3/31/2026, 10:57:58 PM GMT+7 [Modules] Streaming discord_game_utils@1 to /home/harry/.config/discord/0.0.131/modules/pending/discord_game_utils-1.zip: 44%
3/31/2026, 10:57:58 PM GMT+7 [Modules] Streaming discord_game_utils@1 to /home/harry/.config/discord/0.0.131/modules/pending/discord_game_utils-1.zip: 45%
3/31/2026, 10:57:58 PM GMT+7 [Modules] Streaming discord_game_utils@1 to /home/harry/.config/discord/0.0.131/modules/pending/discord_game_utils-1.zip: 46%
3/31/2026, 10:57:58 PM GMT+7 [Modules] Streaming discord_game_utils@1 to /home/harry/.config/discord/0.0.131/modules/pending/discord_game_utils-1.zip: 47%
3/31/2026, 10:57:58 PM GMT+7 [Modules] Streaming discord_game_utils@1 to /home/harry/.config/discord/0.0.131/modules/pending/discord_game_utils-1.zip: 48%
3/31/2026, 10:57:58 PM GMT+7 [Modules] Streaming discord_game_utils@1 to /home/harry/.config/discord/0.0.131/modules/pending/discord_game_utils-1.zip: 49%
3/31/2026, 10:57:58 PM GMT+7 [Modules] Streaming discord_game_utils@1 to /home/harry/.config/discord/0.0.131/modules/pending/discord_game_utils-1.zip: 50%
3/31/2026, 10:57:58 PM GMT+7 [Modules] Streaming discord_game_utils@1 to /home/harry/.config/discord/0.0.131/modules/pending/discord_game_utils-1.zip: 51%
3/31/2026, 10:57:58 PM GMT+7 [Modules] Streaming discord_game_utils@1 to /home/harry/.config/discord/0.0.131/modules/pending/discord_game_utils-1.zip: 52%
3/31/2026, 10:57:58 PM GMT+7 [Modules] Streaming discord_game_utils@1 to /home/harry/.config/discord/0.0.131/modules/pending/discord_game_utils-1.zip: 53%
3/31/2026, 10:57:58 PM GMT+7 [Modules] Streaming discord_game_utils@1 to /home/harry/.config/discord/0.0.131/modules/pending/discord_game_utils-1.zip: 54%
3/31/2026, 10:57:58 PM GMT+7 [Modules] Streaming discord_game_utils@1 to /home/harry/.config/discord/0.0.131/modules/pending/discord_game_utils-1.zip: 55%
3/31/2026, 10:57:58 PM GMT+7 [Modules] Streaming discord_game_utils@1 to /home/harry/.config/discord/0.0.131/modules/pending/discord_game_utils-1.zip: 56%
3/31/2026, 10:57:58 PM GMT+7 [Modules] Streaming discord_game_utils@1 to /home/harry/.config/discord/0.0.131/modules/pending/discord_game_utils-1.zip: 57%
3/31/2026, 10:57:58 PM GMT+7 [Modules] Streaming discord_game_utils@1 to /home/harry/.config/discord/0.0.131/modules/pending/discord_game_utils-1.zip: 58%
3/31/2026, 10:57:58 PM GMT+7 [Modules] Streaming discord_game_utils@1 to /home/harry/.config/discord/0.0.131/modules/pending/discord_game_utils-1.zip: 59%
3/31/2026, 10:57:58 PM GMT+7 [Modules] Streaming discord_game_utils@1 to /home/harry/.config/discord/0.0.131/modules/pending/discord_game_utils-1.zip: 60%
3/31/2026, 10:57:58 PM GMT+7 [Modules] Streaming discord_game_utils@1 to /home/harry/.config/discord/0.0.131/modules/pending/discord_game_utils-1.zip: 61%
3/31/2026, 10:57:58 PM GMT+7 [Modules] Streaming discord_game_utils@1 to /home/harry/.config/discord/0.0.131/modules/pending/discord_game_utils-1.zip: 62%
3/31/2026, 10:57:58 PM GMT+7 [Modules] Streaming discord_game_utils@1 to /home/harry/.config/discord/0.0.131/modules/pending/discord_game_utils-1.zip: 63%
3/31/2026, 10:57:58 PM GMT+7 [Modules] Streaming discord_game_utils@1 to /home/harry/.config/discord/0.0.131/modules/pending/discord_game_utils-1.zip: 64%
3/31/2026, 10:57:58 PM GMT+7 [Modules] Streaming discord_game_utils@1 to /home/harry/.config/discord/0.0.131/modules/pending/discord_game_utils-1.zip: 65%
3/31/2026, 10:57:58 PM GMT+7 [Modules] Streaming discord_game_utils@1 to /home/harry/.config/discord/0.0.131/modules/pending/discord_game_utils-1.zip: 66%
3/31/2026, 10:57:58 PM GMT+7 [Modules] Streaming discord_game_utils@1 to /home/harry/.config/discord/0.0.131/modules/pending/discord_game_utils-1.zip: 67%
3/31/2026, 10:57:58 PM GMT+7 [Modules] Streaming discord_game_utils@1 to /home/harry/.config/discord/0.0.131/modules/pending/discord_game_utils-1.zip: 68%
3/31/2026, 10:57:58 PM GMT+7 [Modules] Streaming discord_game_utils@1 to /home/harry/.config/discord/0.0.131/modules/pending/discord_game_utils-1.zip: 69%
3/31/2026, 10:57:58 PM GMT+7 [Modules] Streaming discord_game_utils@1 to /home/harry/.config/discord/0.0.131/modules/pending/discord_game_utils-1.zip: 70%
3/31/2026, 10:57:58 PM GMT+7 [Modules] Streaming discord_game_utils@1 to /home/harry/.config/discord/0.0.131/modules/pending/discord_game_utils-1.zip: 71%
3/31/2026, 10:57:58 PM GMT+7 [Modules] Streaming discord_game_utils@1 to /home/harry/.config/discord/0.0.131/modules/pending/discord_game_utils-1.zip: 72%
3/31/2026, 10:57:58 PM GMT+7 [Modules] Streaming discord_game_utils@1 to /home/harry/.config/discord/0.0.131/modules/pending/discord_game_utils-1.zip: 73%
3/31/2026, 10:57:58 PM GMT+7 [Modules] Streaming discord_game_utils@1 to /home/harry/.config/discord/0.0.131/modules/pending/discord_game_utils-1.zip: 74%
3/31/2026, 10:57:58 PM GMT+7 [Modules] Streaming discord_game_utils@1 to /home/harry/.config/discord/0.0.131/modules/pending/discord_game_utils-1.zip: 75%
3/31/2026, 10:57:58 PM GMT+7 [Modules] Streaming discord_game_utils@1 to /home/harry/.config/discord/0.0.131/modules/pending/discord_game_utils-1.zip: 76%
3/31/2026, 10:57:58 PM GMT+7 [Modules] Streaming discord_game_utils@1 to /home/harry/.config/discord/0.0.131/modules/pending/discord_game_utils-1.zip: 77%
3/31/2026, 10:57:58 PM GMT+7 [Modules] Streaming discord_game_utils@1 to /home/harry/.config/discord/0.0.131/modules/pending/discord_game_utils-1.zip: 78%
3/31/2026, 10:57:58 PM GMT+7 [Modules] Streaming discord_game_utils@1 to /home/harry/.config/discord/0.0.131/modules/pending/discord_game_utils-1.zip: 79%
3/31/2026, 10:57:58 PM GMT+7 [Modules] Streaming discord_game_utils@1 to /home/harry/.config/discord/0.0.131/modules/pending/discord_game_utils-1.zip: 80%
3/31/2026, 10:57:58 PM GMT+7 [Modules] Streaming discord_game_utils@1 to /home/harry/.config/discord/0.0.131/modules/pending/discord_game_utils-1.zip: 81%
3/31/2026, 10:57:58 PM GMT+7 [Modules] Streaming discord_game_utils@1 to /home/harry/.config/discord/0.0.131/modules/pending/discord_game_utils-1.zip: 82%
3/31/2026, 10:57:58 PM GMT+7 [Modules] Streaming discord_game_utils@1 to /home/harry/.config/discord/0.0.131/modules/pending/discord_game_utils-1.zip: 83%
3/31/2026, 10:57:58 PM GMT+7 [Modules] Streaming discord_game_utils@1 to /home/harry/.config/discord/0.0.131/modules/pending/discord_game_utils-1.zip: 84%
3/31/2026, 10:57:58 PM GMT+7 [Modules] Streaming discord_game_utils@1 to /home/harry/.config/discord/0.0.131/modules/pending/discord_game_utils-1.zip: 85%
3/31/2026, 10:57:58 PM GMT+7 [Modules] Streaming discord_game_utils@1 to /home/harry/.config/discord/0.0.131/modules/pending/discord_game_utils-1.zip: 86%
3/31/2026, 10:57:58 PM GMT+7 [Modules] Streaming discord_game_utils@1 to /home/harry/.config/discord/0.0.131/modules/pending/discord_game_utils-1.zip: 87%
3/31/2026, 10:57:58 PM GMT+7 [Modules] Streaming discord_game_utils@1 to /home/harry/.config/discord/0.0.131/modules/pending/discord_game_utils-1.zip: 88%
3/31/2026, 10:57:58 PM GMT+7 [Modules] Streaming discord_game_utils@1 to /home/harry/.config/discord/0.0.131/modules/pending/discord_game_utils-1.zip: 89%
3/31/2026, 10:57:58 PM GMT+7 [Modules] Streaming discord_game_utils@1 to /home/harry/.config/discord/0.0.131/modules/pending/discord_game_utils-1.zip: 90%
3/31/2026, 10:57:58 PM GMT+7 [Modules] Streaming discord_game_utils@1 to /home/harry/.config/discord/0.0.131/modules/pending/discord_game_utils-1.zip: 91%
3/31/2026, 10:57:58 PM GMT+7 [Modules] Streaming discord_game_utils@1 to /home/harry/.config/discord/0.0.131/modules/pending/discord_game_utils-1.zip: 92%
3/31/2026, 10:57:58 PM GMT+7 [Modules] Streaming discord_game_utils@1 to /home/harry/.config/discord/0.0.131/modules/pending/discord_game_utils-1.zip: 93%
3/31/2026, 10:57:58 PM GMT+7 [Modules] Streaming discord_game_utils@1 to /home/harry/.config/discord/0.0.131/modules/pending/discord_game_utils-1.zip: 94%
3/31/2026, 10:57:58 PM GMT+7 [Modules] Streaming discord_game_utils@1 to /home/harry/.config/discord/0.0.131/modules/pending/discord_game_utils-1.zip: 95%
3/31/2026, 10:57:58 PM GMT+7 [Modules] Streaming discord_game_utils@1 to /home/harry/.config/discord/0.0.131/modules/pending/discord_game_utils-1.zip: 96%
3/31/2026, 10:57:58 PM GMT+7 [Modules] Streaming discord_game_utils@1 to /home/harry/.config/discord/0.0.131/modules/pending/discord_game_utils-1.zip: 97%
3/31/2026, 10:57:58 PM GMT+7 [Modules] Streaming discord_game_utils@1 to /home/harry/.config/discord/0.0.131/modules/pending/discord_game_utils-1.zip: 98%
3/31/2026, 10:57:58 PM GMT+7 [Modules] Streaming discord_game_utils@1 to /home/harry/.config/discord/0.0.131/modules/pending/discord_game_utils-1.zip: 99%
3/31/2026, 10:57:58 PM GMT+7 [Modules] Streaming discord_game_utils@1 to /home/harry/.config/discord/0.0.131/modules/pending/discord_game_utils-1.zip: 100%
3/31/2026, 10:57:58 PM GMT+7 [Modules] Fetching discord_rpc@1 from https://discord.com/api/modules/stable/discord_rpc/1
3/31/2026, 10:57:58 PM GMT+7 [Modules] Streaming discord_rpc@1 to /home/harry/.config/discord/0.0.131/modules/pending/discord_rpc-1.zip
3/31/2026, 10:57:58 PM GMT+7 [Modules] Installing discord_game_utils@1 from /home/harry/.config/discord/0.0.131/modules/pending/discord_game_utils-1.zip
3/31/2026, 10:57:58 PM GMT+7 [Modules] Finished module installations. [success: 1] [failure: 0]
3/31/2026, 10:57:58 PM GMT+7 [Modules] Streaming discord_rpc@1 to /home/harry/.config/discord/0.0.131/modules/pending/discord_rpc-1.zip: 73%
3/31/2026, 10:57:58 PM GMT+7 [Modules] Streaming discord_rpc@1 to /home/harry/.config/discord/0.0.131/modules/pending/discord_rpc-1.zip: 97%
3/31/2026, 10:57:58 PM GMT+7 [Modules] Streaming discord_rpc@1 to /home/harry/.config/discord/0.0.131/modules/pending/discord_rpc-1.zip: 100%
3/31/2026, 10:57:58 PM GMT+7 [Modules] Finished module downloads. [success: 3] [failure: 0]
3/31/2026, 10:57:58 PM GMT+7 [Modules] Installing discord_rpc@1 from /home/harry/.config/discord/0.0.131/modules/pending/discord_rpc-1.zip
3/31/2026, 10:57:58 PM GMT+7 [Modules] Finished module installations. [success: 1] [failure: 0]
3/31/2026, 10:58:49 PM GMT+7 [Modules] Checking for host updates.
3/31/2026, 10:58:49 PM GMT+7 [Modules] Host is up to date.
3/31/2026, 10:58:49 PM GMT+7 [Modules] Checking for module updates at https://discord.com/api/modules/stable/versions.json
3/31/2026, 10:58:49 PM GMT+7 [Modules] No module updates available.
3/31/2026, 11:58:49 PM GMT+7 [Modules] Checking for host updates.
3/31/2026, 11:58:49 PM GMT+7 [Modules] Host is up to date.
3/31/2026, 11:58:49 PM GMT+7 [Modules] Checking for module updates at https://discord.com/api/modules/stable/versions.json
3/31/2026, 11:58:49 PM GMT+7 [Modules] No module updates available.
4/1/2026, 12:58:49 AM GMT+7 [Modules] Checking for host updates.
4/1/2026, 12:58:49 AM GMT+7 [Modules] Host is up to date.
4/1/2026, 12:58:49 AM GMT+7 [Modules] Checking for module updates at https://discord.com/api/modules/stable/versions.json
4/1/2026, 12:58:49 AM GMT+7 [Modules] No module updates available.
4/1/2026, 1:58:49 AM GMT+7 [Modules] Checking for host updates.
4/1/2026, 1:58:49 AM GMT+7 [Modules] Host is up to date.
4/1/2026, 1:58:49 AM GMT+7 [Modules] Checking for module updates at https://discord.com/api/modules/stable/versions.json
4/1/2026, 1:58:49 AM GMT+7 [Modules] No module updates available.
4/1/2026, 2:58:49 AM GMT+7 [Modules] Checking for host updates.
4/1/2026, 2:58:49 AM GMT+7 [Modules] Host is up to date.
4/1/2026, 2:58:49 AM GMT+7 [Modules] Checking for module updates at https://discord.com/api/modules/stable/versions.json
4/1/2026, 2:58:49 AM GMT+7 [Modules] No module updates available.
4/1/2026, 3:58:49 AM GMT+7 [Modules] Checking for host updates.
4/1/2026, 3:58:49 AM GMT+7 [Modules] Host is up to date.
4/1/2026, 3:58:49 AM GMT+7 [Modules] Checking for module updates at https://discord.com/api/modules/stable/versions.json
4/1/2026, 3:58:49 AM GMT+7 [Modules] No module updates available.
4/1/2026, 4:58:49 AM GMT+7 [Modules] Checking for host updates.
4/1/2026, 4:58:49 AM GMT+7 [Modules] Host is up to date.
4/1/2026, 4:58:49 AM GMT+7 [Modules] Checking for module updates at https://discord.com/api/modules/stable/versions.json
4/1/2026, 4:58:49 AM GMT+7 [Modules] No module updates available.
4/1/2026, 5:58:49 AM GMT+7 [Modules] Checking for host updates.
4/1/2026, 5:58:49 AM GMT+7 [Modules] Host is up to date.
4/1/2026, 5:58:49 AM GMT+7 [Modules] Checking for module updates at https://discord.com/api/modules/stable/versions.json
4/1/2026, 5:58:49 AM GMT+7 [Modules] No module updates available.
4/1/2026, 6:58:49 AM GMT+7 [Modules] Checking for host updates.
4/1/2026, 6:58:49 AM GMT+7 [Modules] Host is up to date.
4/1/2026, 6:58:49 AM GMT+7 [Modules] Checking for module updates at https://discord.com/api/modules/stable/versions.json
4/1/2026, 6:58:49 AM GMT+7 [Modules] No module updates available.
4/1/2026, 7:58:49 AM GMT+7 [Modules] Checking for host updates.
4/1/2026, 7:58:49 AM GMT+7 [Modules] Host is up to date.
4/1/2026, 7:58:49 AM GMT+7 [Modules] Checking for module updates at https://discord.com/api/modules/stable/versions.json
4/1/2026, 7:58:49 AM GMT+7 [Modules] No module updates available.
4/1/2026, 10:52:10 AM GMT+7 [Modules] Modules initializing
4/1/2026, 10:52:10 AM GMT+7 [Modules] Distribution: remote
4/1/2026, 10:52:10 AM GMT+7 [Modules] Host updates: enabled
4/1/2026, 10:52:10 AM GMT+7 [Modules] Module updates: enabled
4/1/2026, 10:52:10 AM GMT+7 [Modules] Module install path: /home/harry/.config/discord/0.0.131/modules
4/1/2026, 10:52:10 AM GMT+7 [Modules] Module installed file path: /home/harry/.config/discord/0.0.131/modules/installed.json
4/1/2026, 10:52:10 AM GMT+7 [Modules] Module download path: /home/harry/.config/discord/0.0.131/modules/pending
4/1/2026, 10:52:10 AM GMT+7 [Modules] No updates to install
4/1/2026, 10:52:10 AM GMT+7 [Modules] Checking for host updates.
4/1/2026, 10:52:11 AM GMT+7 [Modules] Host is up to date.
4/1/2026, 10:52:11 AM GMT+7 [Modules] Checking for module updates at https://discord.com/api/modules/stable/versions.json
4/1/2026, 10:52:11 AM GMT+7 [Modules] No module updates available.
4/1/2026, 10:52:17 AM GMT+7 [Modules] Checking for host updates.
4/1/2026, 10:52:18 AM GMT+7 [Modules] Host is up to date.
4/1/2026, 10:52:18 AM GMT+7 [Modules] Checking for module updates at https://discord.com/api/modules/stable/versions.json
4/1/2026, 10:52:18 AM GMT+7 [Modules] No module updates available.
4/1/2026, 11:52:18 AM GMT+7 [Modules] Checking for host updates.
4/1/2026, 11:52:19 AM GMT+7 [Modules] Host is up to date.
4/1/2026, 11:52:19 AM GMT+7 [Modules] Checking for module updates at https://discord.com/api/modules/stable/versions.json
4/1/2026, 11:52:19 AM GMT+7 [Modules] No module updates available.
4/1/2026, 12:52:18 PM GMT+7 [Modules] Checking for host updates.
4/1/2026, 12:52:19 PM GMT+7 [Modules] Host is up to date.
4/1/2026, 12:52:19 PM GMT+7 [Modules] Checking for module updates at https://discord.com/api/modules/stable/versions.json
4/1/2026, 12:52:19 PM GMT+7 [Modules] No module updates available.
