[2026-03-31 22:57:40.869] [info]  DiscordSplash.signalReady
[2026-03-31 22:57:40.884] [info]  DiscordSplash.onStateUpdate: {"status":"installing-updates","current":1,"total":6}
[2026-03-31 22:57:40.885] [info]  Splash.onStateUpdate: {"status":"installing-updates","current":1,"total":6}
[2026-03-31 22:57:40.885] [info]  DiscordSplash.onStateUpdate: {"status":"installing-updates","current":2,"total":6}
[2026-03-31 22:57:40.886] [info]  Splash.onStateUpdate: {"status":"installing-updates","current":2,"total":6}
[2026-03-31 22:57:40.886] [info]  DiscordSplash.onStateUpdate: {"status":"installing-updates","current":3,"total":6}
[2026-03-31 22:57:40.886] [info]  Splash.onStateUpdate: {"status":"installing-updates","current":3,"total":6}
[2026-03-31 22:57:40.886] [info]  DiscordSplash.onStateUpdate: {"status":"installing-updates","current":4,"total":6}
[2026-03-31 22:57:40.886] [info]  Splash.onStateUpdate: {"status":"installing-updates","current":4,"total":6}
[2026-03-31 22:57:40.886] [info]  DiscordSplash.onStateUpdate: {"status":"installing-updates","current":5,"total":6}
[2026-03-31 22:57:40.887] [info]  Splash.onStateUpdate: {"status":"installing-updates","current":5,"total":6}
[2026-03-31 22:57:40.887] [info]  DiscordSplash.onStateUpdate: {"status":"installing-updates","current":6,"total":6}
[2026-03-31 22:57:40.887] [info]  Splash.onStateUpdate: {"status":"installing-updates","current":6,"total":6}
[2026-03-31 22:57:40.887] [info]  DiscordSplash.onStateUpdate: {"status":"checking-for-updates","current":6,"total":6}
[2026-03-31 22:57:40.887] [info]  Splash.onStateUpdate: {"status":"checking-for-updates","current":6,"total":6}
[2026-03-31 22:57:41.442] [info]  DiscordSplash.onStateUpdate: {"status":"downloading-updates","current":1,"total":6}
[2026-03-31 22:57:41.443] [info]  Splash.onStateUpdate: {"status":"downloading-updates","current":1,"total":6}
[2026-03-31 22:57:41.869] [info]  Splash.updateCountdownSeconds: undefined
[2026-03-31 22:57:42.101] [info]  DiscordSplash.onStateUpdate: {"status":"downloading-updates","current":1,"total":6,"progress":1}
[2026-03-31 22:57:42.102] [info]  Splash.onStateUpdate: {"status":"downloading-updates","current":1,"total":6,"progress":1}
[2026-03-31 22:57:42.103] [info]  DiscordSplash.onStateUpdate: {"status":"downloading-updates","current":1,"total":6,"progress":2}
[2026-03-31 22:57:42.104] [info]  Splash.onStateUpdate: {"status":"downloading-updates","current":1,"total":6,"progress":2}
[2026-03-31 22:57:42.142] [info]  DiscordSplash.onStateUpdate: {"status":"downloading-updates","current":1,"total":6,"progress":3}
[2026-03-31 22:57:42.142] [info]  Splash.onStateUpdate: {"status":"downloading-updates","current":1,"total":6,"progress":3}
[2026-03-31 22:57:42.142] [info]  DiscordSplash.onStateUpdate: {"status":"downloading-updates","current":1,"total":6,"progress":4}
[2026-03-31 22:57:42.142] [info]  Splash.onStateUpdate: {"status":"downloading-updates","current":1,"total":6,"progress":4}
[2026-03-31 22:57:42.146] [info]  DiscordSplash.onStateUpdate: {"status":"downloading-updates","current":1,"total":6,"progress":5}
[2026-03-31 22:57:42.146] [info]  Splash.onStateUpdate: {"status":"downloading-updates","current":1,"total":6,"progress":5}
[2026-03-31 22:57:42.147] [info]  DiscordSplash.onStateUpdate: {"status":"downloading-updates","current":1,"total":6,"progress":6}
[2026-03-31 22:57:42.148] [info]  Splash.onStateUpdate: {"status":"downloading-updates","current":1,"total":6,"progress":6}
[2026-03-31 22:57:42.150] [info]  DiscordSplash.onStateUpdate: {"status":"downloading-updates","current":1,"total":6,"progress":7}
[2026-03-31 22:57:42.150] [info]  Splash.onStateUpdate: {"status":"downloading-updates","current":1,"total":6,"progress":7}
[2026-03-31 22:57:42.178] [info]  DiscordSplash.onStateUpdate: {"status":"downloading-updates","current":1,"total":6,"progress":8}
[2026-03-31 22:57:42.178] [info]  Splash.onStateUpdate: {"status":"downloading-updates","current":1,"total":6,"progress":8}
[2026-03-31 22:57:42.179] [info]  DiscordSplash.onStateUpdate: {"status":"downloading-updates","current":1,"total":6,"progress":9}
[2026-03-31 22:57:42.179] [info]  Splash.onStateUpdate: {"status":"downloading-updates","current":1,"total":6,"progress":9}
[2026-03-31 22:57:42.183] [info]  DiscordSplash.onStateUpdate: {"status":"downloading-updates","current":1,"total":6,"progress":10}
[2026-03-31 22:57:42.184] [info]  Splash.onStateUpdate: {"status":"downloading-updates","current":1,"total":6,"progress":10}
[2026-03-31 22:57:42.186] [info]  DiscordSplash.onStateUpdate: {"status":"downloading-updates","current":1,"total":6,"progress":11}
[2026-03-31 22:57:42.186] [info]  Splash.onStateUpdate: {"status":"downloading-updates","current":1,"total":6,"progress":11}
[2026-03-31 22:57:42.189] [info]  DiscordSplash.onStateUpdate: {"status":"downloading-updates","current":1,"total":6,"progress":12}
[2026-03-31 22:57:42.189] [info]  Splash.onStateUpdate: {"status":"downloading-updates","current":1,"total":6,"progress":12}
[2026-03-31 22:57:42.193] [info]  DiscordSplash.onStateUpdate: {"status":"downloading-updates","current":1,"total":6,"progress":13}
[2026-03-31 22:57:42.193] [info]  Splash.onStateUpdate: {"status":"downloading-updates","current":1,"total":6,"progress":13}
[2026-03-31 22:57:42.195] [info]  DiscordSplash.onStateUpdate: {"status":"downloading-updates","current":1,"total":6,"progress":14}
[2026-03-31 22:57:42.195] [info]  Splash.onStateUpdate: {"status":"downloading-updates","current":1,"total":6,"progress":14}
[2026-03-31 22:57:42.220] [info]  DiscordSplash.onStateUpdate: {"status":"downloading-updates","current":1,"total":6,"progress":15}
[2026-03-31 22:57:42.220] [info]  Splash.onStateUpdate: {"status":"downloading-updates","current":1,"total":6,"progress":15}
[2026-03-31 22:57:42.224] [info]  DiscordSplash.onStateUpdate: {"status":"downloading-updates","current":1,"total":6,"progress":16}
[2026-03-31 22:57:42.224] [info]  Splash.onStateUpdate: {"status":"downloading-updates","current":1,"total":6,"progress":16}
[2026-03-31 22:57:42.225] [info]  DiscordSplash.onStateUpdate: {"status":"downloading-updates","current":1,"total":6,"progress":17}
[2026-03-31 22:57:42.225] [info]  Splash.onStateUpdate: {"status":"downloading-updates","current":1,"total":6,"progress":17}
[2026-03-31 22:57:42.228] [info]  DiscordSplash.onStateUpdate: {"status":"downloading-updates","current":1,"total":6,"progress":18}
[2026-03-31 22:57:42.228] [info]  Splash.onStateUpdate: {"status":"downloading-updates","current":1,"total":6,"progress":18}
[2026-03-31 22:57:42.230] [info]  DiscordSplash.onStateUpdate: {"status":"downloading-updates","current":1,"total":6,"progress":19}
[2026-03-31 22:57:42.230] [info]  Splash.onStateUpdate: {"status":"downloading-updates","current":1,"total":6,"progress":19}
[2026-03-31 22:57:42.233] [info]  DiscordSplash.onStateUpdate: {"status":"downloading-updates","current":1,"total":6,"progress":20}
[2026-03-31 22:57:42.233] [info]  Splash.onStateUpdate: {"status":"downloading-updates","current":1,"total":6,"progress":20}
[2026-03-31 22:57:42.235] [info]  DiscordSplash.onStateUpdate: {"status":"downloading-updates","current":1,"total":6,"progress":21}
[2026-03-31 22:57:42.235] [info]  Splash.onStateUpdate: {"status":"downloading-updates","current":1,"total":6,"progress":21}
[2026-03-31 22:57:42.237] [info]  DiscordSplash.onStateUpdate: {"status":"downloading-updates","current":1,"total":6,"progress":22}
[2026-03-31 22:57:42.237] [info]  Splash.onStateUpdate: {"status":"downloading-updates","current":1,"total":6,"progress":22}
[2026-03-31 22:57:42.240] [info]  DiscordSplash.onStateUpdate: {"status":"downloading-updates","current":1,"total":6,"progress":23}
[2026-03-31 22:57:42.241] [info]  Splash.onStateUpdate: {"status":"downloading-updates","current":1,"total":6,"progress":23}
[2026-03-31 22:57:42.242] [info]  DiscordSplash.onStateUpdate: {"status":"downloading-updates","current":1,"total":6,"progress":24}
[2026-03-31 22:57:42.242] [info]  Splash.onStateUpdate: {"status":"downloading-updates","current":1,"total":6,"progress":24}
[2026-03-31 22:57:42.258] [info]  DiscordSplash.onStateUpdate: {"status":"downloading-updates","current":1,"total":6,"progress":25}
[2026-03-31 22:57:42.258] [info]  Splash.onStateUpdate: {"status":"downloading-updates","current":1,"total":6,"progress":25}
[2026-03-31 22:57:42.259] [info]  DiscordSplash.onStateUpdate: {"status":"downloading-updates","current":1,"total":6,"progress":26}
[2026-03-31 22:57:42.259] [info]  Splash.onStateUpdate: {"status":"downloading-updates","current":1,"total":6,"progress":26}
[2026-03-31 22:57:42.264] [info]  DiscordSplash.onStateUpdate: {"status":"downloading-updates","current":1,"total":6,"progress":27}
[2026-03-31 22:57:42.264] [info]  Splash.onStateUpdate: {"status":"downloading-updates","current":1,"total":6,"progress":27}
[2026-03-31 22:57:42.266] [info]  DiscordSplash.onStateUpdate: {"status":"downloading-updates","current":1,"total":6,"progress":28}
[2026-03-31 22:57:42.266] [info]  Splash.onStateUpdate: {"status":"downloading-updates","current":1,"total":6,"progress":28}
[2026-03-31 22:57:42.267] [info]  DiscordSplash.onStateUpdate: {"status":"downloading-updates","current":1,"total":6,"progress":29}
[2026-03-31 22:57:42.267] [info]  Splash.onStateUpdate: {"status":"downloading-updates","current":1,"total":6,"progress":29}
[2026-03-31 22:57:42.270] [info]  DiscordSplash.onStateUpdate: {"status":"downloading-updates","current":1,"total":6,"progress":30}
[2026-03-31 22:57:42.270] [info]  Splash.onStateUpdate: {"status":"downloading-updates","current":1,"total":6,"progress":30}
[2026-03-31 22:57:42.273] [info]  DiscordSplash.onStateUpdate: {"status":"downloading-updates","current":1,"total":6,"progress":31}
[2026-03-31 22:57:42.273] [info]  Splash.onStateUpdate: {"status":"downloading-updates","current":1,"total":6,"progress":31}
[2026-03-31 22:57:42.275] [info]  DiscordSplash.onStateUpdate: {"status":"downloading-updates","current":1,"total":6,"progress":32}
[2026-03-31 22:57:42.276] [info]  Splash.onStateUpdate: {"status":"downloading-updates","current":1,"total":6,"progress":32}
[2026-03-31 22:57:42.277] [info]  DiscordSplash.onStateUpdate: {"status":"downloading-updates","current":1,"total":6,"progress":33}
[2026-03-31 22:57:42.277] [info]  Splash.onStateUpdate: {"status":"downloading-updates","current":1,"total":6,"progress":33}
[2026-03-31 22:57:42.279] [info]  DiscordSplash.onStateUpdate: {"status":"downloading-updates","current":1,"total":6,"progress":34}
[2026-03-31 22:57:42.279] [info]  Splash.onStateUpdate: {"status":"downloading-updates","current":1,"total":6,"progress":34}
[2026-03-31 22:57:42.282] [info]  DiscordSplash.onStateUpdate: {"status":"downloading-updates","current":1,"total":6,"progress":35}
[2026-03-31 22:57:42.282] [info]  Splash.onStateUpdate: {"status":"downloading-updates","current":1,"total":6,"progress":35}
[2026-03-31 22:57:42.284] [info]  DiscordSplash.onStateUpdate: {"status":"downloading-updates","current":1,"total":6,"progress":36}
[2026-03-31 22:57:42.284] [info]  Splash.onStateUpdate: {"status":"downloading-updates","current":1,"total":6,"progress":36}
[2026-03-31 22:57:42.300] [info]  DiscordSplash.onStateUpdate: {"status":"downloading-updates","current":1,"total":6,"progress":37}
[2026-03-31 22:57:42.300] [info]  Splash.onStateUpdate: {"status":"downloading-updates","current":1,"total":6,"progress":37}
[2026-03-31 22:57:42.301] [info]  DiscordSplash.onStateUpdate: {"status":"downloading-updates","current":1,"total":6,"progress":38}
[2026-03-31 22:57:42.302] [info]  Splash.onStateUpdate: {"status":"downloading-updates","current":1,"total":6,"progress":38}
[2026-03-31 22:57:42.304] [info]  DiscordSplash.onStateUpdate: {"status":"downloading-updates","current":1,"total":6,"progress":39}
[2026-03-31 22:57:42.304] [info]  Splash.onStateUpdate: {"status":"downloading-updates","current":1,"total":6,"progress":39}
[2026-03-31 22:57:42.307] [info]  DiscordSplash.onStateUpdate: {"status":"downloading-updates","current":1,"total":6,"progress":40}
[2026-03-31 22:57:42.307] [info]  Splash.onStateUpdate: {"status":"downloading-updates","current":1,"total":6,"progress":40}
[2026-03-31 22:57:42.308] [info]  DiscordSplash.onStateUpdate: {"status":"downloading-updates","current":1,"total":6,"progress":41}
[2026-03-31 22:57:42.308] [info]  Splash.onStateUpdate: {"status":"downloading-updates","current":1,"total":6,"progress":41}
[2026-03-31 22:57:42.311] [info]  DiscordSplash.onStateUpdate: {"status":"downloading-updates","current":1,"total":6,"progress":42}
[2026-03-31 22:57:42.311] [info]  Splash.onStateUpdate: {"status":"downloading-updates","current":1,"total":6,"progress":42}
[2026-03-31 22:57:42.312] [info]  DiscordSplash.onStateUpdate: {"status":"downloading-updates","current":1,"total":6,"progress":43}
[2026-03-31 22:57:42.312] [info]  Splash.onStateUpdate: {"status":"downloading-updates","current":1,"total":6,"progress":43}
[2026-03-31 22:57:42.314] [info]  DiscordSplash.onStateUpdate: {"status":"downloading-updates","current":1,"total":6,"progress":44}
[2026-03-31 22:57:42.314] [info]  Splash.onStateUpdate: {"status":"downloading-updates","current":1,"total":6,"progress":44}
[2026-03-31 22:57:42.316] [info]  DiscordSplash.onStateUpdate: {"status":"downloading-updates","current":1,"total":6,"progress":45}
[2026-03-31 22:57:42.316] [info]  Splash.onStateUpdate: {"status":"downloading-updates","current":1,"total":6,"progress":45}
[2026-03-31 22:57:42.318] [info]  DiscordSplash.onStateUpdate: {"status":"downloading-updates","current":1,"total":6,"progress":46}
[2026-03-31 22:57:42.318] [info]  Splash.onStateUpdate: {"status":"downloading-updates","current":1,"total":6,"progress":46}
[2026-03-31 22:57:42.321] [info]  DiscordSplash.onStateUpdate: {"status":"downloading-updates","current":1,"total":6,"progress":47}
[2026-03-31 22:57:42.321] [info]  Splash.onStateUpdate: {"status":"downloading-updates","current":1,"total":6,"progress":47}
[2026-03-31 22:57:42.323] [info]  DiscordSplash.onStateUpdate: {"status":"downloading-updates","current":1,"total":6,"progress":48}
[2026-03-31 22:57:42.323] [info]  Splash.onStateUpdate: {"status":"downloading-updates","current":1,"total":6,"progress":48}
[2026-03-31 22:57:42.323] [info]  DiscordSplash.onStateUpdate: {"status":"downloading-updates","current":1,"total":6,"progress":49}
[2026-03-31 22:57:42.324] [info]  Splash.onStateUpdate: {"status":"downloading-updates","current":1,"total":6,"progress":49}
[2026-03-31 22:57:42.326] [info]  DiscordSplash.onStateUpdate: {"status":"downloading-updates","current":1,"total":6,"progress":50}
[2026-03-31 22:57:42.326] [info]  Splash.onStateUpdate: {"status":"downloading-updates","current":1,"total":6,"progress":50}
[2026-03-31 22:57:42.327] [info]  DiscordSplash.onStateUpdate: {"status":"downloading-updates","current":1,"total":6,"progress":51}
[2026-03-31 22:57:42.328] [info]  Splash.onStateUpdate: {"status":"downloading-updates","current":1,"total":6,"progress":51}
[2026-03-31 22:57:42.330] [info]  DiscordSplash.onStateUpdate: {"status":"downloading-updates","current":1,"total":6,"progress":52}
[2026-03-31 22:57:42.330] [info]  Splash.onStateUpdate: {"status":"downloading-updates","current":1,"total":6,"progress":52}
[2026-03-31 22:57:42.332] [info]  DiscordSplash.onStateUpdate: {"status":"downloading-updates","current":1,"total":6,"progress":53}
[2026-03-31 22:57:42.332] [info]  Splash.onStateUpdate: {"status":"downloading-updates","current":1,"total":6,"progress":53}
[2026-03-31 22:57:42.333] [info]  DiscordSplash.onStateUpdate: {"status":"downloading-updates","current":1,"total":6,"progress":54}
[2026-03-31 22:57:42.333] [info]  Splash.onStateUpdate: {"status":"downloading-updates","current":1,"total":6,"progress":54}
[2026-03-31 22:57:42.336] [info]  DiscordSplash.onStateUpdate: {"status":"downloading-updates","current":1,"total":6,"progress":55}
[2026-03-31 22:57:42.336] [info]  Splash.onStateUpdate: {"status":"downloading-updates","current":1,"total":6,"progress":55}
[2026-03-31 22:57:42.337] [info]  DiscordSplash.onStateUpdate: {"status":"downloading-updates","current":1,"total":6,"progress":56}
[2026-03-31 22:57:42.337] [info]  Splash.onStateUpdate: {"status":"downloading-updates","current":1,"total":6,"progress":56}
[2026-03-31 22:57:42.340] [info]  DiscordSplash.onStateUpdate: {"status":"downloading-updates","current":1,"total":6,"progress":57}
[2026-03-31 22:57:42.340] [info]  Splash.onStateUpdate: {"status":"downloading-updates","current":1,"total":6,"progress":57}
[2026-03-31 22:57:42.341] [info]  DiscordSplash.onStateUpdate: {"status":"downloading-updates","current":1,"total":6,"progress":58}
[2026-03-31 22:57:42.342] [info]  Splash.onStateUpdate: {"status":"downloading-updates","current":1,"total":6,"progress":58}
[2026-03-31 22:57:42.344] [info]  DiscordSplash.onStateUpdate: {"status":"downloading-updates","current":1,"total":6,"progress":59}
[2026-03-31 22:57:42.344] [info]  Splash.onStateUpdate: {"status":"downloading-updates","current":1,"total":6,"progress":59}
[2026-03-31 22:57:42.346] [info]  DiscordSplash.onStateUpdate: {"status":"downloading-updates","current":1,"total":6,"progress":60}
[2026-03-31 22:57:42.346] [info]  Splash.onStateUpdate: {"status":"downloading-updates","current":1,"total":6,"progress":60}
[2026-03-31 22:57:42.347] [info]  DiscordSplash.onStateUpdate: {"status":"downloading-updates","current":1,"total":6,"progress":61}
[2026-03-31 22:57:42.347] [info]  Splash.onStateUpdate: {"status":"downloading-updates","current":1,"total":6,"progress":61}
[2026-03-31 22:57:42.350] [info]  DiscordSplash.onStateUpdate: {"status":"downloading-updates","current":1,"total":6,"progress":62}
[2026-03-31 22:57:42.350] [info]  Splash.onStateUpdate: {"status":"downloading-updates","current":1,"total":6,"progress":62}
[2026-03-31 22:57:42.351] [info]  DiscordSplash.onStateUpdate: {"status":"downloading-updates","current":1,"total":6,"progress":63}
[2026-03-31 22:57:42.351] [info]  Splash.onStateUpdate: {"status":"downloading-updates","current":1,"total":6,"progress":63}
[2026-03-31 22:57:42.354] [info]  DiscordSplash.onStateUpdate: {"status":"downloading-updates","current":1,"total":6,"progress":64}
[2026-03-31 22:57:42.354] [info]  Splash.onStateUpdate: {"status":"downloading-updates","current":1,"total":6,"progress":64}
[2026-03-31 22:57:42.356] [info]  DiscordSplash.onStateUpdate: {"status":"downloading-updates","current":1,"total":6,"progress":65}
[2026-03-31 22:57:42.356] [info]  Splash.onStateUpdate: {"status":"downloading-updates","current":1,"total":6,"progress":65}
[2026-03-31 22:57:42.357] [info]  DiscordSplash.onStateUpdate: {"status":"downloading-updates","current":1,"total":6,"progress":66}
[2026-03-31 22:57:42.357] [info]  Splash.onStateUpdate: {"status":"downloading-updates","current":1,"total":6,"progress":66}
[2026-03-31 22:57:42.360] [info]  DiscordSplash.onStateUpdate: {"status":"downloading-updates","current":1,"total":6,"progress":67}
[2026-03-31 22:57:42.360] [info]  Splash.onStateUpdate: {"status":"downloading-updates","current":1,"total":6,"progress":67}
[2026-03-31 22:57:42.361] [info]  DiscordSplash.onStateUpdate: {"status":"downloading-updates","current":1,"total":6,"progress":68}
[2026-03-31 22:57:42.361] [info]  Splash.onStateUpdate: {"status":"downloading-updates","current":1,"total":6,"progress":68}
[2026-03-31 22:57:42.364] [info]  DiscordSplash.onStateUpdate: {"status":"downloading-updates","current":1,"total":6,"progress":69}
[2026-03-31 22:57:42.364] [info]  Splash.onStateUpdate: {"status":"downloading-updates","current":1,"total":6,"progress":69}
[2026-03-31 22:57:42.365] [info]  DiscordSplash.onStateUpdate: {"status":"downloading-updates","current":1,"total":6,"progress":70}
[2026-03-31 22:57:42.365] [info]  Splash.onStateUpdate: {"status":"downloading-updates","current":1,"total":6,"progress":70}
[2026-03-31 22:57:42.367] [info]  DiscordSplash.onStateUpdate: {"status":"downloading-updates","current":1,"total":6,"progress":71}
[2026-03-31 22:57:42.367] [info]  Splash.onStateUpdate: {"status":"downloading-updates","current":1,"total":6,"progress":71}
[2026-03-31 22:57:42.369] [info]  DiscordSplash.onStateUpdate: {"status":"downloading-updates","current":1,"total":6,"progress":72}
[2026-03-31 22:57:42.369] [info]  Splash.onStateUpdate: {"status":"downloading-updates","current":1,"total":6,"progress":72}
[2026-03-31 22:57:42.371] [info]  DiscordSplash.onStateUpdate: {"status":"downloading-updates","current":1,"total":6,"progress":73}
[2026-03-31 22:57:42.371] [info]  Splash.onStateUpdate: {"status":"downloading-updates","current":1,"total":6,"progress":73}
[2026-03-31 22:57:42.374] [info]  DiscordSplash.onStateUpdate: {"status":"downloading-updates","current":1,"total":6,"progress":74}
[2026-03-31 22:57:42.374] [info]  Splash.onStateUpdate: {"status":"downloading-updates","current":1,"total":6,"progress":74}
[2026-03-31 22:57:42.375] [info]  DiscordSplash.onStateUpdate: {"status":"downloading-updates","current":1,"total":6,"progress":75}
[2026-03-31 22:57:42.375] [info]  Splash.onStateUpdate: {"status":"downloading-updates","current":1,"total":6,"progress":75}
[2026-03-31 22:57:42.376] [info]  DiscordSplash.onStateUpdate: {"status":"downloading-updates","current":1,"total":6,"progress":76}
[2026-03-31 22:57:42.376] [info]  Splash.onStateUpdate: {"status":"downloading-updates","current":1,"total":6,"progress":76}
[2026-03-31 22:57:42.379] [info]  DiscordSplash.onStateUpdate: {"status":"downloading-updates","current":1,"total":6,"progress":77}
[2026-03-31 22:57:42.379] [info]  Splash.onStateUpdate: {"status":"downloading-updates","current":1,"total":6,"progress":77}
[2026-03-31 22:57:42.380] [info]  DiscordSplash.onStateUpdate: {"status":"downloading-updates","current":1,"total":6,"progress":78}
[2026-03-31 22:57:42.381] [info]  Splash.onStateUpdate: {"status":"downloading-updates","current":1,"total":6,"progress":78}
[2026-03-31 22:57:42.383] [info]  DiscordSplash.onStateUpdate: {"status":"downloading-updates","current":1,"total":6,"progress":79}
[2026-03-31 22:57:42.384] [info]  Splash.onStateUpdate: {"status":"downloading-updates","current":1,"total":6,"progress":79}
[2026-03-31 22:57:42.385] [info]  DiscordSplash.onStateUpdate: {"status":"downloading-updates","current":1,"total":6,"progress":80}
[2026-03-31 22:57:42.385] [info]  Splash.onStateUpdate: {"status":"downloading-updates","current":1,"total":6,"progress":80}
[2026-03-31 22:57:42.386] [info]  DiscordSplash.onStateUpdate: {"status":"downloading-updates","current":1,"total":6,"progress":81}
[2026-03-31 22:57:42.386] [info]  Splash.onStateUpdate: {"status":"downloading-updates","current":1,"total":6,"progress":81}
[2026-03-31 22:57:42.389] [info]  DiscordSplash.onStateUpdate: {"status":"downloading-updates","current":1,"total":6,"progress":82}
[2026-03-31 22:57:42.389] [info]  Splash.onStateUpdate: {"status":"downloading-updates","current":1,"total":6,"progress":82}
[2026-03-31 22:57:42.390] [info]  DiscordSplash.onStateUpdate: {"status":"downloading-updates","current":1,"total":6,"progress":83}
[2026-03-31 22:57:42.390] [info]  Splash.onStateUpdate: {"status":"downloading-updates","current":1,"total":6,"progress":83}
[2026-03-31 22:57:42.393] [info]  DiscordSplash.onStateUpdate: {"status":"downloading-updates","current":1,"total":6,"progress":84}
[2026-03-31 22:57:42.393] [info]  Splash.onStateUpdate: {"status":"downloading-updates","current":1,"total":6,"progress":84}
[2026-03-31 22:57:42.394] [info]  DiscordSplash.onStateUpdate: {"status":"downloading-updates","current":1,"total":6,"progress":85}
[2026-03-31 22:57:42.395] [info]  Splash.onStateUpdate: {"status":"downloading-updates","current":1,"total":6,"progress":85}
[2026-03-31 22:57:42.397] [info]  DiscordSplash.onStateUpdate: {"status":"downloading-updates","current":1,"total":6,"progress":86}
[2026-03-31 22:57:42.398] [info]  Splash.onStateUpdate: {"status":"downloading-updates","current":1,"total":6,"progress":86}
[2026-03-31 22:57:42.400] [info]  DiscordSplash.onStateUpdate: {"status":"downloading-updates","current":1,"total":6,"progress":87}
[2026-03-31 22:57:42.400] [info]  Splash.onStateUpdate: {"status":"downloading-updates","current":1,"total":6,"progress":87}
[2026-03-31 22:57:42.402] [info]  DiscordSplash.onStateUpdate: {"status":"downloading-updates","current":1,"total":6,"progress":88}
[2026-03-31 22:57:42.402] [info]  Splash.onStateUpdate: {"status":"downloading-updates","current":1,"total":6,"progress":88}
[2026-03-31 22:57:42.403] [info]  DiscordSplash.onStateUpdate: {"status":"downloading-updates","current":1,"total":6,"progress":89}
[2026-03-31 22:57:42.403] [info]  Splash.onStateUpdate: {"status":"downloading-updates","current":1,"total":6,"progress":89}
[2026-03-31 22:57:42.404] [info]  DiscordSplash.onStateUpdate: {"status":"downloading-updates","current":1,"total":6,"progress":90}
[2026-03-31 22:57:42.404] [info]  Splash.onStateUpdate: {"status":"downloading-updates","current":1,"total":6,"progress":90}
[2026-03-31 22:57:42.406] [info]  DiscordSplash.onStateUpdate: {"status":"downloading-updates","current":1,"total":6,"progress":91}
[2026-03-31 22:57:42.406] [info]  Splash.onStateUpdate: {"status":"downloading-updates","current":1,"total":6,"progress":91}
[2026-03-31 22:57:42.408] [info]  DiscordSplash.onStateUpdate: {"status":"downloading-updates","current":1,"total":6,"progress":92}
[2026-03-31 22:57:42.408] [info]  Splash.onStateUpdate: {"status":"downloading-updates","current":1,"total":6,"progress":92}
[2026-03-31 22:57:42.410] [info]  DiscordSplash.onStateUpdate: {"status":"downloading-updates","current":1,"total":6,"progress":93}
[2026-03-31 22:57:42.410] [info]  Splash.onStateUpdate: {"status":"downloading-updates","current":1,"total":6,"progress":93}
[2026-03-31 22:57:42.412] [info]  DiscordSplash.onStateUpdate: {"status":"downloading-updates","current":1,"total":6,"progress":94}
[2026-03-31 22:57:42.412] [info]  Splash.onStateUpdate: {"status":"downloading-updates","current":1,"total":6,"progress":94}
[2026-03-31 22:57:42.414] [info]  DiscordSplash.onStateUpdate: {"status":"downloading-updates","current":1,"total":6,"progress":95}
[2026-03-31 22:57:42.414] [info]  Splash.onStateUpdate: {"status":"downloading-updates","current":1,"total":6,"progress":95}
[2026-03-31 22:57:42.417] [info]  DiscordSplash.onStateUpdate: {"status":"downloading-updates","current":1,"total":6,"progress":96}
[2026-03-31 22:57:42.417] [info]  Splash.onStateUpdate: {"status":"downloading-updates","current":1,"total":6,"progress":96}
[2026-03-31 22:57:42.418] [info]  DiscordSplash.onStateUpdate: {"status":"downloading-updates","current":1,"total":6,"progress":97}
[2026-03-31 22:57:42.418] [info]  Splash.onStateUpdate: {"status":"downloading-updates","current":1,"total":6,"progress":97}
[2026-03-31 22:57:42.419] [info]  DiscordSplash.onStateUpdate: {"status":"downloading-updates","current":1,"total":6,"progress":98}
[2026-03-31 22:57:42.419] [info]  Splash.onStateUpdate: {"status":"downloading-updates","current":1,"total":6,"progress":98}
[2026-03-31 22:57:42.424] [info]  DiscordSplash.onStateUpdate: {"status":"downloading-updates","current":1,"total":6,"progress":100}
[2026-03-31 22:57:42.424] [info]  Splash.onStateUpdate: {"status":"downloading-updates","current":1,"total":6,"progress":100}
[2026-03-31 22:57:42.425] [info]  DiscordSplash.onStateUpdate: {"status":"downloading-updates","current":2,"total":6}
[2026-03-31 22:57:42.425] [info]  Splash.onStateUpdate: {"status":"downloading-updates","current":2,"total":6}
[2026-03-31 22:57:42.856] [info]  DiscordSplash.onStateUpdate: {"status":"downloading-updates","current":2,"total":6,"progress":2}
[2026-03-31 22:57:42.857] [info]  Splash.onStateUpdate: {"status":"downloading-updates","current":2,"total":6,"progress":2}
[2026-03-31 22:57:42.859] [info]  DiscordSplash.onStateUpdate: {"status":"downloading-updates","current":2,"total":6,"progress":3}
[2026-03-31 22:57:42.860] [info]  Splash.onStateUpdate: {"status":"downloading-updates","current":2,"total":6,"progress":3}
[2026-03-31 22:57:42.861] [info]  DiscordSplash.onStateUpdate: {"status":"downloading-updates","current":2,"total":6,"progress":4}
[2026-03-31 22:57:42.861] [info]  Splash.onStateUpdate: {"status":"downloading-updates","current":2,"total":6,"progress":4}
[2026-03-31 22:57:42.861] [info]  DiscordSplash.onStateUpdate: {"status":"downloading-updates","current":2,"total":6,"progress":6}
[2026-03-31 22:57:42.861] [info]  Splash.onStateUpdate: {"status":"downloading-updates","current":2,"total":6,"progress":6}
[2026-03-31 22:57:42.862] [info]  DiscordSplash.onStateUpdate: {"status":"downloading-updates","current":2,"total":6,"progress":7}
[2026-03-31 22:57:42.862] [info]  Splash.onStateUpdate: {"status":"downloading-updates","current":2,"total":6,"progress":7}
[2026-03-31 22:57:42.863] [info]  DiscordSplash.onStateUpdate: {"status":"downloading-updates","current":2,"total":6,"progress":8}
[2026-03-31 22:57:42.863] [info]  Splash.onStateUpdate: {"status":"downloading-updates","current":2,"total":6,"progress":8}
[2026-03-31 22:57:42.864] [info]  DiscordSplash.onStateUpdate: {"status":"downloading-updates","current":2,"total":6,"progress":9}
[2026-03-31 22:57:42.865] [info]  Splash.onStateUpdate: {"status":"downloading-updates","current":2,"total":6,"progress":9}
[2026-03-31 22:57:42.867] [info]  DiscordSplash.onStateUpdate: {"status":"downloading-updates","current":2,"total":6,"progress":10}
[2026-03-31 22:57:42.867] [info]  Splash.onStateUpdate: {"status":"downloading-updates","current":2,"total":6,"progress":10}
[2026-03-31 22:57:42.869] [info]  DiscordSplash.onStateUpdate: {"status":"downloading-updates","current":2,"total":6,"progress":11}
[2026-03-31 22:57:42.869] [info]  Splash.onStateUpdate: {"status":"downloading-updates","current":2,"total":6,"progress":11}
[2026-03-31 22:57:42.869] [info]  Splash.updateCountdownSeconds: undefined
[2026-03-31 22:57:42.872] [info]  DiscordSplash.onStateUpdate: {"status":"downloading-updates","current":2,"total":6,"progress":12}
[2026-03-31 22:57:42.872] [info]  Splash.onStateUpdate: {"status":"downloading-updates","current":2,"total":6,"progress":12}
[2026-03-31 22:57:42.873] [info]  DiscordSplash.onStateUpdate: {"status":"downloading-updates","current":2,"total":6,"progress":13}
[2026-03-31 22:57:42.873] [info]  Splash.onStateUpdate: {"status":"downloading-updates","current":2,"total":6,"progress":13}
[2026-03-31 22:57:42.876] [info]  DiscordSplash.onStateUpdate: {"status":"downloading-updates","current":2,"total":6,"progress":14}
[2026-03-31 22:57:42.876] [info]  Splash.onStateUpdate: {"status":"downloading-updates","current":2,"total":6,"progress":14}
[2026-03-31 22:57:42.878] [info]  DiscordSplash.onStateUpdate: {"status":"downloading-updates","current":2,"total":6,"progress":15}
[2026-03-31 22:57:42.878] [info]  Splash.onStateUpdate: {"status":"downloading-updates","current":2,"total":6,"progress":15}
[2026-03-31 22:57:42.879] [info]  DiscordSplash.onStateUpdate: {"status":"downloading-updates","current":2,"total":6,"progress":16}
[2026-03-31 22:57:42.879] [info]  Splash.onStateUpdate: {"status":"downloading-updates","current":2,"total":6,"progress":16}
[2026-03-31 22:57:42.881] [info]  DiscordSplash.onStateUpdate: {"status":"downloading-updates","current":2,"total":6,"progress":17}
[2026-03-31 22:57:42.881] [info]  Splash.onStateUpdate: {"status":"downloading-updates","current":2,"total":6,"progress":17}
[2026-03-31 22:57:42.883] [info]  DiscordSplash.onStateUpdate: {"status":"downloading-updates","current":2,"total":6,"progress":18}
[2026-03-31 22:57:42.883] [info]  Splash.onStateUpdate: {"status":"downloading-updates","current":2,"total":6,"progress":18}
[2026-03-31 22:57:42.885] [info]  DiscordSplash.onStateUpdate: {"status":"downloading-updates","current":2,"total":6,"progress":19}
[2026-03-31 22:57:42.886] [info]  Splash.onStateUpdate: {"status":"downloading-updates","current":2,"total":6,"progress":19}
[2026-03-31 22:57:42.887] [info]  DiscordSplash.onStateUpdate: {"status":"downloading-updates","current":2,"total":6,"progress":20}
[2026-03-31 22:57:42.887] [info]  Splash.onStateUpdate: {"status":"downloading-updates","current":2,"total":6,"progress":20}
[2026-03-31 22:57:42.890] [info]  DiscordSplash.onStateUpdate: {"status":"downloading-updates","current":2,"total":6,"progress":21}
[2026-03-31 22:57:42.890] [info]  Splash.onStateUpdate: {"status":"downloading-updates","current":2,"total":6,"progress":21}
[2026-03-31 22:57:42.891] [info]  DiscordSplash.onStateUpdate: {"status":"downloading-updates","current":2,"total":6,"progress":22}
[2026-03-31 22:57:42.891] [info]  Splash.onStateUpdate: {"status":"downloading-updates","current":2,"total":6,"progress":22}
[2026-03-31 22:57:42.892] [info]  DiscordSplash.onStateUpdate: {"status":"downloading-updates","current":2,"total":6,"progress":23}
[2026-03-31 22:57:42.893] [info]  Splash.onStateUpdate: {"status":"downloading-updates","current":2,"total":6,"progress":23}
[2026-03-31 22:57:42.895] [info]  DiscordSplash.onStateUpdate: {"status":"downloading-updates","current":2,"total":6,"progress":24}
[2026-03-31 22:57:42.895] [info]  Splash.onStateUpdate: {"status":"downloading-updates","current":2,"total":6,"progress":24}
[2026-03-31 22:57:42.897] [info]  DiscordSplash.onStateUpdate: {"status":"downloading-updates","current":2,"total":6,"progress":25}
[2026-03-31 22:57:42.897] [info]  Splash.onStateUpdate: {"status":"downloading-updates","current":2,"total":6,"progress":25}
[2026-03-31 22:57:42.899] [info]  DiscordSplash.onStateUpdate: {"status":"downloading-updates","current":2,"total":6,"progress":26}
[2026-03-31 22:57:42.900] [info]  Splash.onStateUpdate: {"status":"downloading-updates","current":2,"total":6,"progress":26}
[2026-03-31 22:57:42.901] [info]  DiscordSplash.onStateUpdate: {"status":"downloading-updates","current":2,"total":6,"progress":27}
[2026-03-31 22:57:42.901] [info]  Splash.onStateUpdate: {"status":"downloading-updates","current":2,"total":6,"progress":27}
[2026-03-31 22:57:42.904] [info]  DiscordSplash.onStateUpdate: {"status":"downloading-updates","current":2,"total":6,"progress":28}
[2026-03-31 22:57:42.904] [info]  Splash.onStateUpdate: {"status":"downloading-updates","current":2,"total":6,"progress":28}
[2026-03-31 22:57:42.906] [info]  DiscordSplash.onStateUpdate: {"status":"downloading-updates","current":2,"total":6,"progress":29}
[2026-03-31 22:57:42.906] [info]  Splash.onStateUpdate: {"status":"downloading-updates","current":2,"total":6,"progress":29}
[2026-03-31 22:57:42.908] [info]  DiscordSplash.onStateUpdate: {"status":"downloading-updates","current":2,"total":6,"progress":30}
[2026-03-31 22:57:42.908] [info]  Splash.onStateUpdate: {"status":"downloading-updates","current":2,"total":6,"progress":30}
[2026-03-31 22:57:42.910] [info]  DiscordSplash.onStateUpdate: {"status":"downloading-updates","current":2,"total":6,"progress":31}
[2026-03-31 22:57:42.911] [info]  Splash.onStateUpdate: {"status":"downloading-updates","current":2,"total":6,"progress":31}
[2026-03-31 22:57:42.914] [info]  DiscordSplash.onStateUpdate: {"status":"downloading-updates","current":2,"total":6,"progress":32}
[2026-03-31 22:57:42.914] [info]  Splash.onStateUpdate: {"status":"downloading-updates","current":2,"total":6,"progress":32}
[2026-03-31 22:57:42.916] [info]  DiscordSplash.onStateUpdate: {"status":"downloading-updates","current":2,"total":6,"progress":33}
[2026-03-31 22:57:42.916] [info]  Splash.onStateUpdate: {"status":"downloading-updates","current":2,"total":6,"progress":33}
[2026-03-31 22:57:42.916] [info]  DiscordSplash.onStateUpdate: {"status":"downloading-updates","current":2,"total":6,"progress":34}
[2026-03-31 22:57:42.916] [info]  Splash.onStateUpdate: {"status":"downloading-updates","current":2,"total":6,"progress":34}
[2026-03-31 22:57:42.918] [info]  DiscordSplash.onStateUpdate: {"status":"downloading-updates","current":2,"total":6,"progress":35}
[2026-03-31 22:57:42.918] [info]  Splash.onStateUpdate: {"status":"downloading-updates","current":2,"total":6,"progress":35}
[2026-03-31 22:57:42.919] [info]  DiscordSplash.onStateUpdate: {"status":"downloading-updates","current":2,"total":6,"progress":36}
[2026-03-31 22:57:42.919] [info]  Splash.onStateUpdate: {"status":"downloading-updates","current":2,"total":6,"progress":36}
[2026-03-31 22:57:42.922] [info]  DiscordSplash.onStateUpdate: {"status":"downloading-updates","current":2,"total":6,"progress":37}
[2026-03-31 22:57:42.922] [info]  Splash.onStateUpdate: {"status":"downloading-updates","current":2,"total":6,"progress":37}
[2026-03-31 22:57:42.924] [info]  DiscordSplash.onStateUpdate: {"status":"downloading-updates","current":2,"total":6,"progress":38}
[2026-03-31 22:57:42.926] [info]  Splash.onStateUpdate: {"status":"downloading-updates","current":2,"total":6,"progress":38}
[2026-03-31 22:57:42.926] [info]  DiscordSplash.onStateUpdate: {"status":"downloading-updates","current":2,"total":6,"progress":39}
[2026-03-31 22:57:42.926] [info]  Splash.onStateUpdate: {"status":"downloading-updates","current":2,"total":6,"progress":39}
[2026-03-31 22:57:42.928] [info]  DiscordSplash.onStateUpdate: {"status":"downloading-updates","current":2,"total":6,"progress":40}
[2026-03-31 22:57:42.928] [info]  Splash.onStateUpdate: {"status":"downloading-updates","current":2,"total":6,"progress":40}
[2026-03-31 22:57:42.929] [info]  DiscordSplash.onStateUpdate: {"status":"downloading-updates","current":2,"total":6,"progress":41}
[2026-03-31 22:57:42.929] [info]  Splash.onStateUpdate: {"status":"downloading-updates","current":2,"total":6,"progress":41}
[2026-03-31 22:57:42.932] [info]  DiscordSplash.onStateUpdate: {"status":"downloading-updates","current":2,"total":6,"progress":42}
[2026-03-31 22:57:42.932] [info]  Splash.onStateUpdate: {"status":"downloading-updates","current":2,"total":6,"progress":42}
[2026-03-31 22:57:42.933] [info]  DiscordSplash.onStateUpdate: {"status":"downloading-updates","current":2,"total":6,"progress":43}
[2026-03-31 22:57:42.933] [info]  Splash.onStateUpdate: {"status":"downloading-updates","current":2,"total":6,"progress":43}
[2026-03-31 22:57:42.935] [info]  DiscordSplash.onStateUpdate: {"status":"downloading-updates","current":2,"total":6,"progress":44}
[2026-03-31 22:57:42.936] [info]  Splash.onStateUpdate: {"status":"downloading-updates","current":2,"total":6,"progress":44}
[2026-03-31 22:57:42.937] [info]  DiscordSplash.onStateUpdate: {"status":"downloading-updates","current":2,"total":6,"progress":45}
[2026-03-31 22:57:42.937] [info]  Splash.onStateUpdate: {"status":"downloading-updates","current":2,"total":6,"progress":45}
[2026-03-31 22:57:42.938] [info]  DiscordSplash.onStateUpdate: {"status":"downloading-updates","current":2,"total":6,"progress":46}
[2026-03-31 22:57:42.938] [info]  Splash.onStateUpdate: {"status":"downloading-updates","current":2,"total":6,"progress":46}
[2026-03-31 22:57:42.941] [info]  DiscordSplash.onStateUpdate: {"status":"downloading-updates","current":2,"total":6,"progress":47}
[2026-03-31 22:57:42.941] [info]  Splash.onStateUpdate: {"status":"downloading-updates","current":2,"total":6,"progress":47}
[2026-03-31 22:57:42.942] [info]  DiscordSplash.onStateUpdate: {"status":"downloading-updates","current":2,"total":6,"progress":48}
[2026-03-31 22:57:42.943] [info]  Splash.onStateUpdate: {"status":"downloading-updates","current":2,"total":6,"progress":48}
[2026-03-31 22:57:42.945] [info]  DiscordSplash.onStateUpdate: {"status":"downloading-updates","current":2,"total":6,"progress":49}
[2026-03-31 22:57:42.945] [info]  Splash.onStateUpdate: {"status":"downloading-updates","current":2,"total":6,"progress":49}
[2026-03-31 22:57:42.947] [info]  DiscordSplash.onStateUpdate: {"status":"downloading-updates","current":2,"total":6,"progress":50}
[2026-03-31 22:57:42.947] [info]  Splash.onStateUpdate: {"status":"downloading-updates","current":2,"total":6,"progress":50}
[2026-03-31 22:57:42.949] [info]  DiscordSplash.onStateUpdate: {"status":"downloading-updates","current":2,"total":6,"progress":51}
[2026-03-31 22:57:42.949] [info]  Splash.onStateUpdate: {"status":"downloading-updates","current":2,"total":6,"progress":51}
[2026-03-31 22:57:42.951] [info]  DiscordSplash.onStateUpdate: {"status":"downloading-updates","current":2,"total":6,"progress":52}
[2026-03-31 22:57:42.951] [info]  Splash.onStateUpdate: {"status":"downloading-updates","current":2,"total":6,"progress":52}
[2026-03-31 22:57:42.952] [info]  DiscordSplash.onStateUpdate: {"status":"downloading-updates","current":2,"total":6,"progress":53}
[2026-03-31 22:57:42.952] [info]  Splash.onStateUpdate: {"status":"downloading-updates","current":2,"total":6,"progress":53}
[2026-03-31 22:57:42.955] [info]  DiscordSplash.onStateUpdate: {"status":"downloading-updates","current":2,"total":6,"progress":54}
[2026-03-31 22:57:42.955] [info]  Splash.onStateUpdate: {"status":"downloading-updates","current":2,"total":6,"progress":54}
[2026-03-31 22:57:42.957] [info]  DiscordSplash.onStateUpdate: {"status":"downloading-updates","current":2,"total":6,"progress":55}
[2026-03-31 22:57:42.958] [info]  Splash.onStateUpdate: {"status":"downloading-updates","current":2,"total":6,"progress":55}
[2026-03-31 22:57:42.959] [info]  DiscordSplash.onStateUpdate: {"status":"downloading-updates","current":2,"total":6,"progress":56}
[2026-03-31 22:57:42.960] [info]  Splash.onStateUpdate: {"status":"downloading-updates","current":2,"total":6,"progress":56}
[2026-03-31 22:57:42.961] [info]  DiscordSplash.onStateUpdate: {"status":"downloading-updates","current":2,"total":6,"progress":57}
[2026-03-31 22:57:42.961] [info]  Splash.onStateUpdate: {"status":"downloading-updates","current":2,"total":6,"progress":57}
[2026-03-31 22:57:42.963] [info]  DiscordSplash.onStateUpdate: {"status":"downloading-updates","current":2,"total":6,"progress":58}
[2026-03-31 22:57:42.963] [info]  Splash.onStateUpdate: {"status":"downloading-updates","current":2,"total":6,"progress":58}
[2026-03-31 22:57:42.965] [info]  DiscordSplash.onStateUpdate: {"status":"downloading-updates","current":2,"total":6,"progress":59}
[2026-03-31 22:57:42.965] [info]  Splash.onStateUpdate: {"status":"downloading-updates","current":2,"total":6,"progress":59}
[2026-03-31 22:57:42.966] [info]  DiscordSplash.onStateUpdate: {"status":"downloading-updates","current":2,"total":6,"progress":60}
[2026-03-31 22:57:42.966] [info]  Splash.onStateUpdate: {"status":"downloading-updates","current":2,"total":6,"progress":60}
[2026-03-31 22:57:42.969] [info]  DiscordSplash.onStateUpdate: {"status":"downloading-updates","current":2,"total":6,"progress":61}
[2026-03-31 22:57:42.969] [info]  Splash.onStateUpdate: {"status":"downloading-updates","current":2,"total":6,"progress":61}
[2026-03-31 22:57:42.970] [info]  DiscordSplash.onStateUpdate: {"status":"downloading-updates","current":2,"total":6,"progress":62}
[2026-03-31 22:57:42.971] [info]  Splash.onStateUpdate: {"status":"downloading-updates","current":2,"total":6,"progress":62}
[2026-03-31 22:57:42.974] [info]  DiscordSplash.onStateUpdate: {"status":"downloading-updates","current":2,"total":6,"progress":63}
[2026-03-31 22:57:42.975] [info]  Splash.onStateUpdate: {"status":"downloading-updates","current":2,"total":6,"progress":63}
[2026-03-31 22:57:42.975] [info]  DiscordSplash.onStateUpdate: {"status":"downloading-updates","current":2,"total":6,"progress":64}
[2026-03-31 22:57:42.975] [info]  Splash.onStateUpdate: {"status":"downloading-updates","current":2,"total":6,"progress":64}
[2026-03-31 22:57:42.977] [info]  DiscordSplash.onStateUpdate: {"status":"downloading-updates","current":2,"total":6,"progress":65}
[2026-03-31 22:57:42.977] [info]  Splash.onStateUpdate: {"status":"downloading-updates","current":2,"total":6,"progress":65}
[2026-03-31 22:57:42.979] [info]  DiscordSplash.onStateUpdate: {"status":"downloading-updates","current":2,"total":6,"progress":66}
[2026-03-31 22:57:42.979] [info]  Splash.onStateUpdate: {"status":"downloading-updates","current":2,"total":6,"progress":66}
[2026-03-31 22:57:42.980] [info]  DiscordSplash.onStateUpdate: {"status":"downloading-updates","current":2,"total":6,"progress":67}
[2026-03-31 22:57:42.980] [info]  Splash.onStateUpdate: {"status":"downloading-updates","current":2,"total":6,"progress":67}
[2026-03-31 22:57:42.983] [info]  DiscordSplash.onStateUpdate: {"status":"downloading-updates","current":2,"total":6,"progress":68}
[2026-03-31 22:57:42.983] [info]  Splash.onStateUpdate: {"status":"downloading-updates","current":2,"total":6,"progress":68}
[2026-03-31 22:57:42.984] [info]  DiscordSplash.onStateUpdate: {"status":"downloading-updates","current":2,"total":6,"progress":69}
[2026-03-31 22:57:42.984] [info]  Splash.onStateUpdate: {"status":"downloading-updates","current":2,"total":6,"progress":69}
[2026-03-31 22:57:42.987] [info]  DiscordSplash.onStateUpdate: {"status":"downloading-updates","current":2,"total":6,"progress":70}
[2026-03-31 22:57:42.987] [info]  Splash.onStateUpdate: {"status":"downloading-updates","current":2,"total":6,"progress":70}
[2026-03-31 22:57:42.988] [info]  DiscordSplash.onStateUpdate: {"status":"downloading-updates","current":2,"total":6,"progress":71}
[2026-03-31 22:57:42.989] [info]  Splash.onStateUpdate: {"status":"downloading-updates","current":2,"total":6,"progress":71}
[2026-03-31 22:57:42.992] [info]  DiscordSplash.onStateUpdate: {"status":"downloading-updates","current":2,"total":6,"progress":72}
[2026-03-31 22:57:42.992] [info]  Splash.onStateUpdate: {"status":"downloading-updates","current":2,"total":6,"progress":72}
[2026-03-31 22:57:42.993] [info]  DiscordSplash.onStateUpdate: {"status":"downloading-updates","current":2,"total":6,"progress":73}
[2026-03-31 22:57:42.993] [info]  Splash.onStateUpdate: {"status":"downloading-updates","current":2,"total":6,"progress":73}
[2026-03-31 22:57:42.995] [info]  DiscordSplash.onStateUpdate: {"status":"downloading-updates","current":2,"total":6,"progress":74}
[2026-03-31 22:57:42.996] [info]  Splash.onStateUpdate: {"status":"downloading-updates","current":2,"total":6,"progress":74}
[2026-03-31 22:57:42.997] [info]  DiscordSplash.onStateUpdate: {"status":"downloading-updates","current":2,"total":6,"progress":75}
[2026-03-31 22:57:42.997] [info]  Splash.onStateUpdate: {"status":"downloading-updates","current":2,"total":6,"progress":75}
[2026-03-31 22:57:42.998] [info]  DiscordSplash.onStateUpdate: {"status":"downloading-updates","current":2,"total":6,"progress":76}
[2026-03-31 22:57:42.998] [info]  Splash.onStateUpdate: {"status":"downloading-updates","current":2,"total":6,"progress":76}
[2026-03-31 22:57:43.001] [info]  DiscordSplash.onStateUpdate: {"status":"downloading-updates","current":2,"total":6,"progress":77}
[2026-03-31 22:57:43.001] [info]  Splash.onStateUpdate: {"status":"downloading-updates","current":2,"total":6,"progress":77}
[2026-03-31 22:57:43.002] [info]  DiscordSplash.onStateUpdate: {"status":"downloading-updates","current":2,"total":6,"progress":78}
[2026-03-31 22:57:43.003] [info]  Splash.onStateUpdate: {"status":"downloading-updates","current":2,"total":6,"progress":78}
[2026-03-31 22:57:43.005] [info]  DiscordSplash.onStateUpdate: {"status":"downloading-updates","current":2,"total":6,"progress":79}
[2026-03-31 22:57:43.005] [info]  Splash.onStateUpdate: {"status":"downloading-updates","current":2,"total":6,"progress":79}
[2026-03-31 22:57:43.007] [info]  DiscordSplash.onStateUpdate: {"status":"downloading-updates","current":2,"total":6,"progress":80}
[2026-03-31 22:57:43.007] [info]  Splash.onStateUpdate: {"status":"downloading-updates","current":2,"total":6,"progress":80}
[2026-03-31 22:57:43.009] [info]  DiscordSplash.onStateUpdate: {"status":"downloading-updates","current":2,"total":6,"progress":81}
[2026-03-31 22:57:43.009] [info]  Splash.onStateUpdate: {"status":"downloading-updates","current":2,"total":6,"progress":81}
[2026-03-31 22:57:43.011] [info]  DiscordSplash.onStateUpdate: {"status":"downloading-updates","current":2,"total":6,"progress":82}
[2026-03-31 22:57:43.011] [info]  Splash.onStateUpdate: {"status":"downloading-updates","current":2,"total":6,"progress":82}
[2026-03-31 22:57:43.012] [info]  DiscordSplash.onStateUpdate: {"status":"downloading-updates","current":2,"total":6,"progress":83}
[2026-03-31 22:57:43.012] [info]  Splash.onStateUpdate: {"status":"downloading-updates","current":2,"total":6,"progress":83}
[2026-03-31 22:57:43.015] [info]  DiscordSplash.onStateUpdate: {"status":"downloading-updates","current":2,"total":6,"progress":84}
[2026-03-31 22:57:43.015] [info]  Splash.onStateUpdate: {"status":"downloading-updates","current":2,"total":6,"progress":84}
[2026-03-31 22:57:43.016] [info]  DiscordSplash.onStateUpdate: {"status":"downloading-updates","current":2,"total":6,"progress":85}
[2026-03-31 22:57:43.016] [info]  Splash.onStateUpdate: {"status":"downloading-updates","current":2,"total":6,"progress":85}
[2026-03-31 22:57:43.019] [info]  DiscordSplash.onStateUpdate: {"status":"downloading-updates","current":2,"total":6,"progress":86}
[2026-03-31 22:57:43.019] [info]  Splash.onStateUpdate: {"status":"downloading-updates","current":2,"total":6,"progress":86}
[2026-03-31 22:57:43.021] [info]  DiscordSplash.onStateUpdate: {"status":"downloading-updates","current":2,"total":6,"progress":87}
[2026-03-31 22:57:43.021] [info]  Splash.onStateUpdate: {"status":"downloading-updates","current":2,"total":6,"progress":87}
[2026-03-31 22:57:43.024] [info]  DiscordSplash.onStateUpdate: {"status":"downloading-updates","current":2,"total":6,"progress":88}
[2026-03-31 22:57:43.024] [info]  Splash.onStateUpdate: {"status":"downloading-updates","current":2,"total":6,"progress":88}
[2026-03-31 22:57:43.025] [info]  DiscordSplash.onStateUpdate: {"status":"downloading-updates","current":2,"total":6,"progress":89}
[2026-03-31 22:57:43.025] [info]  Splash.onStateUpdate: {"status":"downloading-updates","current":2,"total":6,"progress":89}
[2026-03-31 22:57:43.025] [info]  DiscordSplash.onStateUpdate: {"status":"downloading-updates","current":2,"total":6,"progress":90}
[2026-03-31 22:57:43.025] [info]  Splash.onStateUpdate: {"status":"downloading-updates","current":2,"total":6,"progress":90}
[2026-03-31 22:57:43.029] [info]  DiscordSplash.onStateUpdate: {"status":"downloading-updates","current":2,"total":6,"progress":91}
[2026-03-31 22:57:43.029] [info]  Splash.onStateUpdate: {"status":"downloading-updates","current":2,"total":6,"progress":91}
[2026-03-31 22:57:43.030] [info]  DiscordSplash.onStateUpdate: {"status":"downloading-updates","current":2,"total":6,"progress":92}
[2026-03-31 22:57:43.030] [info]  Splash.onStateUpdate: {"status":"downloading-updates","current":2,"total":6,"progress":92}
[2026-03-31 22:57:43.033] [info]  DiscordSplash.onStateUpdate: {"status":"downloading-updates","current":2,"total":6,"progress":93}
[2026-03-31 22:57:43.033] [info]  Splash.onStateUpdate: {"status":"downloading-updates","current":2,"total":6,"progress":93}
[2026-03-31 22:57:43.034] [info]  DiscordSplash.onStateUpdate: {"status":"downloading-updates","current":2,"total":6,"progress":94}
[2026-03-31 22:57:43.034] [info]  Splash.onStateUpdate: {"status":"downloading-updates","current":2,"total":6,"progress":94}
[2026-03-31 22:57:43.037] [info]  DiscordSplash.onStateUpdate: {"status":"downloading-updates","current":2,"total":6,"progress":95}
[2026-03-31 22:57:43.037] [info]  Splash.onStateUpdate: {"status":"downloading-updates","current":2,"total":6,"progress":95}
[2026-03-31 22:57:43.039] [info]  DiscordSplash.onStateUpdate: {"status":"downloading-updates","current":2,"total":6,"progress":96}
[2026-03-31 22:57:43.040] [info]  Splash.onStateUpdate: {"status":"downloading-updates","current":2,"total":6,"progress":96}
[2026-03-31 22:57:43.043] [info]  DiscordSplash.onStateUpdate: {"status":"downloading-updates","current":2,"total":6,"progress":97}
[2026-03-31 22:57:43.043] [info]  Splash.onStateUpdate: {"status":"downloading-updates","current":2,"total":6,"progress":97}
[2026-03-31 22:57:43.044] [info]  DiscordSplash.onStateUpdate: {"status":"downloading-updates","current":2,"total":6,"progress":98}
[2026-03-31 22:57:43.044] [info]  Splash.onStateUpdate: {"status":"downloading-updates","current":2,"total":6,"progress":98}
[2026-03-31 22:57:43.044] [info]  DiscordSplash.onStateUpdate: {"status":"downloading-updates","current":2,"total":6,"progress":99}
[2026-03-31 22:57:43.044] [info]  Splash.onStateUpdate: {"status":"downloading-updates","current":2,"total":6,"progress":99}
[2026-03-31 22:57:43.046] [info]  DiscordSplash.onStateUpdate: {"status":"downloading-updates","current":2,"total":6,"progress":100}
[2026-03-31 22:57:43.046] [info]  Splash.onStateUpdate: {"status":"downloading-updates","current":2,"total":6,"progress":100}
[2026-03-31 22:57:43.046] [info]  DiscordSplash.onStateUpdate: {"status":"downloading-updates","current":3,"total":6}
[2026-03-31 22:57:43.046] [info]  Splash.onStateUpdate: {"status":"downloading-updates","current":3,"total":6}
[2026-03-31 22:57:43.524] [info]  DiscordSplash.onStateUpdate: {"status":"downloading-updates","current":3,"total":6,"progress":1}
[2026-03-31 22:57:43.524] [info]  Splash.onStateUpdate: {"status":"downloading-updates","current":3,"total":6,"progress":1}
[2026-03-31 22:57:43.578] [info]  DiscordSplash.onStateUpdate: {"status":"downloading-updates","current":3,"total":6,"progress":2}
[2026-03-31 22:57:43.578] [info]  Splash.onStateUpdate: {"status":"downloading-updates","current":3,"total":6,"progress":2}
[2026-03-31 22:57:43.605] [info]  DiscordSplash.onStateUpdate: {"status":"downloading-updates","current":3,"total":6,"progress":3}
[2026-03-31 22:57:43.605] [info]  Splash.onStateUpdate: {"status":"downloading-updates","current":3,"total":6,"progress":3}
[2026-03-31 22:57:43.630] [info]  DiscordSplash.onStateUpdate: {"status":"downloading-updates","current":3,"total":6,"progress":4}
[2026-03-31 22:57:43.630] [info]  Splash.onStateUpdate: {"status":"downloading-updates","current":3,"total":6,"progress":4}
[2026-03-31 22:57:43.649] [info]  DiscordSplash.onStateUpdate: {"status":"downloading-updates","current":3,"total":6,"progress":5}
[2026-03-31 22:57:43.649] [info]  Splash.onStateUpdate: {"status":"downloading-updates","current":3,"total":6,"progress":5}
[2026-03-31 22:57:43.664] [info]  DiscordSplash.onStateUpdate: {"status":"downloading-updates","current":3,"total":6,"progress":6}
[2026-03-31 22:57:43.664] [info]  Splash.onStateUpdate: {"status":"downloading-updates","current":3,"total":6,"progress":6}
[2026-03-31 22:57:43.676] [info]  DiscordSplash.onStateUpdate: {"status":"downloading-updates","current":3,"total":6,"progress":7}
[2026-03-31 22:57:43.677] [info]  Splash.onStateUpdate: {"status":"downloading-updates","current":3,"total":6,"progress":7}
[2026-03-31 22:57:43.691] [info]  DiscordSplash.onStateUpdate: {"status":"downloading-updates","current":3,"total":6,"progress":8}
[2026-03-31 22:57:43.692] [info]  Splash.onStateUpdate: {"status":"downloading-updates","current":3,"total":6,"progress":8}
[2026-03-31 22:57:43.703] [info]  DiscordSplash.onStateUpdate: {"status":"downloading-updates","current":3,"total":6,"progress":9}
[2026-03-31 22:57:43.704] [info]  Splash.onStateUpdate: {"status":"downloading-updates","current":3,"total":6,"progress":9}
[2026-03-31 22:57:43.713] [info]  DiscordSplash.onStateUpdate: {"status":"downloading-updates","current":3,"total":6,"progress":10}
[2026-03-31 22:57:43.713] [info]  Splash.onStateUpdate: {"status":"downloading-updates","current":3,"total":6,"progress":10}
[2026-03-31 22:57:43.722] [info]  DiscordSplash.onStateUpdate: {"status":"downloading-updates","current":3,"total":6,"progress":11}
[2026-03-31 22:57:43.723] [info]  Splash.onStateUpdate: {"status":"downloading-updates","current":3,"total":6,"progress":11}
[2026-03-31 22:57:43.731] [info]  DiscordSplash.onStateUpdate: {"status":"downloading-updates","current":3,"total":6,"progress":12}
[2026-03-31 22:57:43.731] [info]  Splash.onStateUpdate: {"status":"downloading-updates","current":3,"total":6,"progress":12}
[2026-03-31 22:57:43.740] [info]  DiscordSplash.onStateUpdate: {"status":"downloading-updates","current":3,"total":6,"progress":13}
[2026-03-31 22:57:43.740] [info]  Splash.onStateUpdate: {"status":"downloading-updates","current":3,"total":6,"progress":13}
[2026-03-31 22:57:43.748] [info]  DiscordSplash.onStateUpdate: {"status":"downloading-updates","current":3,"total":6,"progress":14}
[2026-03-31 22:57:43.748] [info]  Splash.onStateUpdate: {"status":"downloading-updates","current":3,"total":6,"progress":14}
[2026-03-31 22:57:43.756] [info]  DiscordSplash.onStateUpdate: {"status":"downloading-updates","current":3,"total":6,"progress":15}
[2026-03-31 22:57:43.757] [info]  Splash.onStateUpdate: {"status":"downloading-updates","current":3,"total":6,"progress":15}
[2026-03-31 22:57:43.765] [info]  DiscordSplash.onStateUpdate: {"status":"downloading-updates","current":3,"total":6,"progress":16}
[2026-03-31 22:57:43.765] [info]  Splash.onStateUpdate: {"status":"downloading-updates","current":3,"total":6,"progress":16}
[2026-03-31 22:57:43.774] [info]  DiscordSplash.onStateUpdate: {"status":"downloading-updates","current":3,"total":6,"progress":17}
[2026-03-31 22:57:43.774] [info]  Splash.onStateUpdate: {"status":"downloading-updates","current":3,"total":6,"progress":17}
[2026-03-31 22:57:43.783] [info]  DiscordSplash.onStateUpdate: {"status":"downloading-updates","current":3,"total":6,"progress":18}
[2026-03-31 22:57:43.783] [info]  Splash.onStateUpdate: {"status":"downloading-updates","current":3,"total":6,"progress":18}
[2026-03-31 22:57:43.791] [info]  DiscordSplash.onStateUpdate: {"status":"downloading-updates","current":3,"total":6,"progress":19}
[2026-03-31 22:57:43.791] [info]  Splash.onStateUpdate: {"status":"downloading-updates","current":3,"total":6,"progress":19}
[2026-03-31 22:57:43.800] [info]  DiscordSplash.onStateUpdate: {"status":"downloading-updates","current":3,"total":6,"progress":20}
[2026-03-31 22:57:43.800] [info]  Splash.onStateUpdate: {"status":"downloading-updates","current":3,"total":6,"progress":20}
[2026-03-31 22:57:43.809] [info]  DiscordSplash.onStateUpdate: {"status":"downloading-updates","current":3,"total":6,"progress":21}
[2026-03-31 22:57:43.809] [info]  Splash.onStateUpdate: {"status":"downloading-updates","current":3,"total":6,"progress":21}
[2026-03-31 22:57:43.817] [info]  DiscordSplash.onStateUpdate: {"status":"downloading-updates","current":3,"total":6,"progress":22}
[2026-03-31 22:57:43.818] [info]  Splash.onStateUpdate: {"status":"downloading-updates","current":3,"total":6,"progress":22}
[2026-03-31 22:57:43.826] [info]  DiscordSplash.onStateUpdate: {"status":"downloading-updates","current":3,"total":6,"progress":23}
[2026-03-31 22:57:43.826] [info]  Splash.onStateUpdate: {"status":"downloading-updates","current":3,"total":6,"progress":23}
[2026-03-31 22:57:43.835] [info]  DiscordSplash.onStateUpdate: {"status":"downloading-updates","current":3,"total":6,"progress":24}
[2026-03-31 22:57:43.835] [info]  Splash.onStateUpdate: {"status":"downloading-updates","current":3,"total":6,"progress":24}
[2026-03-31 22:57:43.844] [info]  DiscordSplash.onStateUpdate: {"status":"downloading-updates","current":3,"total":6,"progress":25}
[2026-03-31 22:57:43.845] [info]  Splash.onStateUpdate: {"status":"downloading-updates","current":3,"total":6,"progress":25}
[2026-03-31 22:57:43.852] [info]  DiscordSplash.onStateUpdate: {"status":"downloading-updates","current":3,"total":6,"progress":26}
[2026-03-31 22:57:43.852] [info]  Splash.onStateUpdate: {"status":"downloading-updates","current":3,"total":6,"progress":26}
[2026-03-31 22:57:43.862] [info]  DiscordSplash.onStateUpdate: {"status":"downloading-updates","current":3,"total":6,"progress":27}
[2026-03-31 22:57:43.863] [info]  Splash.onStateUpdate: {"status":"downloading-updates","current":3,"total":6,"progress":27}
[2026-03-31 22:57:43.869] [info]  Splash.updateCountdownSeconds: undefined
[2026-03-31 22:57:43.870] [info]  DiscordSplash.onStateUpdate: {"status":"downloading-updates","current":3,"total":6,"progress":28}
[2026-03-31 22:57:43.870] [info]  Splash.onStateUpdate: {"status":"downloading-updates","current":3,"total":6,"progress":28}
[2026-03-31 22:57:43.880] [info]  DiscordSplash.onStateUpdate: {"status":"downloading-updates","current":3,"total":6,"progress":29}
[2026-03-31 22:57:43.881] [info]  Splash.onStateUpdate: {"status":"downloading-updates","current":3,"total":6,"progress":29}
[2026-03-31 22:57:43.887] [info]  DiscordSplash.onStateUpdate: {"status":"downloading-updates","current":3,"total":6,"progress":30}
[2026-03-31 22:57:43.887] [info]  Splash.onStateUpdate: {"status":"downloading-updates","current":3,"total":6,"progress":30}
[2026-03-31 22:57:43.898] [info]  DiscordSplash.onStateUpdate: {"status":"downloading-updates","current":3,"total":6,"progress":31}
[2026-03-31 22:57:43.899] [info]  Splash.onStateUpdate: {"status":"downloading-updates","current":3,"total":6,"progress":31}
[2026-03-31 22:57:43.906] [info]  DiscordSplash.onStateUpdate: {"status":"downloading-updates","current":3,"total":6,"progress":32}
[2026-03-31 22:57:43.906] [info]  Splash.onStateUpdate: {"status":"downloading-updates","current":3,"total":6,"progress":32}
[2026-03-31 22:57:43.915] [info]  DiscordSplash.onStateUpdate: {"status":"downloading-updates","current":3,"total":6,"progress":33}
[2026-03-31 22:57:43.915] [info]  Splash.onStateUpdate: {"status":"downloading-updates","current":3,"total":6,"progress":33}
[2026-03-31 22:57:43.922] [info]  DiscordSplash.onStateUpdate: {"status":"downloading-updates","current":3,"total":6,"progress":34}
[2026-03-31 22:57:43.922] [info]  Splash.onStateUpdate: {"status":"downloading-updates","current":3,"total":6,"progress":34}
[2026-03-31 22:57:43.932] [info]  DiscordSplash.onStateUpdate: {"status":"downloading-updates","current":3,"total":6,"progress":35}
[2026-03-31 22:57:43.933] [info]  Splash.onStateUpdate: {"status":"downloading-updates","current":3,"total":6,"progress":35}
[2026-03-31 22:57:43.940] [info]  DiscordSplash.onStateUpdate: {"status":"downloading-updates","current":3,"total":6,"progress":36}
[2026-03-31 22:57:43.940] [info]  Splash.onStateUpdate: {"status":"downloading-updates","current":3,"total":6,"progress":36}
[2026-03-31 22:57:43.949] [info]  DiscordSplash.onStateUpdate: {"status":"downloading-updates","current":3,"total":6,"progress":37}
[2026-03-31 22:57:43.949] [info]  Splash.onStateUpdate: {"status":"downloading-updates","current":3,"total":6,"progress":37}
[2026-03-31 22:57:43.957] [info]  DiscordSplash.onStateUpdate: {"status":"downloading-updates","current":3,"total":6,"progress":38}
[2026-03-31 22:57:43.957] [info]  Splash.onStateUpdate: {"status":"downloading-updates","current":3,"total":6,"progress":38}
[2026-03-31 22:57:43.965] [info]  DiscordSplash.onStateUpdate: {"status":"downloading-updates","current":3,"total":6,"progress":39}
[2026-03-31 22:57:43.966] [info]  Splash.onStateUpdate: {"status":"downloading-updates","current":3,"total":6,"progress":39}
[2026-03-31 22:57:43.974] [info]  DiscordSplash.onStateUpdate: {"status":"downloading-updates","current":3,"total":6,"progress":40}
[2026-03-31 22:57:43.974] [info]  Splash.onStateUpdate: {"status":"downloading-updates","current":3,"total":6,"progress":40}
[2026-03-31 22:57:43.983] [info]  DiscordSplash.onStateUpdate: {"status":"downloading-updates","current":3,"total":6,"progress":41}
[2026-03-31 22:57:43.983] [info]  Splash.onStateUpdate: {"status":"downloading-updates","current":3,"total":6,"progress":41}
[2026-03-31 22:57:43.991] [info]  DiscordSplash.onStateUpdate: {"status":"downloading-updates","current":3,"total":6,"progress":42}
[2026-03-31 22:57:43.992] [info]  Splash.onStateUpdate: {"status":"downloading-updates","current":3,"total":6,"progress":42}
[2026-03-31 22:57:44.000] [info]  DiscordSplash.onStateUpdate: {"status":"downloading-updates","current":3,"total":6,"progress":43}
[2026-03-31 22:57:44.000] [info]  Splash.onStateUpdate: {"status":"downloading-updates","current":3,"total":6,"progress":43}
[2026-03-31 22:57:44.009] [info]  DiscordSplash.onStateUpdate: {"status":"downloading-updates","current":3,"total":6,"progress":44}
[2026-03-31 22:57:44.009] [info]  Splash.onStateUpdate: {"status":"downloading-updates","current":3,"total":6,"progress":44}
[2026-03-31 22:57:44.018] [info]  DiscordSplash.onStateUpdate: {"status":"downloading-updates","current":3,"total":6,"progress":45}
[2026-03-31 22:57:44.018] [info]  Splash.onStateUpdate: {"status":"downloading-updates","current":3,"total":6,"progress":45}
[2026-03-31 22:57:44.026] [info]  DiscordSplash.onStateUpdate: {"status":"downloading-updates","current":3,"total":6,"progress":46}
[2026-03-31 22:57:44.026] [info]  Splash.onStateUpdate: {"status":"downloading-updates","current":3,"total":6,"progress":46}
[2026-03-31 22:57:44.035] [info]  DiscordSplash.onStateUpdate: {"status":"downloading-updates","current":3,"total":6,"progress":47}
[2026-03-31 22:57:44.035] [info]  Splash.onStateUpdate: {"status":"downloading-updates","current":3,"total":6,"progress":47}
[2026-03-31 22:57:44.044] [info]  DiscordSplash.onStateUpdate: {"status":"downloading-updates","current":3,"total":6,"progress":48}
[2026-03-31 22:57:44.044] [info]  Splash.onStateUpdate: {"status":"downloading-updates","current":3,"total":6,"progress":48}
[2026-03-31 22:57:44.052] [info]  DiscordSplash.onStateUpdate: {"status":"downloading-updates","current":3,"total":6,"progress":49}
[2026-03-31 22:57:44.053] [info]  Splash.onStateUpdate: {"status":"downloading-updates","current":3,"total":6,"progress":49}
[2026-03-31 22:57:44.062] [info]  DiscordSplash.onStateUpdate: {"status":"downloading-updates","current":3,"total":6,"progress":50}
[2026-03-31 22:57:44.062] [info]  Splash.onStateUpdate: {"status":"downloading-updates","current":3,"total":6,"progress":50}
[2026-03-31 22:57:44.070] [info]  DiscordSplash.onStateUpdate: {"status":"downloading-updates","current":3,"total":6,"progress":51}
[2026-03-31 22:57:44.070] [info]  Splash.onStateUpdate: {"status":"downloading-updates","current":3,"total":6,"progress":51}
[2026-03-31 22:57:44.079] [info]  DiscordSplash.onStateUpdate: {"status":"downloading-updates","current":3,"total":6,"progress":52}
[2026-03-31 22:57:44.079] [info]  Splash.onStateUpdate: {"status":"downloading-updates","current":3,"total":6,"progress":52}
[2026-03-31 22:57:44.087] [info]  DiscordSplash.onStateUpdate: {"status":"downloading-updates","current":3,"total":6,"progress":53}
[2026-03-31 22:57:44.087] [info]  Splash.onStateUpdate: {"status":"downloading-updates","current":3,"total":6,"progress":53}
[2026-03-31 22:57:44.096] [info]  DiscordSplash.onStateUpdate: {"status":"downloading-updates","current":3,"total":6,"progress":54}
[2026-03-31 22:57:44.096] [info]  Splash.onStateUpdate: {"status":"downloading-updates","current":3,"total":6,"progress":54}
[2026-03-31 22:57:44.105] [info]  DiscordSplash.onStateUpdate: {"status":"downloading-updates","current":3,"total":6,"progress":55}
[2026-03-31 22:57:44.105] [info]  Splash.onStateUpdate: {"status":"downloading-updates","current":3,"total":6,"progress":55}
[2026-03-31 22:57:44.113] [info]  DiscordSplash.onStateUpdate: {"status":"downloading-updates","current":3,"total":6,"progress":56}
[2026-03-31 22:57:44.113] [info]  Splash.onStateUpdate: {"status":"downloading-updates","current":3,"total":6,"progress":56}
[2026-03-31 22:57:44.122] [info]  DiscordSplash.onStateUpdate: {"status":"downloading-updates","current":3,"total":6,"progress":57}
[2026-03-31 22:57:44.122] [info]  Splash.onStateUpdate: {"status":"downloading-updates","current":3,"total":6,"progress":57}
[2026-03-31 22:57:44.131] [info]  DiscordSplash.onStateUpdate: {"status":"downloading-updates","current":3,"total":6,"progress":58}
[2026-03-31 22:57:44.131] [info]  Splash.onStateUpdate: {"status":"downloading-updates","current":3,"total":6,"progress":58}
[2026-03-31 22:57:44.139] [info]  DiscordSplash.onStateUpdate: {"status":"downloading-updates","current":3,"total":6,"progress":59}
[2026-03-31 22:57:44.139] [info]  Splash.onStateUpdate: {"status":"downloading-updates","current":3,"total":6,"progress":59}
[2026-03-31 22:57:44.148] [info]  DiscordSplash.onStateUpdate: {"status":"downloading-updates","current":3,"total":6,"progress":60}
[2026-03-31 22:57:44.148] [info]  Splash.onStateUpdate: {"status":"downloading-updates","current":3,"total":6,"progress":60}
[2026-03-31 22:57:44.157] [info]  DiscordSplash.onStateUpdate: {"status":"downloading-updates","current":3,"total":6,"progress":61}
[2026-03-31 22:57:44.157] [info]  Splash.onStateUpdate: {"status":"downloading-updates","current":3,"total":6,"progress":61}
[2026-03-31 22:57:44.165] [info]  DiscordSplash.onStateUpdate: {"status":"downloading-updates","current":3,"total":6,"progress":62}
[2026-03-31 22:57:44.166] [info]  Splash.onStateUpdate: {"status":"downloading-updates","current":3,"total":6,"progress":62}
[2026-03-31 22:57:44.175] [info]  DiscordSplash.onStateUpdate: {"status":"downloading-updates","current":3,"total":6,"progress":63}
[2026-03-31 22:57:44.175] [info]  Splash.onStateUpdate: {"status":"downloading-updates","current":3,"total":6,"progress":63}
[2026-03-31 22:57:44.183] [info]  DiscordSplash.onStateUpdate: {"status":"downloading-updates","current":3,"total":6,"progress":64}
[2026-03-31 22:57:44.183] [info]  Splash.onStateUpdate: {"status":"downloading-updates","current":3,"total":6,"progress":64}
[2026-03-31 22:57:44.192] [info]  DiscordSplash.onStateUpdate: {"status":"downloading-updates","current":3,"total":6,"progress":65}
[2026-03-31 22:57:44.193] [info]  Splash.onStateUpdate: {"status":"downloading-updates","current":3,"total":6,"progress":65}
[2026-03-31 22:57:44.202] [info]  DiscordSplash.onStateUpdate: {"status":"downloading-updates","current":3,"total":6,"progress":66}
[2026-03-31 22:57:44.202] [info]  Splash.onStateUpdate: {"status":"downloading-updates","current":3,"total":6,"progress":66}
[2026-03-31 22:57:44.210] [info]  DiscordSplash.onStateUpdate: {"status":"downloading-updates","current":3,"total":6,"progress":67}
[2026-03-31 22:57:44.210] [info]  Splash.onStateUpdate: {"status":"downloading-updates","current":3,"total":6,"progress":67}
[2026-03-31 22:57:44.218] [info]  DiscordSplash.onStateUpdate: {"status":"downloading-updates","current":3,"total":6,"progress":68}
[2026-03-31 22:57:44.218] [info]  Splash.onStateUpdate: {"status":"downloading-updates","current":3,"total":6,"progress":68}
[2026-03-31 22:57:44.227] [info]  DiscordSplash.onStateUpdate: {"status":"downloading-updates","current":3,"total":6,"progress":69}
[2026-03-31 22:57:44.228] [info]  Splash.onStateUpdate: {"status":"downloading-updates","current":3,"total":6,"progress":69}
[2026-03-31 22:57:44.237] [info]  DiscordSplash.onStateUpdate: {"status":"downloading-updates","current":3,"total":6,"progress":70}
[2026-03-31 22:57:44.238] [info]  Splash.onStateUpdate: {"status":"downloading-updates","current":3,"total":6,"progress":70}
[2026-03-31 22:57:44.247] [info]  DiscordSplash.onStateUpdate: {"status":"downloading-updates","current":3,"total":6,"progress":71}
[2026-03-31 22:57:44.248] [info]  Splash.onStateUpdate: {"status":"downloading-updates","current":3,"total":6,"progress":71}
[2026-03-31 22:57:44.255] [info]  DiscordSplash.onStateUpdate: {"status":"downloading-updates","current":3,"total":6,"progress":72}
[2026-03-31 22:57:44.255] [info]  Splash.onStateUpdate: {"status":"downloading-updates","current":3,"total":6,"progress":72}
[2026-03-31 22:57:44.264] [info]  DiscordSplash.onStateUpdate: {"status":"downloading-updates","current":3,"total":6,"progress":73}
[2026-03-31 22:57:44.264] [info]  Splash.onStateUpdate: {"status":"downloading-updates","current":3,"total":6,"progress":73}
[2026-03-31 22:57:44.272] [info]  DiscordSplash.onStateUpdate: {"status":"downloading-updates","current":3,"total":6,"progress":74}
[2026-03-31 22:57:44.272] [info]  Splash.onStateUpdate: {"status":"downloading-updates","current":3,"total":6,"progress":74}
[2026-03-31 22:57:44.281] [info]  DiscordSplash.onStateUpdate: {"status":"downloading-updates","current":3,"total":6,"progress":75}
[2026-03-31 22:57:44.281] [info]  Splash.onStateUpdate: {"status":"downloading-updates","current":3,"total":6,"progress":75}
[2026-03-31 22:57:44.290] [info]  DiscordSplash.onStateUpdate: {"status":"downloading-updates","current":3,"total":6,"progress":76}
[2026-03-31 22:57:44.290] [info]  Splash.onStateUpdate: {"status":"downloading-updates","current":3,"total":6,"progress":76}
[2026-03-31 22:57:44.298] [info]  DiscordSplash.onStateUpdate: {"status":"downloading-updates","current":3,"total":6,"progress":77}
[2026-03-31 22:57:44.299] [info]  Splash.onStateUpdate: {"status":"downloading-updates","current":3,"total":6,"progress":77}
[2026-03-31 22:57:44.307] [info]  DiscordSplash.onStateUpdate: {"status":"downloading-updates","current":3,"total":6,"progress":78}
[2026-03-31 22:57:44.307] [info]  Splash.onStateUpdate: {"status":"downloading-updates","current":3,"total":6,"progress":78}
[2026-03-31 22:57:44.316] [info]  DiscordSplash.onStateUpdate: {"status":"downloading-updates","current":3,"total":6,"progress":79}
[2026-03-31 22:57:44.316] [info]  Splash.onStateUpdate: {"status":"downloading-updates","current":3,"total":6,"progress":79}
[2026-03-31 22:57:44.324] [info]  DiscordSplash.onStateUpdate: {"status":"downloading-updates","current":3,"total":6,"progress":80}
[2026-03-31 22:57:44.324] [info]  Splash.onStateUpdate: {"status":"downloading-updates","current":3,"total":6,"progress":80}
[2026-03-31 22:57:44.333] [info]  DiscordSplash.onStateUpdate: {"status":"downloading-updates","current":3,"total":6,"progress":81}
[2026-03-31 22:57:44.333] [info]  Splash.onStateUpdate: {"status":"downloading-updates","current":3,"total":6,"progress":81}
[2026-03-31 22:57:44.342] [info]  DiscordSplash.onStateUpdate: {"status":"downloading-updates","current":3,"total":6,"progress":82}
[2026-03-31 22:57:44.342] [info]  Splash.onStateUpdate: {"status":"downloading-updates","current":3,"total":6,"progress":82}
[2026-03-31 22:57:44.351] [info]  DiscordSplash.onStateUpdate: {"status":"downloading-updates","current":3,"total":6,"progress":83}
[2026-03-31 22:57:44.351] [info]  Splash.onStateUpdate: {"status":"downloading-updates","current":3,"total":6,"progress":83}
[2026-03-31 22:57:44.359] [info]  DiscordSplash.onStateUpdate: {"status":"downloading-updates","current":3,"total":6,"progress":84}
[2026-03-31 22:57:44.359] [info]  Splash.onStateUpdate: {"status":"downloading-updates","current":3,"total":6,"progress":84}
[2026-03-31 22:57:44.368] [info]  DiscordSplash.onStateUpdate: {"status":"downloading-updates","current":3,"total":6,"progress":85}
[2026-03-31 22:57:44.368] [info]  Splash.onStateUpdate: {"status":"downloading-updates","current":3,"total":6,"progress":85}
[2026-03-31 22:57:44.377] [info]  DiscordSplash.onStateUpdate: {"status":"downloading-updates","current":3,"total":6,"progress":86}
[2026-03-31 22:57:44.377] [info]  Splash.onStateUpdate: {"status":"downloading-updates","current":3,"total":6,"progress":86}
[2026-03-31 22:57:44.385] [info]  DiscordSplash.onStateUpdate: {"status":"downloading-updates","current":3,"total":6,"progress":87}
[2026-03-31 22:57:44.386] [info]  Splash.onStateUpdate: {"status":"downloading-updates","current":3,"total":6,"progress":87}
[2026-03-31 22:57:44.394] [info]  DiscordSplash.onStateUpdate: {"status":"downloading-updates","current":3,"total":6,"progress":88}
[2026-03-31 22:57:44.395] [info]  Splash.onStateUpdate: {"status":"downloading-updates","current":3,"total":6,"progress":88}
[2026-03-31 22:57:44.403] [info]  DiscordSplash.onStateUpdate: {"status":"downloading-updates","current":3,"total":6,"progress":89}
[2026-03-31 22:57:44.403] [info]  Splash.onStateUpdate: {"status":"downloading-updates","current":3,"total":6,"progress":89}
[2026-03-31 22:57:44.412] [info]  DiscordSplash.onStateUpdate: {"status":"downloading-updates","current":3,"total":6,"progress":90}
[2026-03-31 22:57:44.412] [info]  Splash.onStateUpdate: {"status":"downloading-updates","current":3,"total":6,"progress":90}
[2026-03-31 22:57:44.420] [info]  DiscordSplash.onStateUpdate: {"status":"downloading-updates","current":3,"total":6,"progress":91}
[2026-03-31 22:57:44.420] [info]  Splash.onStateUpdate: {"status":"downloading-updates","current":3,"total":6,"progress":91}
[2026-03-31 22:57:44.429] [info]  DiscordSplash.onStateUpdate: {"status":"downloading-updates","current":3,"total":6,"progress":92}
[2026-03-31 22:57:44.430] [info]  Splash.onStateUpdate: {"status":"downloading-updates","current":3,"total":6,"progress":92}
[2026-03-31 22:57:44.438] [info]  DiscordSplash.onStateUpdate: {"status":"downloading-updates","current":3,"total":6,"progress":93}
[2026-03-31 22:57:44.438] [info]  Splash.onStateUpdate: {"status":"downloading-updates","current":3,"total":6,"progress":93}
[2026-03-31 22:57:44.447] [info]  DiscordSplash.onStateUpdate: {"status":"downloading-updates","current":3,"total":6,"progress":94}
[2026-03-31 22:57:44.447] [info]  Splash.onStateUpdate: {"status":"downloading-updates","current":3,"total":6,"progress":94}
[2026-03-31 22:57:44.455] [info]  DiscordSplash.onStateUpdate: {"status":"downloading-updates","current":3,"total":6,"progress":95}
[2026-03-31 22:57:44.455] [info]  Splash.onStateUpdate: {"status":"downloading-updates","current":3,"total":6,"progress":95}
[2026-03-31 22:57:44.464] [info]  DiscordSplash.onStateUpdate: {"status":"downloading-updates","current":3,"total":6,"progress":96}
[2026-03-31 22:57:44.464] [info]  Splash.onStateUpdate: {"status":"downloading-updates","current":3,"total":6,"progress":96}
[2026-03-31 22:57:44.472] [info]  DiscordSplash.onStateUpdate: {"status":"downloading-updates","current":3,"total":6,"progress":97}
[2026-03-31 22:57:44.472] [info]  Splash.onStateUpdate: {"status":"downloading-updates","current":3,"total":6,"progress":97}
[2026-03-31 22:57:44.481] [info]  DiscordSplash.onStateUpdate: {"status":"downloading-updates","current":3,"total":6,"progress":98}
[2026-03-31 22:57:44.481] [info]  Splash.onStateUpdate: {"status":"downloading-updates","current":3,"total":6,"progress":98}
[2026-03-31 22:57:44.490] [info]  DiscordSplash.onStateUpdate: {"status":"downloading-updates","current":3,"total":6,"progress":99}
[2026-03-31 22:57:44.490] [info]  Splash.onStateUpdate: {"status":"downloading-updates","current":3,"total":6,"progress":99}
[2026-03-31 22:57:44.500] [info]  DiscordSplash.onStateUpdate: {"status":"downloading-updates","current":3,"total":6,"progress":100}
[2026-03-31 22:57:44.500] [info]  Splash.onStateUpdate: {"status":"downloading-updates","current":3,"total":6,"progress":100}
[2026-03-31 22:57:44.500] [info]  DiscordSplash.onStateUpdate: {"status":"downloading-updates","current":4,"total":6}
[2026-03-31 22:57:44.500] [info]  Splash.onStateUpdate: {"status":"downloading-updates","current":4,"total":6}
[2026-03-31 22:57:44.869] [info]  Splash.updateCountdownSeconds: undefined
[2026-03-31 22:57:45.004] [info]  DiscordSplash.onStateUpdate: {"status":"downloading-updates","current":4,"total":6,"progress":1}
[2026-03-31 22:57:45.005] [info]  Splash.onStateUpdate: {"status":"downloading-updates","current":4,"total":6,"progress":1}
[2026-03-31 22:57:45.005] [info]  DiscordSplash.onStateUpdate: {"status":"downloading-updates","current":4,"total":6,"progress":2}
[2026-03-31 22:57:45.005] [info]  Splash.onStateUpdate: {"status":"downloading-updates","current":4,"total":6,"progress":2}
[2026-03-31 22:57:45.010] [info]  DiscordSplash.onStateUpdate: {"status":"downloading-updates","current":4,"total":6,"progress":3}
[2026-03-31 22:57:45.010] [info]  Splash.onStateUpdate: {"status":"downloading-updates","current":4,"total":6,"progress":3}
[2026-03-31 22:57:45.015] [info]  DiscordSplash.onStateUpdate: {"status":"downloading-updates","current":4,"total":6,"progress":4}
[2026-03-31 22:57:45.015] [info]  Splash.onStateUpdate: {"status":"downloading-updates","current":4,"total":6,"progress":4}
[2026-03-31 22:57:45.020] [info]  DiscordSplash.onStateUpdate: {"status":"downloading-updates","current":4,"total":6,"progress":5}
[2026-03-31 22:57:45.020] [info]  Splash.onStateUpdate: {"status":"downloading-updates","current":4,"total":6,"progress":5}
[2026-03-31 22:57:45.024] [info]  DiscordSplash.onStateUpdate: {"status":"downloading-updates","current":4,"total":6,"progress":6}
[2026-03-31 22:57:45.024] [info]  Splash.onStateUpdate: {"status":"downloading-updates","current":4,"total":6,"progress":6}
[2026-03-31 22:57:45.029] [info]  DiscordSplash.onStateUpdate: {"status":"downloading-updates","current":4,"total":6,"progress":7}
[2026-03-31 22:57:45.029] [info]  Splash.onStateUpdate: {"status":"downloading-updates","current":4,"total":6,"progress":7}
[2026-03-31 22:57:45.034] [info]  DiscordSplash.onStateUpdate: {"status":"downloading-updates","current":4,"total":6,"progress":8}
[2026-03-31 22:57:45.034] [info]  Splash.onStateUpdate: {"status":"downloading-updates","current":4,"total":6,"progress":8}
[2026-03-31 22:57:45.039] [info]  DiscordSplash.onStateUpdate: {"status":"downloading-updates","current":4,"total":6,"progress":9}
[2026-03-31 22:57:45.039] [info]  Splash.onStateUpdate: {"status":"downloading-updates","current":4,"total":6,"progress":9}
[2026-03-31 22:57:45.044] [info]  DiscordSplash.onStateUpdate: {"status":"downloading-updates","current":4,"total":6,"progress":10}
[2026-03-31 22:57:45.044] [info]  Splash.onStateUpdate: {"status":"downloading-updates","current":4,"total":6,"progress":10}
[2026-03-31 22:57:45.049] [info]  DiscordSplash.onStateUpdate: {"status":"downloading-updates","current":4,"total":6,"progress":11}
[2026-03-31 22:57:45.049] [info]  Splash.onStateUpdate: {"status":"downloading-updates","current":4,"total":6,"progress":11}
[2026-03-31 22:57:45.053] [info]  DiscordSplash.onStateUpdate: {"status":"downloading-updates","current":4,"total":6,"progress":12}
[2026-03-31 22:57:45.054] [info]  Splash.onStateUpdate: {"status":"downloading-updates","current":4,"total":6,"progress":12}
[2026-03-31 22:57:45.058] [info]  DiscordSplash.onStateUpdate: {"status":"downloading-updates","current":4,"total":6,"progress":13}
[2026-03-31 22:57:45.058] [info]  Splash.onStateUpdate: {"status":"downloading-updates","current":4,"total":6,"progress":13}
[2026-03-31 22:57:45.063] [info]  DiscordSplash.onStateUpdate: {"status":"downloading-updates","current":4,"total":6,"progress":14}
[2026-03-31 22:57:45.063] [info]  Splash.onStateUpdate: {"status":"downloading-updates","current":4,"total":6,"progress":14}
[2026-03-31 22:57:45.068] [info]  DiscordSplash.onStateUpdate: {"status":"downloading-updates","current":4,"total":6,"progress":15}
[2026-03-31 22:57:45.068] [info]  Splash.onStateUpdate: {"status":"downloading-updates","current":4,"total":6,"progress":15}
[2026-03-31 22:57:45.073] [info]  DiscordSplash.onStateUpdate: {"status":"downloading-updates","current":4,"total":6,"progress":16}
[2026-03-31 22:57:45.073] [info]  Splash.onStateUpdate: {"status":"downloading-updates","current":4,"total":6,"progress":16}
[2026-03-31 22:57:45.078] [info]  DiscordSplash.onStateUpdate: {"status":"downloading-updates","current":4,"total":6,"progress":17}
[2026-03-31 22:57:45.078] [info]  Splash.onStateUpdate: {"status":"downloading-updates","current":4,"total":6,"progress":17}
[2026-03-31 22:57:45.083] [info]  DiscordSplash.onStateUpdate: {"status":"downloading-updates","current":4,"total":6,"progress":18}
[2026-03-31 22:57:45.083] [info]  Splash.onStateUpdate: {"status":"downloading-updates","current":4,"total":6,"progress":18}
[2026-03-31 22:57:45.087] [info]  DiscordSplash.onStateUpdate: {"status":"downloading-updates","current":4,"total":6,"progress":19}
[2026-03-31 22:57:45.087] [info]  Splash.onStateUpdate: {"status":"downloading-updates","current":4,"total":6,"progress":19}
[2026-03-31 22:57:45.092] [info]  DiscordSplash.onStateUpdate: {"status":"downloading-updates","current":4,"total":6,"progress":20}
[2026-03-31 22:57:45.092] [info]  Splash.onStateUpdate: {"status":"downloading-updates","current":4,"total":6,"progress":20}
[2026-03-31 22:57:45.097] [info]  DiscordSplash.onStateUpdate: {"status":"downloading-updates","current":4,"total":6,"progress":21}
[2026-03-31 22:57:45.097] [info]  Splash.onStateUpdate: {"status":"downloading-updates","current":4,"total":6,"progress":21}
[2026-03-31 22:57:45.102] [info]  DiscordSplash.onStateUpdate: {"status":"downloading-updates","current":4,"total":6,"progress":22}
[2026-03-31 22:57:45.102] [info]  Splash.onStateUpdate: {"status":"downloading-updates","current":4,"total":6,"progress":22}
[2026-03-31 22:57:45.107] [info]  DiscordSplash.onStateUpdate: {"status":"downloading-updates","current":4,"total":6,"progress":23}
[2026-03-31 22:57:45.107] [info]  Splash.onStateUpdate: {"status":"downloading-updates","current":4,"total":6,"progress":23}
[2026-03-31 22:57:45.111] [info]  DiscordSplash.onStateUpdate: {"status":"downloading-updates","current":4,"total":6,"progress":24}
[2026-03-31 22:57:45.112] [info]  Splash.onStateUpdate: {"status":"downloading-updates","current":4,"total":6,"progress":24}
[2026-03-31 22:57:45.117] [info]  DiscordSplash.onStateUpdate: {"status":"downloading-updates","current":4,"total":6,"progress":25}
[2026-03-31 22:57:45.117] [info]  Splash.onStateUpdate: {"status":"downloading-updates","current":4,"total":6,"progress":25}
[2026-03-31 22:57:45.121] [info]  DiscordSplash.onStateUpdate: {"status":"downloading-updates","current":4,"total":6,"progress":26}
[2026-03-31 22:57:45.121] [info]  Splash.onStateUpdate: {"status":"downloading-updates","current":4,"total":6,"progress":26}
[2026-03-31 22:57:45.126] [info]  DiscordSplash.onStateUpdate: {"status":"downloading-updates","current":4,"total":6,"progress":27}
[2026-03-31 22:57:45.126] [info]  Splash.onStateUpdate: {"status":"downloading-updates","current":4,"total":6,"progress":27}
[2026-03-31 22:57:45.131] [info]  DiscordSplash.onStateUpdate: {"status":"downloading-updates","current":4,"total":6,"progress":28}
[2026-03-31 22:57:45.132] [info]  Splash.onStateUpdate: {"status":"downloading-updates","current":4,"total":6,"progress":28}
[2026-03-31 22:57:45.136] [info]  DiscordSplash.onStateUpdate: {"status":"downloading-updates","current":4,"total":6,"progress":29}
[2026-03-31 22:57:45.136] [info]  Splash.onStateUpdate: {"status":"downloading-updates","current":4,"total":6,"progress":29}
[2026-03-31 22:57:45.140] [info]  DiscordSplash.onStateUpdate: {"status":"downloading-updates","current":4,"total":6,"progress":30}
[2026-03-31 22:57:45.141] [info]  Splash.onStateUpdate: {"status":"downloading-updates","current":4,"total":6,"progress":30}
[2026-03-31 22:57:45.145] [info]  DiscordSplash.onStateUpdate: {"status":"downloading-updates","current":4,"total":6,"progress":31}
[2026-03-31 22:57:45.145] [info]  Splash.onStateUpdate: {"status":"downloading-updates","current":4,"total":6,"progress":31}
[2026-03-31 22:57:45.150] [info]  DiscordSplash.onStateUpdate: {"status":"downloading-updates","current":4,"total":6,"progress":32}
[2026-03-31 22:57:45.150] [info]  Splash.onStateUpdate: {"status":"downloading-updates","current":4,"total":6,"progress":32}
[2026-03-31 22:57:45.155] [info]  DiscordSplash.onStateUpdate: {"status":"downloading-updates","current":4,"total":6,"progress":33}
[2026-03-31 22:57:45.155] [info]  Splash.onStateUpdate: {"status":"downloading-updates","current":4,"total":6,"progress":33}
[2026-03-31 22:57:45.160] [info]  DiscordSplash.onStateUpdate: {"status":"downloading-updates","current":4,"total":6,"progress":34}
[2026-03-31 22:57:45.160] [info]  Splash.onStateUpdate: {"status":"downloading-updates","current":4,"total":6,"progress":34}
[2026-03-31 22:57:45.165] [info]  DiscordSplash.onStateUpdate: {"status":"downloading-updates","current":4,"total":6,"progress":35}
[2026-03-31 22:57:45.165] [info]  Splash.onStateUpdate: {"status":"downloading-updates","current":4,"total":6,"progress":35}
[2026-03-31 22:57:45.170] [info]  DiscordSplash.onStateUpdate: {"status":"downloading-updates","current":4,"total":6,"progress":36}
[2026-03-31 22:57:45.170] [info]  Splash.onStateUpdate: {"status":"downloading-updates","current":4,"total":6,"progress":36}
[2026-03-31 22:57:45.174] [info]  DiscordSplash.onStateUpdate: {"status":"downloading-updates","current":4,"total":6,"progress":37}
[2026-03-31 22:57:45.175] [info]  Splash.onStateUpdate: {"status":"downloading-updates","current":4,"total":6,"progress":37}
[2026-03-31 22:57:45.179] [info]  DiscordSplash.onStateUpdate: {"status":"downloading-updates","current":4,"total":6,"progress":38}
[2026-03-31 22:57:45.179] [info]  Splash.onStateUpdate: {"status":"downloading-updates","current":4,"total":6,"progress":38}
[2026-03-31 22:57:45.184] [info]  DiscordSplash.onStateUpdate: {"status":"downloading-updates","current":4,"total":6,"progress":39}
[2026-03-31 22:57:45.184] [info]  Splash.onStateUpdate: {"status":"downloading-updates","current":4,"total":6,"progress":39}
[2026-03-31 22:57:45.189] [info]  DiscordSplash.onStateUpdate: {"status":"downloading-updates","current":4,"total":6,"progress":40}
[2026-03-31 22:57:45.189] [info]  Splash.onStateUpdate: {"status":"downloading-updates","current":4,"total":6,"progress":40}
[2026-03-31 22:57:45.194] [info]  DiscordSplash.onStateUpdate: {"status":"downloading-updates","current":4,"total":6,"progress":41}
[2026-03-31 22:57:45.194] [info]  Splash.onStateUpdate: {"status":"downloading-updates","current":4,"total":6,"progress":41}
[2026-03-31 22:57:45.199] [info]  DiscordSplash.onStateUpdate: {"status":"downloading-updates","current":4,"total":6,"progress":42}
[2026-03-31 22:57:45.199] [info]  Splash.onStateUpdate: {"status":"downloading-updates","current":4,"total":6,"progress":42}
[2026-03-31 22:57:45.204] [info]  DiscordSplash.onStateUpdate: {"status":"downloading-updates","current":4,"total":6,"progress":43}
[2026-03-31 22:57:45.204] [info]  Splash.onStateUpdate: {"status":"downloading-updates","current":4,"total":6,"progress":43}
[2026-03-31 22:57:45.208] [info]  DiscordSplash.onStateUpdate: {"status":"downloading-updates","current":4,"total":6,"progress":44}
[2026-03-31 22:57:45.208] [info]  Splash.onStateUpdate: {"status":"downloading-updates","current":4,"total":6,"progress":44}
[2026-03-31 22:57:45.213] [info]  DiscordSplash.onStateUpdate: {"status":"downloading-updates","current":4,"total":6,"progress":45}
[2026-03-31 22:57:45.213] [info]  Splash.onStateUpdate: {"status":"downloading-updates","current":4,"total":6,"progress":45}
[2026-03-31 22:57:45.218] [info]  DiscordSplash.onStateUpdate: {"status":"downloading-updates","current":4,"total":6,"progress":46}
[2026-03-31 22:57:45.218] [info]  Splash.onStateUpdate: {"status":"downloading-updates","current":4,"total":6,"progress":46}
[2026-03-31 22:57:45.223] [info]  DiscordSplash.onStateUpdate: {"status":"downloading-updates","current":4,"total":6,"progress":47}
[2026-03-31 22:57:45.223] [info]  Splash.onStateUpdate: {"status":"downloading-updates","current":4,"total":6,"progress":47}
[2026-03-31 22:57:45.227] [info]  DiscordSplash.onStateUpdate: {"status":"downloading-updates","current":4,"total":6,"progress":48}
[2026-03-31 22:57:45.228] [info]  Splash.onStateUpdate: {"status":"downloading-updates","current":4,"total":6,"progress":48}
[2026-03-31 22:57:45.233] [info]  DiscordSplash.onStateUpdate: {"status":"downloading-updates","current":4,"total":6,"progress":49}
[2026-03-31 22:57:45.233] [info]  Splash.onStateUpdate: {"status":"downloading-updates","current":4,"total":6,"progress":49}
[2026-03-31 22:57:45.237] [info]  DiscordSplash.onStateUpdate: {"status":"downloading-updates","current":4,"total":6,"progress":50}
[2026-03-31 22:57:45.237] [info]  Splash.onStateUpdate: {"status":"downloading-updates","current":4,"total":6,"progress":50}
[2026-03-31 22:57:45.242] [info]  DiscordSplash.onStateUpdate: {"status":"downloading-updates","current":4,"total":6,"progress":51}
[2026-03-31 22:57:45.242] [info]  Splash.onStateUpdate: {"status":"downloading-updates","current":4,"total":6,"progress":51}
[2026-03-31 22:57:45.247] [info]  DiscordSplash.onStateUpdate: {"status":"downloading-updates","current":4,"total":6,"progress":52}
[2026-03-31 22:57:45.247] [info]  Splash.onStateUpdate: {"status":"downloading-updates","current":4,"total":6,"progress":52}
[2026-03-31 22:57:45.252] [info]  DiscordSplash.onStateUpdate: {"status":"downloading-updates","current":4,"total":6,"progress":53}
[2026-03-31 22:57:45.252] [info]  Splash.onStateUpdate: {"status":"downloading-updates","current":4,"total":6,"progress":53}
[2026-03-31 22:57:45.257] [info]  DiscordSplash.onStateUpdate: {"status":"downloading-updates","current":4,"total":6,"progress":54}
[2026-03-31 22:57:45.257] [info]  Splash.onStateUpdate: {"status":"downloading-updates","current":4,"total":6,"progress":54}
[2026-03-31 22:57:45.261] [info]  DiscordSplash.onStateUpdate: {"status":"downloading-updates","current":4,"total":6,"progress":55}
[2026-03-31 22:57:45.262] [info]  Splash.onStateUpdate: {"status":"downloading-updates","current":4,"total":6,"progress":55}
[2026-03-31 22:57:45.266] [info]  DiscordSplash.onStateUpdate: {"status":"downloading-updates","current":4,"total":6,"progress":56}
[2026-03-31 22:57:45.267] [info]  Splash.onStateUpdate: {"status":"downloading-updates","current":4,"total":6,"progress":56}
[2026-03-31 22:57:45.271] [info]  DiscordSplash.onStateUpdate: {"status":"downloading-updates","current":4,"total":6,"progress":57}
[2026-03-31 22:57:45.271] [info]  Splash.onStateUpdate: {"status":"downloading-updates","current":4,"total":6,"progress":57}
[2026-03-31 22:57:45.276] [info]  DiscordSplash.onStateUpdate: {"status":"downloading-updates","current":4,"total":6,"progress":58}
[2026-03-31 22:57:45.276] [info]  Splash.onStateUpdate: {"status":"downloading-updates","current":4,"total":6,"progress":58}
[2026-03-31 22:57:45.281] [info]  DiscordSplash.onStateUpdate: {"status":"downloading-updates","current":4,"total":6,"progress":59}
[2026-03-31 22:57:45.281] [info]  Splash.onStateUpdate: {"status":"downloading-updates","current":4,"total":6,"progress":59}
[2026-03-31 22:57:45.286] [info]  DiscordSplash.onStateUpdate: {"status":"downloading-updates","current":4,"total":6,"progress":60}
[2026-03-31 22:57:45.286] [info]  Splash.onStateUpdate: {"status":"downloading-updates","current":4,"total":6,"progress":60}
[2026-03-31 22:57:45.290] [info]  DiscordSplash.onStateUpdate: {"status":"downloading-updates","current":4,"total":6,"progress":61}
[2026-03-31 22:57:45.291] [info]  Splash.onStateUpdate: {"status":"downloading-updates","current":4,"total":6,"progress":61}
[2026-03-31 22:57:45.295] [info]  DiscordSplash.onStateUpdate: {"status":"downloading-updates","current":4,"total":6,"progress":62}
[2026-03-31 22:57:45.295] [info]  Splash.onStateUpdate: {"status":"downloading-updates","current":4,"total":6,"progress":62}
[2026-03-31 22:57:45.300] [info]  DiscordSplash.onStateUpdate: {"status":"downloading-updates","current":4,"total":6,"progress":63}
[2026-03-31 22:57:45.300] [info]  Splash.onStateUpdate: {"status":"downloading-updates","current":4,"total":6,"progress":63}
[2026-03-31 22:57:45.305] [info]  DiscordSplash.onStateUpdate: {"status":"downloading-updates","current":4,"total":6,"progress":64}
[2026-03-31 22:57:45.305] [info]  Splash.onStateUpdate: {"status":"downloading-updates","current":4,"total":6,"progress":64}
[2026-03-31 22:57:45.310] [info]  DiscordSplash.onStateUpdate: {"status":"downloading-updates","current":4,"total":6,"progress":65}
[2026-03-31 22:57:45.310] [info]  Splash.onStateUpdate: {"status":"downloading-updates","current":4,"total":6,"progress":65}
[2026-03-31 22:57:45.315] [info]  DiscordSplash.onStateUpdate: {"status":"downloading-updates","current":4,"total":6,"progress":66}
[2026-03-31 22:57:45.315] [info]  Splash.onStateUpdate: {"status":"downloading-updates","current":4,"total":6,"progress":66}
[2026-03-31 22:57:45.320] [info]  DiscordSplash.onStateUpdate: {"status":"downloading-updates","current":4,"total":6,"progress":67}
[2026-03-31 22:57:45.320] [info]  Splash.onStateUpdate: {"status":"downloading-updates","current":4,"total":6,"progress":67}
[2026-03-31 22:57:45.324] [info]  DiscordSplash.onStateUpdate: {"status":"downloading-updates","current":4,"total":6,"progress":68}
[2026-03-31 22:57:45.324] [info]  Splash.onStateUpdate: {"status":"downloading-updates","current":4,"total":6,"progress":68}
[2026-03-31 22:57:45.329] [info]  DiscordSplash.onStateUpdate: {"status":"downloading-updates","current":4,"total":6,"progress":69}
[2026-03-31 22:57:45.329] [info]  Splash.onStateUpdate: {"status":"downloading-updates","current":4,"total":6,"progress":69}
[2026-03-31 22:57:45.334] [info]  DiscordSplash.onStateUpdate: {"status":"downloading-updates","current":4,"total":6,"progress":70}
[2026-03-31 22:57:45.334] [info]  Splash.onStateUpdate: {"status":"downloading-updates","current":4,"total":6,"progress":70}
[2026-03-31 22:57:45.339] [info]  DiscordSplash.onStateUpdate: {"status":"downloading-updates","current":4,"total":6,"progress":71}
[2026-03-31 22:57:45.339] [info]  Splash.onStateUpdate: {"status":"downloading-updates","current":4,"total":6,"progress":71}
[2026-03-31 22:57:45.344] [info]  DiscordSplash.onStateUpdate: {"status":"downloading-updates","current":4,"total":6,"progress":72}
[2026-03-31 22:57:45.344] [info]  Splash.onStateUpdate: {"status":"downloading-updates","current":4,"total":6,"progress":72}
[2026-03-31 22:57:45.349] [info]  DiscordSplash.onStateUpdate: {"status":"downloading-updates","current":4,"total":6,"progress":73}
[2026-03-31 22:57:45.349] [info]  Splash.onStateUpdate: {"status":"downloading-updates","current":4,"total":6,"progress":73}
[2026-03-31 22:57:45.353] [info]  DiscordSplash.onStateUpdate: {"status":"downloading-updates","current":4,"total":6,"progress":74}
[2026-03-31 22:57:45.354] [info]  Splash.onStateUpdate: {"status":"downloading-updates","current":4,"total":6,"progress":74}
[2026-03-31 22:57:45.358] [info]  DiscordSplash.onStateUpdate: {"status":"downloading-updates","current":4,"total":6,"progress":75}
[2026-03-31 22:57:45.358] [info]  Splash.onStateUpdate: {"status":"downloading-updates","current":4,"total":6,"progress":75}
[2026-03-31 22:57:45.363] [info]  DiscordSplash.onStateUpdate: {"status":"downloading-updates","current":4,"total":6,"progress":76}
[2026-03-31 22:57:45.363] [info]  Splash.onStateUpdate: {"status":"downloading-updates","current":4,"total":6,"progress":76}
[2026-03-31 22:57:45.368] [info]  DiscordSplash.onStateUpdate: {"status":"downloading-updates","current":4,"total":6,"progress":77}
[2026-03-31 22:57:45.368] [info]  Splash.onStateUpdate: {"status":"downloading-updates","current":4,"total":6,"progress":77}
[2026-03-31 22:57:45.373] [info]  DiscordSplash.onStateUpdate: {"status":"downloading-updates","current":4,"total":6,"progress":78}
[2026-03-31 22:57:45.373] [info]  Splash.onStateUpdate: {"status":"downloading-updates","current":4,"total":6,"progress":78}
[2026-03-31 22:57:45.378] [info]  DiscordSplash.onStateUpdate: {"status":"downloading-updates","current":4,"total":6,"progress":79}
[2026-03-31 22:57:45.378] [info]  Splash.onStateUpdate: {"status":"downloading-updates","current":4,"total":6,"progress":79}
[2026-03-31 22:57:45.383] [info]  DiscordSplash.onStateUpdate: {"status":"downloading-updates","current":4,"total":6,"progress":80}
[2026-03-31 22:57:45.383] [info]  Splash.onStateUpdate: {"status":"downloading-updates","current":4,"total":6,"progress":80}
[2026-03-31 22:57:45.387] [info]  DiscordSplash.onStateUpdate: {"status":"downloading-updates","current":4,"total":6,"progress":81}
[2026-03-31 22:57:45.387] [info]  Splash.onStateUpdate: {"status":"downloading-updates","current":4,"total":6,"progress":81}
[2026-03-31 22:57:45.392] [info]  DiscordSplash.onStateUpdate: {"status":"downloading-updates","current":4,"total":6,"progress":82}
[2026-03-31 22:57:45.392] [info]  Splash.onStateUpdate: {"status":"downloading-updates","current":4,"total":6,"progress":82}
[2026-03-31 22:57:45.397] [info]  DiscordSplash.onStateUpdate: {"status":"downloading-updates","current":4,"total":6,"progress":83}
[2026-03-31 22:57:45.397] [info]  Splash.onStateUpdate: {"status":"downloading-updates","current":4,"total":6,"progress":83}
[2026-03-31 22:57:45.402] [info]  DiscordSplash.onStateUpdate: {"status":"downloading-updates","current":4,"total":6,"progress":84}
[2026-03-31 22:57:45.402] [info]  Splash.onStateUpdate: {"status":"downloading-updates","current":4,"total":6,"progress":84}
[2026-03-31 22:57:45.407] [info]  DiscordSplash.onStateUpdate: {"status":"downloading-updates","current":4,"total":6,"progress":85}
[2026-03-31 22:57:45.407] [info]  Splash.onStateUpdate: {"status":"downloading-updates","current":4,"total":6,"progress":85}
[2026-03-31 22:57:45.411] [info]  DiscordSplash.onStateUpdate: {"status":"downloading-updates","current":4,"total":6,"progress":86}
[2026-03-31 22:57:45.411] [info]  Splash.onStateUpdate: {"status":"downloading-updates","current":4,"total":6,"progress":86}
[2026-03-31 22:57:45.417] [info]  DiscordSplash.onStateUpdate: {"status":"downloading-updates","current":4,"total":6,"progress":87}
[2026-03-31 22:57:45.417] [info]  Splash.onStateUpdate: {"status":"downloading-updates","current":4,"total":6,"progress":87}
[2026-03-31 22:57:45.421] [info]  DiscordSplash.onStateUpdate: {"status":"downloading-updates","current":4,"total":6,"progress":88}
[2026-03-31 22:57:45.421] [info]  Splash.onStateUpdate: {"status":"downloading-updates","current":4,"total":6,"progress":88}
[2026-03-31 22:57:45.426] [info]  DiscordSplash.onStateUpdate: {"status":"downloading-updates","current":4,"total":6,"progress":89}
[2026-03-31 22:57:45.426] [info]  Splash.onStateUpdate: {"status":"downloading-updates","current":4,"total":6,"progress":89}
[2026-03-31 22:57:45.431] [info]  DiscordSplash.onStateUpdate: {"status":"downloading-updates","current":4,"total":6,"progress":90}
[2026-03-31 22:57:45.431] [info]  Splash.onStateUpdate: {"status":"downloading-updates","current":4,"total":6,"progress":90}
[2026-03-31 22:57:45.436] [info]  DiscordSplash.onStateUpdate: {"status":"downloading-updates","current":4,"total":6,"progress":91}
[2026-03-31 22:57:45.436] [info]  Splash.onStateUpdate: {"status":"downloading-updates","current":4,"total":6,"progress":91}
[2026-03-31 22:57:45.441] [info]  DiscordSplash.onStateUpdate: {"status":"downloading-updates","current":4,"total":6,"progress":92}
[2026-03-31 22:57:45.441] [info]  Splash.onStateUpdate: {"status":"downloading-updates","current":4,"total":6,"progress":92}
[2026-03-31 22:57:45.445] [info]  DiscordSplash.onStateUpdate: {"status":"downloading-updates","current":4,"total":6,"progress":93}
[2026-03-31 22:57:45.446] [info]  Splash.onStateUpdate: {"status":"downloading-updates","current":4,"total":6,"progress":93}
[2026-03-31 22:57:45.450] [info]  DiscordSplash.onStateUpdate: {"status":"downloading-updates","current":4,"total":6,"progress":94}
[2026-03-31 22:57:45.451] [info]  Splash.onStateUpdate: {"status":"downloading-updates","current":4,"total":6,"progress":94}
[2026-03-31 22:57:45.455] [info]  DiscordSplash.onStateUpdate: {"status":"downloading-updates","current":4,"total":6,"progress":95}
[2026-03-31 22:57:45.455] [info]  Splash.onStateUpdate: {"status":"downloading-updates","current":4,"total":6,"progress":95}
[2026-03-31 22:57:45.460] [info]  DiscordSplash.onStateUpdate: {"status":"downloading-updates","current":4,"total":6,"progress":96}
[2026-03-31 22:57:45.460] [info]  Splash.onStateUpdate: {"status":"downloading-updates","current":4,"total":6,"progress":96}
[2026-03-31 22:57:45.465] [info]  DiscordSplash.onStateUpdate: {"status":"downloading-updates","current":4,"total":6,"progress":97}
[2026-03-31 22:57:45.466] [info]  Splash.onStateUpdate: {"status":"downloading-updates","current":4,"total":6,"progress":97}
[2026-03-31 22:57:45.470] [info]  DiscordSplash.onStateUpdate: {"status":"downloading-updates","current":4,"total":6,"progress":98}
[2026-03-31 22:57:45.470] [info]  Splash.onStateUpdate: {"status":"downloading-updates","current":4,"total":6,"progress":98}
[2026-03-31 22:57:45.474] [info]  DiscordSplash.onStateUpdate: {"status":"downloading-updates","current":4,"total":6,"progress":99}
[2026-03-31 22:57:45.474] [info]  Splash.onStateUpdate: {"status":"downloading-updates","current":4,"total":6,"progress":99}
[2026-03-31 22:57:45.480] [info]  DiscordSplash.onStateUpdate: {"status":"downloading-updates","current":4,"total":6,"progress":100}
[2026-03-31 22:57:45.480] [info]  Splash.onStateUpdate: {"status":"downloading-updates","current":4,"total":6,"progress":100}
[2026-03-31 22:57:45.480] [info]  DiscordSplash.onStateUpdate: {"status":"downloading-updates","current":5,"total":6}
[2026-03-31 22:57:45.480] [info]  Splash.onStateUpdate: {"status":"downloading-updates","current":5,"total":6}
[2026-03-31 22:57:45.870] [info]  Splash.updateCountdownSeconds: undefined
[2026-03-31 22:57:45.957] [info]  DiscordSplash.onStateUpdate: {"status":"downloading-updates","current":5,"total":6,"progress":1}
[2026-03-31 22:57:45.957] [info]  Splash.onStateUpdate: {"status":"downloading-updates","current":5,"total":6,"progress":1}
[2026-03-31 22:57:45.991] [info]  DiscordSplash.onStateUpdate: {"status":"downloading-updates","current":5,"total":6,"progress":2}
[2026-03-31 22:57:45.991] [info]  Splash.onStateUpdate: {"status":"downloading-updates","current":5,"total":6,"progress":2}
[2026-03-31 22:57:46.025] [info]  DiscordSplash.onStateUpdate: {"status":"downloading-updates","current":5,"total":6,"progress":3}
[2026-03-31 22:57:46.025] [info]  Splash.onStateUpdate: {"status":"downloading-updates","current":5,"total":6,"progress":3}
[2026-03-31 22:57:46.059] [info]  DiscordSplash.onStateUpdate: {"status":"downloading-updates","current":5,"total":6,"progress":4}
[2026-03-31 22:57:46.059] [info]  Splash.onStateUpdate: {"status":"downloading-updates","current":5,"total":6,"progress":4}
[2026-03-31 22:57:46.093] [info]  DiscordSplash.onStateUpdate: {"status":"downloading-updates","current":5,"total":6,"progress":5}
[2026-03-31 22:57:46.093] [info]  Splash.onStateUpdate: {"status":"downloading-updates","current":5,"total":6,"progress":5}
[2026-03-31 22:57:46.127] [info]  DiscordSplash.onStateUpdate: {"status":"downloading-updates","current":5,"total":6,"progress":6}
[2026-03-31 22:57:46.127] [info]  Splash.onStateUpdate: {"status":"downloading-updates","current":5,"total":6,"progress":6}
[2026-03-31 22:57:46.161] [info]  DiscordSplash.onStateUpdate: {"status":"downloading-updates","current":5,"total":6,"progress":7}
[2026-03-31 22:57:46.161] [info]  Splash.onStateUpdate: {"status":"downloading-updates","current":5,"total":6,"progress":7}
[2026-03-31 22:57:46.195] [info]  DiscordSplash.onStateUpdate: {"status":"downloading-updates","current":5,"total":6,"progress":8}
[2026-03-31 22:57:46.195] [info]  Splash.onStateUpdate: {"status":"downloading-updates","current":5,"total":6,"progress":8}
[2026-03-31 22:57:46.229] [info]  DiscordSplash.onStateUpdate: {"status":"downloading-updates","current":5,"total":6,"progress":9}
[2026-03-31 22:57:46.229] [info]  Splash.onStateUpdate: {"status":"downloading-updates","current":5,"total":6,"progress":9}
[2026-03-31 22:57:46.263] [info]  DiscordSplash.onStateUpdate: {"status":"downloading-updates","current":5,"total":6,"progress":10}
[2026-03-31 22:57:46.263] [info]  Splash.onStateUpdate: {"status":"downloading-updates","current":5,"total":6,"progress":10}
[2026-03-31 22:57:46.297] [info]  DiscordSplash.onStateUpdate: {"status":"downloading-updates","current":5,"total":6,"progress":11}
[2026-03-31 22:57:46.297] [info]  Splash.onStateUpdate: {"status":"downloading-updates","current":5,"total":6,"progress":11}
[2026-03-31 22:57:46.331] [info]  DiscordSplash.onStateUpdate: {"status":"downloading-updates","current":5,"total":6,"progress":12}
[2026-03-31 22:57:46.331] [info]  Splash.onStateUpdate: {"status":"downloading-updates","current":5,"total":6,"progress":12}
[2026-03-31 22:57:46.365] [info]  DiscordSplash.onStateUpdate: {"status":"downloading-updates","current":5,"total":6,"progress":13}
[2026-03-31 22:57:46.365] [info]  Splash.onStateUpdate: {"status":"downloading-updates","current":5,"total":6,"progress":13}
[2026-03-31 22:57:46.399] [info]  DiscordSplash.onStateUpdate: {"status":"downloading-updates","current":5,"total":6,"progress":14}
[2026-03-31 22:57:46.400] [info]  Splash.onStateUpdate: {"status":"downloading-updates","current":5,"total":6,"progress":14}
[2026-03-31 22:57:46.433] [info]  DiscordSplash.onStateUpdate: {"status":"downloading-updates","current":5,"total":6,"progress":15}
[2026-03-31 22:57:46.433] [info]  Splash.onStateUpdate: {"status":"downloading-updates","current":5,"total":6,"progress":15}
[2026-03-31 22:57:46.467] [info]  DiscordSplash.onStateUpdate: {"status":"downloading-updates","current":5,"total":6,"progress":16}
[2026-03-31 22:57:46.467] [info]  Splash.onStateUpdate: {"status":"downloading-updates","current":5,"total":6,"progress":16}
[2026-03-31 22:57:46.501] [info]  DiscordSplash.onStateUpdate: {"status":"downloading-updates","current":5,"total":6,"progress":17}
[2026-03-31 22:57:46.501] [info]  Splash.onStateUpdate: {"status":"downloading-updates","current":5,"total":6,"progress":17}
[2026-03-31 22:57:46.535] [info]  DiscordSplash.onStateUpdate: {"status":"downloading-updates","current":5,"total":6,"progress":18}
[2026-03-31 22:57:46.535] [info]  Splash.onStateUpdate: {"status":"downloading-updates","current":5,"total":6,"progress":18}
[2026-03-31 22:57:46.569] [info]  DiscordSplash.onStateUpdate: {"status":"downloading-updates","current":5,"total":6,"progress":19}
[2026-03-31 22:57:46.569] [info]  Splash.onStateUpdate: {"status":"downloading-updates","current":5,"total":6,"progress":19}
[2026-03-31 22:57:46.603] [info]  DiscordSplash.onStateUpdate: {"status":"downloading-updates","current":5,"total":6,"progress":20}
[2026-03-31 22:57:46.603] [info]  Splash.onStateUpdate: {"status":"downloading-updates","current":5,"total":6,"progress":20}
[2026-03-31 22:57:46.637] [info]  DiscordSplash.onStateUpdate: {"status":"downloading-updates","current":5,"total":6,"progress":21}
[2026-03-31 22:57:46.637] [info]  Splash.onStateUpdate: {"status":"downloading-updates","current":5,"total":6,"progress":21}
[2026-03-31 22:57:46.671] [info]  DiscordSplash.onStateUpdate: {"status":"downloading-updates","current":5,"total":6,"progress":22}
[2026-03-31 22:57:46.671] [info]  Splash.onStateUpdate: {"status":"downloading-updates","current":5,"total":6,"progress":22}
[2026-03-31 22:57:46.705] [info]  DiscordSplash.onStateUpdate: {"status":"downloading-updates","current":5,"total":6,"progress":23}
[2026-03-31 22:57:46.705] [info]  Splash.onStateUpdate: {"status":"downloading-updates","current":5,"total":6,"progress":23}
[2026-03-31 22:57:46.739] [info]  DiscordSplash.onStateUpdate: {"status":"downloading-updates","current":5,"total":6,"progress":24}
[2026-03-31 22:57:46.739] [info]  Splash.onStateUpdate: {"status":"downloading-updates","current":5,"total":6,"progress":24}
[2026-03-31 22:57:46.772] [info]  DiscordSplash.onStateUpdate: {"status":"downloading-updates","current":5,"total":6,"progress":25}
[2026-03-31 22:57:46.773] [info]  Splash.onStateUpdate: {"status":"downloading-updates","current":5,"total":6,"progress":25}
[2026-03-31 22:57:46.807] [info]  DiscordSplash.onStateUpdate: {"status":"downloading-updates","current":5,"total":6,"progress":26}
[2026-03-31 22:57:46.807] [info]  Splash.onStateUpdate: {"status":"downloading-updates","current":5,"total":6,"progress":26}
[2026-03-31 22:57:46.841] [info]  DiscordSplash.onStateUpdate: {"status":"downloading-updates","current":5,"total":6,"progress":27}
[2026-03-31 22:57:46.841] [info]  Splash.onStateUpdate: {"status":"downloading-updates","current":5,"total":6,"progress":27}
[2026-03-31 22:57:46.869] [info]  Splash.updateCountdownSeconds: undefined
[2026-03-31 22:57:46.875] [info]  DiscordSplash.onStateUpdate: {"status":"downloading-updates","current":5,"total":6,"progress":28}
[2026-03-31 22:57:46.875] [info]  Splash.onStateUpdate: {"status":"downloading-updates","current":5,"total":6,"progress":28}
[2026-03-31 22:57:46.908] [info]  DiscordSplash.onStateUpdate: {"status":"downloading-updates","current":5,"total":6,"progress":29}
[2026-03-31 22:57:46.909] [info]  Splash.onStateUpdate: {"status":"downloading-updates","current":5,"total":6,"progress":29}
[2026-03-31 22:57:46.943] [info]  DiscordSplash.onStateUpdate: {"status":"downloading-updates","current":5,"total":6,"progress":30}
[2026-03-31 22:57:46.943] [info]  Splash.onStateUpdate: {"status":"downloading-updates","current":5,"total":6,"progress":30}
[2026-03-31 22:57:46.976] [info]  DiscordSplash.onStateUpdate: {"status":"downloading-updates","current":5,"total":6,"progress":31}
[2026-03-31 22:57:46.977] [info]  Splash.onStateUpdate: {"status":"downloading-updates","current":5,"total":6,"progress":31}
[2026-03-31 22:57:47.010] [info]  DiscordSplash.onStateUpdate: {"status":"downloading-updates","current":5,"total":6,"progress":32}
[2026-03-31 22:57:47.010] [info]  Splash.onStateUpdate: {"status":"downloading-updates","current":5,"total":6,"progress":32}
[2026-03-31 22:57:47.044] [info]  DiscordSplash.onStateUpdate: {"status":"downloading-updates","current":5,"total":6,"progress":33}
[2026-03-31 22:57:47.045] [info]  Splash.onStateUpdate: {"status":"downloading-updates","current":5,"total":6,"progress":33}
[2026-03-31 22:57:47.078] [info]  DiscordSplash.onStateUpdate: {"status":"downloading-updates","current":5,"total":6,"progress":34}
[2026-03-31 22:57:47.079] [info]  Splash.onStateUpdate: {"status":"downloading-updates","current":5,"total":6,"progress":34}
[2026-03-31 22:57:47.112] [info]  DiscordSplash.onStateUpdate: {"status":"downloading-updates","current":5,"total":6,"progress":35}
[2026-03-31 22:57:47.113] [info]  Splash.onStateUpdate: {"status":"downloading-updates","current":5,"total":6,"progress":35}
[2026-03-31 22:57:47.146] [info]  DiscordSplash.onStateUpdate: {"status":"downloading-updates","current":5,"total":6,"progress":36}
[2026-03-31 22:57:47.147] [info]  Splash.onStateUpdate: {"status":"downloading-updates","current":5,"total":6,"progress":36}
[2026-03-31 22:57:47.180] [info]  DiscordSplash.onStateUpdate: {"status":"downloading-updates","current":5,"total":6,"progress":37}
[2026-03-31 22:57:47.180] [info]  Splash.onStateUpdate: {"status":"downloading-updates","current":5,"total":6,"progress":37}
[2026-03-31 22:57:47.214] [info]  DiscordSplash.onStateUpdate: {"status":"downloading-updates","current":5,"total":6,"progress":38}
[2026-03-31 22:57:47.214] [info]  Splash.onStateUpdate: {"status":"downloading-updates","current":5,"total":6,"progress":38}
[2026-03-31 22:57:47.248] [info]  DiscordSplash.onStateUpdate: {"status":"downloading-updates","current":5,"total":6,"progress":39}
[2026-03-31 22:57:47.248] [info]  Splash.onStateUpdate: {"status":"downloading-updates","current":5,"total":6,"progress":39}
[2026-03-31 22:57:47.282] [info]  DiscordSplash.onStateUpdate: {"status":"downloading-updates","current":5,"total":6,"progress":40}
[2026-03-31 22:57:47.282] [info]  Splash.onStateUpdate: {"status":"downloading-updates","current":5,"total":6,"progress":40}
[2026-03-31 22:57:47.316] [info]  DiscordSplash.onStateUpdate: {"status":"downloading-updates","current":5,"total":6,"progress":41}
[2026-03-31 22:57:47.316] [info]  Splash.onStateUpdate: {"status":"downloading-updates","current":5,"total":6,"progress":41}
[2026-03-31 22:57:47.350] [info]  DiscordSplash.onStateUpdate: {"status":"downloading-updates","current":5,"total":6,"progress":42}
[2026-03-31 22:57:47.350] [info]  Splash.onStateUpdate: {"status":"downloading-updates","current":5,"total":6,"progress":42}
[2026-03-31 22:57:47.384] [info]  DiscordSplash.onStateUpdate: {"status":"downloading-updates","current":5,"total":6,"progress":43}
[2026-03-31 22:57:47.384] [info]  Splash.onStateUpdate: {"status":"downloading-updates","current":5,"total":6,"progress":43}
[2026-03-31 22:57:47.418] [info]  DiscordSplash.onStateUpdate: {"status":"downloading-updates","current":5,"total":6,"progress":44}
[2026-03-31 22:57:47.418] [info]  Splash.onStateUpdate: {"status":"downloading-updates","current":5,"total":6,"progress":44}
[2026-03-31 22:57:47.452] [info]  DiscordSplash.onStateUpdate: {"status":"downloading-updates","current":5,"total":6,"progress":45}
[2026-03-31 22:57:47.452] [info]  Splash.onStateUpdate: {"status":"downloading-updates","current":5,"total":6,"progress":45}
[2026-03-31 22:57:47.486] [info]  DiscordSplash.onStateUpdate: {"status":"downloading-updates","current":5,"total":6,"progress":46}
[2026-03-31 22:57:47.486] [info]  Splash.onStateUpdate: {"status":"downloading-updates","current":5,"total":6,"progress":46}
[2026-03-31 22:57:47.520] [info]  DiscordSplash.onStateUpdate: {"status":"downloading-updates","current":5,"total":6,"progress":47}
[2026-03-31 22:57:47.521] [info]  Splash.onStateUpdate: {"status":"downloading-updates","current":5,"total":6,"progress":47}
[2026-03-31 22:57:47.555] [info]  DiscordSplash.onStateUpdate: {"status":"downloading-updates","current":5,"total":6,"progress":48}
[2026-03-31 22:57:47.555] [info]  Splash.onStateUpdate: {"status":"downloading-updates","current":5,"total":6,"progress":48}
[2026-03-31 22:57:47.589] [info]  DiscordSplash.onStateUpdate: {"status":"downloading-updates","current":5,"total":6,"progress":49}
[2026-03-31 22:57:47.589] [info]  Splash.onStateUpdate: {"status":"downloading-updates","current":5,"total":6,"progress":49}
[2026-03-31 22:57:47.623] [info]  DiscordSplash.onStateUpdate: {"status":"downloading-updates","current":5,"total":6,"progress":50}
[2026-03-31 22:57:47.623] [info]  Splash.onStateUpdate: {"status":"downloading-updates","current":5,"total":6,"progress":50}
[2026-03-31 22:57:47.656] [info]  DiscordSplash.onStateUpdate: {"status":"downloading-updates","current":5,"total":6,"progress":51}
[2026-03-31 22:57:47.657] [info]  Splash.onStateUpdate: {"status":"downloading-updates","current":5,"total":6,"progress":51}
[2026-03-31 22:57:47.690] [info]  DiscordSplash.onStateUpdate: {"status":"downloading-updates","current":5,"total":6,"progress":52}
[2026-03-31 22:57:47.690] [info]  Splash.onStateUpdate: {"status":"downloading-updates","current":5,"total":6,"progress":52}
[2026-03-31 22:57:47.725] [info]  DiscordSplash.onStateUpdate: {"status":"downloading-updates","current":5,"total":6,"progress":53}
[2026-03-31 22:57:47.725] [info]  Splash.onStateUpdate: {"status":"downloading-updates","current":5,"total":6,"progress":53}
[2026-03-31 22:57:47.761] [info]  DiscordSplash.onStateUpdate: {"status":"downloading-updates","current":5,"total":6,"progress":54}
[2026-03-31 22:57:47.761] [info]  Splash.onStateUpdate: {"status":"downloading-updates","current":5,"total":6,"progress":54}
[2026-03-31 22:57:47.792] [info]  DiscordSplash.onStateUpdate: {"status":"downloading-updates","current":5,"total":6,"progress":55}
[2026-03-31 22:57:47.792] [info]  Splash.onStateUpdate: {"status":"downloading-updates","current":5,"total":6,"progress":55}
[2026-03-31 22:57:47.826] [info]  DiscordSplash.onStateUpdate: {"status":"downloading-updates","current":5,"total":6,"progress":56}
[2026-03-31 22:57:47.826] [info]  Splash.onStateUpdate: {"status":"downloading-updates","current":5,"total":6,"progress":56}
[2026-03-31 22:57:47.860] [info]  DiscordSplash.onStateUpdate: {"status":"downloading-updates","current":5,"total":6,"progress":57}
[2026-03-31 22:57:47.860] [info]  Splash.onStateUpdate: {"status":"downloading-updates","current":5,"total":6,"progress":57}
[2026-03-31 22:57:47.869] [info]  Splash.updateCountdownSeconds: undefined
[2026-03-31 22:57:47.895] [info]  DiscordSplash.onStateUpdate: {"status":"downloading-updates","current":5,"total":6,"progress":58}
[2026-03-31 22:57:47.896] [info]  Splash.onStateUpdate: {"status":"downloading-updates","current":5,"total":6,"progress":58}
[2026-03-31 22:57:47.929] [info]  DiscordSplash.onStateUpdate: {"status":"downloading-updates","current":5,"total":6,"progress":59}
[2026-03-31 22:57:47.930] [info]  Splash.onStateUpdate: {"status":"downloading-updates","current":5,"total":6,"progress":59}
[2026-03-31 22:57:47.963] [info]  DiscordSplash.onStateUpdate: {"status":"downloading-updates","current":5,"total":6,"progress":60}
[2026-03-31 22:57:47.963] [info]  Splash.onStateUpdate: {"status":"downloading-updates","current":5,"total":6,"progress":60}
[2026-03-31 22:57:47.996] [info]  DiscordSplash.onStateUpdate: {"status":"downloading-updates","current":5,"total":6,"progress":61}
[2026-03-31 22:57:47.996] [info]  Splash.onStateUpdate: {"status":"downloading-updates","current":5,"total":6,"progress":61}
[2026-03-31 22:57:48.030] [info]  DiscordSplash.onStateUpdate: {"status":"downloading-updates","current":5,"total":6,"progress":62}
[2026-03-31 22:57:48.030] [info]  Splash.onStateUpdate: {"status":"downloading-updates","current":5,"total":6,"progress":62}
[2026-03-31 22:57:48.064] [info]  DiscordSplash.onStateUpdate: {"status":"downloading-updates","current":5,"total":6,"progress":63}
[2026-03-31 22:57:48.064] [info]  Splash.onStateUpdate: {"status":"downloading-updates","current":5,"total":6,"progress":63}
[2026-03-31 22:57:48.098] [info]  DiscordSplash.onStateUpdate: {"status":"downloading-updates","current":5,"total":6,"progress":64}
[2026-03-31 22:57:48.098] [info]  Splash.onStateUpdate: {"status":"downloading-updates","current":5,"total":6,"progress":64}
[2026-03-31 22:57:48.132] [info]  DiscordSplash.onStateUpdate: {"status":"downloading-updates","current":5,"total":6,"progress":65}
[2026-03-31 22:57:48.132] [info]  Splash.onStateUpdate: {"status":"downloading-updates","current":5,"total":6,"progress":65}
[2026-03-31 22:57:48.166] [info]  DiscordSplash.onStateUpdate: {"status":"downloading-updates","current":5,"total":6,"progress":66}
[2026-03-31 22:57:48.166] [info]  Splash.onStateUpdate: {"status":"downloading-updates","current":5,"total":6,"progress":66}
[2026-03-31 22:57:48.200] [info]  DiscordSplash.onStateUpdate: {"status":"downloading-updates","current":5,"total":6,"progress":67}
[2026-03-31 22:57:48.200] [info]  Splash.onStateUpdate: {"status":"downloading-updates","current":5,"total":6,"progress":67}
[2026-03-31 22:57:48.234] [info]  DiscordSplash.onStateUpdate: {"status":"downloading-updates","current":5,"total":6,"progress":68}
[2026-03-31 22:57:48.234] [info]  Splash.onStateUpdate: {"status":"downloading-updates","current":5,"total":6,"progress":68}
[2026-03-31 22:57:48.268] [info]  DiscordSplash.onStateUpdate: {"status":"downloading-updates","current":5,"total":6,"progress":69}
[2026-03-31 22:57:48.268] [info]  Splash.onStateUpdate: {"status":"downloading-updates","current":5,"total":6,"progress":69}
[2026-03-31 22:57:48.302] [info]  DiscordSplash.onStateUpdate: {"status":"downloading-updates","current":5,"total":6,"progress":70}
[2026-03-31 22:57:48.302] [info]  Splash.onStateUpdate: {"status":"downloading-updates","current":5,"total":6,"progress":70}
[2026-03-31 22:57:48.336] [info]  DiscordSplash.onStateUpdate: {"status":"downloading-updates","current":5,"total":6,"progress":71}
[2026-03-31 22:57:48.336] [info]  Splash.onStateUpdate: {"status":"downloading-updates","current":5,"total":6,"progress":71}
[2026-03-31 22:57:48.370] [info]  DiscordSplash.onStateUpdate: {"status":"downloading-updates","current":5,"total":6,"progress":72}
[2026-03-31 22:57:48.370] [info]  Splash.onStateUpdate: {"status":"downloading-updates","current":5,"total":6,"progress":72}
[2026-03-31 22:57:48.404] [info]  DiscordSplash.onStateUpdate: {"status":"downloading-updates","current":5,"total":6,"progress":73}
[2026-03-31 22:57:48.404] [info]  Splash.onStateUpdate: {"status":"downloading-updates","current":5,"total":6,"progress":73}
[2026-03-31 22:57:48.438] [info]  DiscordSplash.onStateUpdate: {"status":"downloading-updates","current":5,"total":6,"progress":74}
[2026-03-31 22:57:48.438] [info]  Splash.onStateUpdate: {"status":"downloading-updates","current":5,"total":6,"progress":74}
[2026-03-31 22:57:48.472] [info]  DiscordSplash.onStateUpdate: {"status":"downloading-updates","current":5,"total":6,"progress":75}
[2026-03-31 22:57:48.472] [info]  Splash.onStateUpdate: {"status":"downloading-updates","current":5,"total":6,"progress":75}
[2026-03-31 22:57:48.506] [info]  DiscordSplash.onStateUpdate: {"status":"downloading-updates","current":5,"total":6,"progress":76}
[2026-03-31 22:57:48.506] [info]  Splash.onStateUpdate: {"status":"downloading-updates","current":5,"total":6,"progress":76}
[2026-03-31 22:57:48.540] [info]  DiscordSplash.onStateUpdate: {"status":"downloading-updates","current":5,"total":6,"progress":77}
[2026-03-31 22:57:48.540] [info]  Splash.onStateUpdate: {"status":"downloading-updates","current":5,"total":6,"progress":77}
[2026-03-31 22:57:48.574] [info]  DiscordSplash.onStateUpdate: {"status":"downloading-updates","current":5,"total":6,"progress":78}
[2026-03-31 22:57:48.574] [info]  Splash.onStateUpdate: {"status":"downloading-updates","current":5,"total":6,"progress":78}
[2026-03-31 22:57:48.608] [info]  DiscordSplash.onStateUpdate: {"status":"downloading-updates","current":5,"total":6,"progress":79}
[2026-03-31 22:57:48.608] [info]  Splash.onStateUpdate: {"status":"downloading-updates","current":5,"total":6,"progress":79}
[2026-03-31 22:57:48.642] [info]  DiscordSplash.onStateUpdate: {"status":"downloading-updates","current":5,"total":6,"progress":80}
[2026-03-31 22:57:48.642] [info]  Splash.onStateUpdate: {"status":"downloading-updates","current":5,"total":6,"progress":80}
[2026-03-31 22:57:48.676] [info]  DiscordSplash.onStateUpdate: {"status":"downloading-updates","current":5,"total":6,"progress":81}
[2026-03-31 22:57:48.676] [info]  Splash.onStateUpdate: {"status":"downloading-updates","current":5,"total":6,"progress":81}
[2026-03-31 22:57:48.709] [info]  DiscordSplash.onStateUpdate: {"status":"downloading-updates","current":5,"total":6,"progress":82}
[2026-03-31 22:57:48.710] [info]  Splash.onStateUpdate: {"status":"downloading-updates","current":5,"total":6,"progress":82}
[2026-03-31 22:57:48.744] [info]  DiscordSplash.onStateUpdate: {"status":"downloading-updates","current":5,"total":6,"progress":83}
[2026-03-31 22:57:48.744] [info]  Splash.onStateUpdate: {"status":"downloading-updates","current":5,"total":6,"progress":83}
[2026-03-31 22:57:48.777] [info]  DiscordSplash.onStateUpdate: {"status":"downloading-updates","current":5,"total":6,"progress":84}
[2026-03-31 22:57:48.778] [info]  Splash.onStateUpdate: {"status":"downloading-updates","current":5,"total":6,"progress":84}
[2026-03-31 22:57:48.811] [info]  DiscordSplash.onStateUpdate: {"status":"downloading-updates","current":5,"total":6,"progress":85}
[2026-03-31 22:57:48.812] [info]  Splash.onStateUpdate: {"status":"downloading-updates","current":5,"total":6,"progress":85}
[2026-03-31 22:57:48.846] [info]  DiscordSplash.onStateUpdate: {"status":"downloading-updates","current":5,"total":6,"progress":86}
[2026-03-31 22:57:48.847] [info]  Splash.onStateUpdate: {"status":"downloading-updates","current":5,"total":6,"progress":86}
[2026-03-31 22:57:48.869] [info]  Splash.updateCountdownSeconds: undefined
[2026-03-31 22:57:48.880] [info]  DiscordSplash.onStateUpdate: {"status":"downloading-updates","current":5,"total":6,"progress":87}
[2026-03-31 22:57:48.881] [info]  Splash.onStateUpdate: {"status":"downloading-updates","current":5,"total":6,"progress":87}
[2026-03-31 22:57:48.914] [info]  DiscordSplash.onStateUpdate: {"status":"downloading-updates","current":5,"total":6,"progress":88}
[2026-03-31 22:57:48.914] [info]  Splash.onStateUpdate: {"status":"downloading-updates","current":5,"total":6,"progress":88}
[2026-03-31 22:57:48.948] [info]  DiscordSplash.onStateUpdate: {"status":"downloading-updates","current":5,"total":6,"progress":89}
[2026-03-31 22:57:48.948] [info]  Splash.onStateUpdate: {"status":"downloading-updates","current":5,"total":6,"progress":89}
[2026-03-31 22:57:48.981] [info]  DiscordSplash.onStateUpdate: {"status":"downloading-updates","current":5,"total":6,"progress":90}
[2026-03-31 22:57:48.981] [info]  Splash.onStateUpdate: {"status":"downloading-updates","current":5,"total":6,"progress":90}
[2026-03-31 22:57:49.015] [info]  DiscordSplash.onStateUpdate: {"status":"downloading-updates","current":5,"total":6,"progress":91}
[2026-03-31 22:57:49.016] [info]  Splash.onStateUpdate: {"status":"downloading-updates","current":5,"total":6,"progress":91}
[2026-03-31 22:57:49.049] [info]  DiscordSplash.onStateUpdate: {"status":"downloading-updates","current":5,"total":6,"progress":92}
[2026-03-31 22:57:49.050] [info]  Splash.onStateUpdate: {"status":"downloading-updates","current":5,"total":6,"progress":92}
[2026-03-31 22:57:49.083] [info]  DiscordSplash.onStateUpdate: {"status":"downloading-updates","current":5,"total":6,"progress":93}
[2026-03-31 22:57:49.084] [info]  Splash.onStateUpdate: {"status":"downloading-updates","current":5,"total":6,"progress":93}
[2026-03-31 22:57:49.117] [info]  DiscordSplash.onStateUpdate: {"status":"downloading-updates","current":5,"total":6,"progress":94}
[2026-03-31 22:57:49.117] [info]  Splash.onStateUpdate: {"status":"downloading-updates","current":5,"total":6,"progress":94}
[2026-03-31 22:57:49.152] [info]  DiscordSplash.onStateUpdate: {"status":"downloading-updates","current":5,"total":6,"progress":95}
[2026-03-31 22:57:49.152] [info]  Splash.onStateUpdate: {"status":"downloading-updates","current":5,"total":6,"progress":95}
[2026-03-31 22:57:49.185] [info]  DiscordSplash.onStateUpdate: {"status":"downloading-updates","current":5,"total":6,"progress":96}
[2026-03-31 22:57:49.186] [info]  Splash.onStateUpdate: {"status":"downloading-updates","current":5,"total":6,"progress":96}
[2026-03-31 22:57:49.219] [info]  DiscordSplash.onStateUpdate: {"status":"downloading-updates","current":5,"total":6,"progress":97}
[2026-03-31 22:57:49.219] [info]  Splash.onStateUpdate: {"status":"downloading-updates","current":5,"total":6,"progress":97}
[2026-03-31 22:57:49.253] [info]  DiscordSplash.onStateUpdate: {"status":"downloading-updates","current":5,"total":6,"progress":98}
[2026-03-31 22:57:49.253] [info]  Splash.onStateUpdate: {"status":"downloading-updates","current":5,"total":6,"progress":98}
[2026-03-31 22:57:49.287] [info]  DiscordSplash.onStateUpdate: {"status":"downloading-updates","current":5,"total":6,"progress":99}
[2026-03-31 22:57:49.287] [info]  Splash.onStateUpdate: {"status":"downloading-updates","current":5,"total":6,"progress":99}
[2026-03-31 22:57:49.323] [info]  DiscordSplash.onStateUpdate: {"status":"downloading-updates","current":5,"total":6,"progress":100}
[2026-03-31 22:57:49.323] [info]  Splash.onStateUpdate: {"status":"downloading-updates","current":5,"total":6,"progress":100}
[2026-03-31 22:57:49.323] [info]  DiscordSplash.onStateUpdate: {"status":"downloading-updates","current":6,"total":6}
[2026-03-31 22:57:49.323] [info]  Splash.onStateUpdate: {"status":"downloading-updates","current":6,"total":6}
[2026-03-31 22:57:49.751] [info]  DiscordSplash.onStateUpdate: {"status":"downloading-updates","current":6,"total":6,"progress":10}
[2026-03-31 22:57:49.752] [info]  Splash.onStateUpdate: {"status":"downloading-updates","current":6,"total":6,"progress":10}
[2026-03-31 22:57:49.754] [info]  DiscordSplash.onStateUpdate: {"status":"downloading-updates","current":6,"total":6,"progress":19}
[2026-03-31 22:57:49.754] [info]  Splash.onStateUpdate: {"status":"downloading-updates","current":6,"total":6,"progress":19}
[2026-03-31 22:57:49.756] [info]  DiscordSplash.onStateUpdate: {"status":"downloading-updates","current":6,"total":6,"progress":28}
[2026-03-31 22:57:49.757] [info]  Splash.onStateUpdate: {"status":"downloading-updates","current":6,"total":6,"progress":28}
[2026-03-31 22:57:49.759] [info]  DiscordSplash.onStateUpdate: {"status":"downloading-updates","current":6,"total":6,"progress":38}
[2026-03-31 22:57:49.759] [info]  Splash.onStateUpdate: {"status":"downloading-updates","current":6,"total":6,"progress":38}
[2026-03-31 22:57:49.761] [info]  DiscordSplash.onStateUpdate: {"status":"downloading-updates","current":6,"total":6,"progress":45}
[2026-03-31 22:57:49.761] [info]  Splash.onStateUpdate: {"status":"downloading-updates","current":6,"total":6,"progress":45}
[2026-03-31 22:57:49.761] [info]  DiscordSplash.onStateUpdate: {"status":"downloading-updates","current":6,"total":6,"progress":53}
[2026-03-31 22:57:49.761] [info]  Splash.onStateUpdate: {"status":"downloading-updates","current":6,"total":6,"progress":53}
[2026-03-31 22:57:49.762] [info]  DiscordSplash.onStateUpdate: {"status":"downloading-updates","current":6,"total":6,"progress":57}
[2026-03-31 22:57:49.762] [info]  Splash.onStateUpdate: {"status":"downloading-updates","current":6,"total":6,"progress":57}
[2026-03-31 22:57:49.762] [info]  DiscordSplash.onStateUpdate: {"status":"downloading-updates","current":6,"total":6,"progress":58}
[2026-03-31 22:57:49.762] [info]  Splash.onStateUpdate: {"status":"downloading-updates","current":6,"total":6,"progress":58}
[2026-03-31 22:57:49.763] [info]  DiscordSplash.onStateUpdate: {"status":"downloading-updates","current":6,"total":6,"progress":60}
[2026-03-31 22:57:49.763] [info]  Splash.onStateUpdate: {"status":"downloading-updates","current":6,"total":6,"progress":60}
[2026-03-31 22:57:49.763] [info]  DiscordSplash.onStateUpdate: {"status":"downloading-updates","current":6,"total":6,"progress":61}
[2026-03-31 22:57:49.763] [info]  Splash.onStateUpdate: {"status":"downloading-updates","current":6,"total":6,"progress":61}
[2026-03-31 22:57:49.764] [info]  DiscordSplash.onStateUpdate: {"status":"downloading-updates","current":6,"total":6,"progress":63}
[2026-03-31 22:57:49.764] [info]  Splash.onStateUpdate: {"status":"downloading-updates","current":6,"total":6,"progress":63}
[2026-03-31 22:57:49.764] [info]  DiscordSplash.onStateUpdate: {"status":"downloading-updates","current":6,"total":6,"progress":65}
[2026-03-31 22:57:49.764] [info]  Splash.onStateUpdate: {"status":"downloading-updates","current":6,"total":6,"progress":65}
[2026-03-31 22:57:49.765] [info]  DiscordSplash.onStateUpdate: {"status":"downloading-updates","current":6,"total":6,"progress":66}
[2026-03-31 22:57:49.765] [info]  Splash.onStateUpdate: {"status":"downloading-updates","current":6,"total":6,"progress":66}
[2026-03-31 22:57:49.765] [info]  DiscordSplash.onStateUpdate: {"status":"downloading-updates","current":6,"total":6,"progress":68}
[2026-03-31 22:57:49.765] [info]  Splash.onStateUpdate: {"status":"downloading-updates","current":6,"total":6,"progress":68}
[2026-03-31 22:57:49.766] [info]  DiscordSplash.onStateUpdate: {"status":"downloading-updates","current":6,"total":6,"progress":69}
[2026-03-31 22:57:49.766] [info]  Splash.onStateUpdate: {"status":"downloading-updates","current":6,"total":6,"progress":69}
[2026-03-31 22:57:49.766] [info]  DiscordSplash.onStateUpdate: {"status":"downloading-updates","current":6,"total":6,"progress":71}
[2026-03-31 22:57:49.766] [info]  Splash.onStateUpdate: {"status":"downloading-updates","current":6,"total":6,"progress":71}
[2026-03-31 22:57:49.767] [info]  DiscordSplash.onStateUpdate: {"status":"downloading-updates","current":6,"total":6,"progress":72}
[2026-03-31 22:57:49.767] [info]  Splash.onStateUpdate: {"status":"downloading-updates","current":6,"total":6,"progress":72}
[2026-03-31 22:57:49.767] [info]  DiscordSplash.onStateUpdate: {"status":"downloading-updates","current":6,"total":6,"progress":74}
[2026-03-31 22:57:49.767] [info]  Splash.onStateUpdate: {"status":"downloading-updates","current":6,"total":6,"progress":74}
[2026-03-31 22:57:49.767] [info]  DiscordSplash.onStateUpdate: {"status":"downloading-updates","current":6,"total":6,"progress":75}
[2026-03-31 22:57:49.767] [info]  Splash.onStateUpdate: {"status":"downloading-updates","current":6,"total":6,"progress":75}
[2026-03-31 22:57:49.768] [info]  DiscordSplash.onStateUpdate: {"status":"downloading-updates","current":6,"total":6,"progress":76}
[2026-03-31 22:57:49.768] [info]  Splash.onStateUpdate: {"status":"downloading-updates","current":6,"total":6,"progress":76}
[2026-03-31 22:57:49.768] [info]  DiscordSplash.onStateUpdate: {"status":"downloading-updates","current":6,"total":6,"progress":78}
[2026-03-31 22:57:49.768] [info]  Splash.onStateUpdate: {"status":"downloading-updates","current":6,"total":6,"progress":78}
[2026-03-31 22:57:49.769] [info]  DiscordSplash.onStateUpdate: {"status":"downloading-updates","current":6,"total":6,"progress":79}
[2026-03-31 22:57:49.769] [info]  Splash.onStateUpdate: {"status":"downloading-updates","current":6,"total":6,"progress":79}
[2026-03-31 22:57:49.769] [info]  DiscordSplash.onStateUpdate: {"status":"downloading-updates","current":6,"total":6,"progress":80}
[2026-03-31 22:57:49.769] [info]  Splash.onStateUpdate: {"status":"downloading-updates","current":6,"total":6,"progress":80}
[2026-03-31 22:57:49.770] [info]  DiscordSplash.onStateUpdate: {"status":"downloading-updates","current":6,"total":6,"progress":82}
[2026-03-31 22:57:49.770] [info]  Splash.onStateUpdate: {"status":"downloading-updates","current":6,"total":6,"progress":82}
[2026-03-31 22:57:49.770] [info]  DiscordSplash.onStateUpdate: {"status":"downloading-updates","current":6,"total":6,"progress":83}
[2026-03-31 22:57:49.770] [info]  Splash.onStateUpdate: {"status":"downloading-updates","current":6,"total":6,"progress":83}
[2026-03-31 22:57:49.770] [info]  DiscordSplash.onStateUpdate: {"status":"downloading-updates","current":6,"total":6,"progress":84}
[2026-03-31 22:57:49.770] [info]  Splash.onStateUpdate: {"status":"downloading-updates","current":6,"total":6,"progress":84}
[2026-03-31 22:57:49.771] [info]  DiscordSplash.onStateUpdate: {"status":"downloading-updates","current":6,"total":6,"progress":85}
[2026-03-31 22:57:49.771] [info]  Splash.onStateUpdate: {"status":"downloading-updates","current":6,"total":6,"progress":85}
[2026-03-31 22:57:49.771] [info]  DiscordSplash.onStateUpdate: {"status":"downloading-updates","current":6,"total":6,"progress":87}
[2026-03-31 22:57:49.771] [info]  Splash.onStateUpdate: {"status":"downloading-updates","current":6,"total":6,"progress":87}
[2026-03-31 22:57:49.771] [info]  DiscordSplash.onStateUpdate: {"status":"downloading-updates","current":6,"total":6,"progress":88}
[2026-03-31 22:57:49.772] [info]  Splash.onStateUpdate: {"status":"downloading-updates","current":6,"total":6,"progress":88}
[2026-03-31 22:57:49.772] [info]  DiscordSplash.onStateUpdate: {"status":"downloading-updates","current":6,"total":6,"progress":89}
[2026-03-31 22:57:49.772] [info]  Splash.onStateUpdate: {"status":"downloading-updates","current":6,"total":6,"progress":89}
[2026-03-31 22:57:49.773] [info]  DiscordSplash.onStateUpdate: {"status":"downloading-updates","current":6,"total":6,"progress":90}
[2026-03-31 22:57:49.773] [info]  Splash.onStateUpdate: {"status":"downloading-updates","current":6,"total":6,"progress":90}
[2026-03-31 22:57:49.773] [info]  DiscordSplash.onStateUpdate: {"status":"downloading-updates","current":6,"total":6,"progress":91}
[2026-03-31 22:57:49.773] [info]  Splash.onStateUpdate: {"status":"downloading-updates","current":6,"total":6,"progress":91}
[2026-03-31 22:57:49.774] [info]  DiscordSplash.onStateUpdate: {"status":"downloading-updates","current":6,"total":6,"progress":92}
[2026-03-31 22:57:49.774] [info]  Splash.onStateUpdate: {"status":"downloading-updates","current":6,"total":6,"progress":92}
[2026-03-31 22:57:49.774] [info]  DiscordSplash.onStateUpdate: {"status":"downloading-updates","current":6,"total":6,"progress":94}
[2026-03-31 22:57:49.774] [info]  Splash.onStateUpdate: {"status":"downloading-updates","current":6,"total":6,"progress":94}
[2026-03-31 22:57:49.774] [info]  DiscordSplash.onStateUpdate: {"status":"downloading-updates","current":6,"total":6,"progress":95}
[2026-03-31 22:57:49.775] [info]  Splash.onStateUpdate: {"status":"downloading-updates","current":6,"total":6,"progress":95}
[2026-03-31 22:57:49.775] [info]  DiscordSplash.onStateUpdate: {"status":"downloading-updates","current":6,"total":6,"progress":96}
[2026-03-31 22:57:49.775] [info]  Splash.onStateUpdate: {"status":"downloading-updates","current":6,"total":6,"progress":96}
[2026-03-31 22:57:49.775] [info]  DiscordSplash.onStateUpdate: {"status":"downloading-updates","current":6,"total":6,"progress":97}
[2026-03-31 22:57:49.775] [info]  Splash.onStateUpdate: {"status":"downloading-updates","current":6,"total":6,"progress":97}
[2026-03-31 22:57:49.776] [info]  DiscordSplash.onStateUpdate: {"status":"downloading-updates","current":6,"total":6,"progress":99}
[2026-03-31 22:57:49.776] [info]  Splash.onStateUpdate: {"status":"downloading-updates","current":6,"total":6,"progress":99}
[2026-03-31 22:57:49.777] [info]  DiscordSplash.onStateUpdate: {"status":"downloading-updates","current":6,"total":6,"progress":100}
[2026-03-31 22:57:49.777] [info]  Splash.onStateUpdate: {"status":"downloading-updates","current":6,"total":6,"progress":100}
[2026-03-31 22:57:49.777] [info]  DiscordSplash.onStateUpdate: {"status":"installing-updates","current":1,"total":6}
[2026-03-31 22:57:49.777] [info]  Splash.onStateUpdate: {"status":"installing-updates","current":1,"total":6}
[2026-03-31 22:57:49.780] [info]  DiscordSplash.onStateUpdate: {"status":"installing-updates","current":1,"total":6,"progress":33}
[2026-03-31 22:57:49.780] [info]  Splash.onStateUpdate: {"status":"installing-updates","current":1,"total":6,"progress":33}
[2026-03-31 22:57:49.821] [info]  DiscordSplash.onStateUpdate: {"status":"installing-updates","current":1,"total":6,"progress":66}
[2026-03-31 22:57:49.822] [info]  Splash.onStateUpdate: {"status":"installing-updates","current":1,"total":6,"progress":66}
[2026-03-31 22:57:49.822] [info]  DiscordSplash.onStateUpdate: {"status":"installing-updates","current":1,"total":6,"progress":100}
[2026-03-31 22:57:49.823] [info]  Splash.onStateUpdate: {"status":"installing-updates","current":1,"total":6,"progress":100}
[2026-03-31 22:57:49.824] [info]  DiscordSplash.onStateUpdate: {"status":"installing-updates","current":2,"total":6}
[2026-03-31 22:57:49.824] [info]  Splash.onStateUpdate: {"status":"installing-updates","current":2,"total":6}
[2026-03-31 22:57:49.824] [info]  DiscordSplash.onStateUpdate: {"status":"installing-updates","current":2,"total":6,"progress":25}
[2026-03-31 22:57:49.824] [info]  Splash.onStateUpdate: {"status":"installing-updates","current":2,"total":6,"progress":25}
[2026-03-31 22:57:49.825] [info]  DiscordSplash.onStateUpdate: {"status":"installing-updates","current":2,"total":6,"progress":50}
[2026-03-31 22:57:49.825] [info]  Splash.onStateUpdate: {"status":"installing-updates","current":2,"total":6,"progress":50}
[2026-03-31 22:57:49.826] [info]  DiscordSplash.onStateUpdate: {"status":"installing-updates","current":2,"total":6,"progress":75}
[2026-03-31 22:57:49.826] [info]  Splash.onStateUpdate: {"status":"installing-updates","current":2,"total":6,"progress":75}
[2026-03-31 22:57:49.856] [info]  DiscordSplash.onStateUpdate: {"status":"installing-updates","current":2,"total":6,"progress":100}
[2026-03-31 22:57:49.856] [info]  Splash.onStateUpdate: {"status":"installing-updates","current":2,"total":6,"progress":100}
[2026-03-31 22:57:49.857] [info]  DiscordSplash.onStateUpdate: {"status":"installing-updates","current":3,"total":6}
[2026-03-31 22:57:49.857] [info]  Splash.onStateUpdate: {"status":"installing-updates","current":3,"total":6}
[2026-03-31 22:57:49.858] [info]  DiscordSplash.onStateUpdate: {"status":"installing-updates","current":3,"total":6,"progress":0}
[2026-03-31 22:57:49.858] [info]  Splash.onStateUpdate: {"status":"installing-updates","current":3,"total":6,"progress":0}
[2026-03-31 22:57:49.859] [info]  DiscordSplash.onStateUpdate: {"status":"installing-updates","current":3,"total":6,"progress":0}
[2026-03-31 22:57:49.859] [info]  Splash.onStateUpdate: {"status":"installing-updates","current":3,"total":6,"progress":0}
[2026-03-31 22:57:49.859] [info]  DiscordSplash.onStateUpdate: {"status":"installing-updates","current":3,"total":6,"progress":0}
[2026-03-31 22:57:49.860] [info]  Splash.onStateUpdate: {"status":"installing-updates","current":3,"total":6,"progress":0}
[2026-03-31 22:57:49.860] [info]  DiscordSplash.onStateUpdate: {"status":"installing-updates","current":3,"total":6,"progress":0}
[2026-03-31 22:57:49.860] [info]  Splash.onStateUpdate: {"status":"installing-updates","current":3,"total":6,"progress":0}
[2026-03-31 22:57:49.861] [info]  DiscordSplash.onStateUpdate: {"status":"installing-updates","current":3,"total":6,"progress":0}
[2026-03-31 22:57:49.861] [info]  Splash.onStateUpdate: {"status":"installing-updates","current":3,"total":6,"progress":0}
[2026-03-31 22:57:49.861] [info]  DiscordSplash.onStateUpdate: {"status":"installing-updates","current":3,"total":6,"progress":0}
[2026-03-31 22:57:49.861] [info]  Splash.onStateUpdate: {"status":"installing-updates","current":3,"total":6,"progress":0}
[2026-03-31 22:57:49.862] [info]  DiscordSplash.onStateUpdate: {"status":"installing-updates","current":3,"total":6,"progress":1}
[2026-03-31 22:57:49.862] [info]  Splash.onStateUpdate: {"status":"installing-updates","current":3,"total":6,"progress":1}
[2026-03-31 22:57:49.863] [info]  DiscordSplash.onStateUpdate: {"status":"installing-updates","current":3,"total":6,"progress":1}
[2026-03-31 22:57:49.863] [info]  Splash.onStateUpdate: {"status":"installing-updates","current":3,"total":6,"progress":1}
[2026-03-31 22:57:49.863] [info]  DiscordSplash.onStateUpdate: {"status":"installing-updates","current":3,"total":6,"progress":1}
[2026-03-31 22:57:49.863] [info]  Splash.onStateUpdate: {"status":"installing-updates","current":3,"total":6,"progress":1}
[2026-03-31 22:57:49.864] [info]  DiscordSplash.onStateUpdate: {"status":"installing-updates","current":3,"total":6,"progress":1}
[2026-03-31 22:57:49.864] [info]  Splash.onStateUpdate: {"status":"installing-updates","current":3,"total":6,"progress":1}
[2026-03-31 22:57:49.864] [info]  DiscordSplash.onStateUpdate: {"status":"installing-updates","current":3,"total":6,"progress":1}
[2026-03-31 22:57:49.864] [info]  Splash.onStateUpdate: {"status":"installing-updates","current":3,"total":6,"progress":1}
[2026-03-31 22:57:49.865] [info]  DiscordSplash.onStateUpdate: {"status":"installing-updates","current":3,"total":6,"progress":1}
[2026-03-31 22:57:49.865] [info]  Splash.onStateUpdate: {"status":"installing-updates","current":3,"total":6,"progress":1}
[2026-03-31 22:57:49.866] [info]  DiscordSplash.onStateUpdate: {"status":"installing-updates","current":3,"total":6,"progress":2}
[2026-03-31 22:57:49.866] [info]  Splash.onStateUpdate: {"status":"installing-updates","current":3,"total":6,"progress":2}
[2026-03-31 22:57:49.867] [info]  DiscordSplash.onStateUpdate: {"status":"installing-updates","current":3,"total":6,"progress":2}
[2026-03-31 22:57:49.867] [info]  Splash.onStateUpdate: {"status":"installing-updates","current":3,"total":6,"progress":2}
[2026-03-31 22:57:49.867] [info]  DiscordSplash.onStateUpdate: {"status":"installing-updates","current":3,"total":6,"progress":2}
[2026-03-31 22:57:49.867] [info]  Splash.onStateUpdate: {"status":"installing-updates","current":3,"total":6,"progress":2}
[2026-03-31 22:57:49.868] [info]  DiscordSplash.onStateUpdate: {"status":"installing-updates","current":3,"total":6,"progress":2}
[2026-03-31 22:57:49.868] [info]  Splash.onStateUpdate: {"status":"installing-updates","current":3,"total":6,"progress":2}
[2026-03-31 22:57:49.869] [info]  DiscordSplash.onStateUpdate: {"status":"installing-updates","current":3,"total":6,"progress":2}
[2026-03-31 22:57:49.869] [info]  Splash.onStateUpdate: {"status":"installing-updates","current":3,"total":6,"progress":2}
[2026-03-31 22:57:49.869] [info]  Splash.updateCountdownSeconds: undefined
[2026-03-31 22:57:49.869] [info]  DiscordSplash.onStateUpdate: {"status":"installing-updates","current":3,"total":6,"progress":2}
[2026-03-31 22:57:49.869] [info]  Splash.onStateUpdate: {"status":"installing-updates","current":3,"total":6,"progress":2}
[2026-03-31 22:57:49.870] [info]  DiscordSplash.onStateUpdate: {"status":"installing-updates","current":3,"total":6,"progress":3}
[2026-03-31 22:57:49.870] [info]  Splash.onStateUpdate: {"status":"installing-updates","current":3,"total":6,"progress":3}
[2026-03-31 22:57:49.870] [info]  DiscordSplash.onStateUpdate: {"status":"installing-updates","current":3,"total":6,"progress":3}
[2026-03-31 22:57:49.870] [info]  Splash.onStateUpdate: {"status":"installing-updates","current":3,"total":6,"progress":3}
[2026-03-31 22:57:49.871] [info]  DiscordSplash.onStateUpdate: {"status":"installing-updates","current":3,"total":6,"progress":3}
[2026-03-31 22:57:49.871] [info]  Splash.onStateUpdate: {"status":"installing-updates","current":3,"total":6,"progress":3}
[2026-03-31 22:57:49.872] [info]  DiscordSplash.onStateUpdate: {"status":"installing-updates","current":3,"total":6,"progress":3}
[2026-03-31 22:57:49.872] [info]  Splash.onStateUpdate: {"status":"installing-updates","current":3,"total":6,"progress":3}
[2026-03-31 22:57:49.872] [info]  DiscordSplash.onStateUpdate: {"status":"installing-updates","current":3,"total":6,"progress":3}
[2026-03-31 22:57:49.872] [info]  Splash.onStateUpdate: {"status":"installing-updates","current":3,"total":6,"progress":3}
[2026-03-31 22:57:49.873] [info]  DiscordSplash.onStateUpdate: {"status":"installing-updates","current":3,"total":6,"progress":3}
[2026-03-31 22:57:49.873] [info]  Splash.onStateUpdate: {"status":"installing-updates","current":3,"total":6,"progress":3}
[2026-03-31 22:57:49.873] [info]  DiscordSplash.onStateUpdate: {"status":"installing-updates","current":3,"total":6,"progress":4}
[2026-03-31 22:57:49.873] [info]  Splash.onStateUpdate: {"status":"installing-updates","current":3,"total":6,"progress":4}
[2026-03-31 22:57:49.874] [info]  DiscordSplash.onStateUpdate: {"status":"installing-updates","current":3,"total":6,"progress":4}
[2026-03-31 22:57:49.874] [info]  Splash.onStateUpdate: {"status":"installing-updates","current":3,"total":6,"progress":4}
[2026-03-31 22:57:49.874] [info]  DiscordSplash.onStateUpdate: {"status":"installing-updates","current":3,"total":6,"progress":4}
[2026-03-31 22:57:49.875] [info]  Splash.onStateUpdate: {"status":"installing-updates","current":3,"total":6,"progress":4}
[2026-03-31 22:57:49.875] [info]  DiscordSplash.onStateUpdate: {"status":"installing-updates","current":3,"total":6,"progress":4}
[2026-03-31 22:57:49.875] [info]  Splash.onStateUpdate: {"status":"installing-updates","current":3,"total":6,"progress":4}
[2026-03-31 22:57:49.876] [info]  DiscordSplash.onStateUpdate: {"status":"installing-updates","current":3,"total":6,"progress":4}
[2026-03-31 22:57:49.876] [info]  Splash.onStateUpdate: {"status":"installing-updates","current":3,"total":6,"progress":4}
[2026-03-31 22:57:49.876] [info]  DiscordSplash.onStateUpdate: {"status":"installing-updates","current":3,"total":6,"progress":4}
[2026-03-31 22:57:49.876] [info]  Splash.onStateUpdate: {"status":"installing-updates","current":3,"total":6,"progress":4}
[2026-03-31 22:57:49.877] [info]  DiscordSplash.onStateUpdate: {"status":"installing-updates","current":3,"total":6,"progress":5}
[2026-03-31 22:57:49.877] [info]  Splash.onStateUpdate: {"status":"installing-updates","current":3,"total":6,"progress":5}
[2026-03-31 22:57:49.877] [info]  DiscordSplash.onStateUpdate: {"status":"installing-updates","current":3,"total":6,"progress":5}
[2026-03-31 22:57:49.877] [info]  Splash.onStateUpdate: {"status":"installing-updates","current":3,"total":6,"progress":5}
[2026-03-31 22:57:49.915] [info]  DiscordSplash.onStateUpdate: {"status":"installing-updates","current":3,"total":6,"progress":5}
[2026-03-31 22:57:49.915] [info]  Splash.onStateUpdate: {"status":"installing-updates","current":3,"total":6,"progress":5}
[2026-03-31 22:57:49.947] [info]  DiscordSplash.onStateUpdate: {"status":"installing-updates","current":3,"total":6,"progress":5}
[2026-03-31 22:57:49.948] [info]  Splash.onStateUpdate: {"status":"installing-updates","current":3,"total":6,"progress":5}
[2026-03-31 22:57:49.950] [info]  DiscordSplash.onStateUpdate: {"status":"installing-updates","current":3,"total":6,"progress":5}
[2026-03-31 22:57:49.950] [info]  Splash.onStateUpdate: {"status":"installing-updates","current":3,"total":6,"progress":5}
[2026-03-31 22:57:49.951] [info]  DiscordSplash.onStateUpdate: {"status":"installing-updates","current":3,"total":6,"progress":5}
[2026-03-31 22:57:49.951] [info]  Splash.onStateUpdate: {"status":"installing-updates","current":3,"total":6,"progress":5}
[2026-03-31 22:57:49.952] [info]  DiscordSplash.onStateUpdate: {"status":"installing-updates","current":3,"total":6,"progress":6}
[2026-03-31 22:57:49.952] [info]  Splash.onStateUpdate: {"status":"installing-updates","current":3,"total":6,"progress":6}
[2026-03-31 22:57:49.953] [info]  DiscordSplash.onStateUpdate: {"status":"installing-updates","current":3,"total":6,"progress":6}
[2026-03-31 22:57:49.953] [info]  Splash.onStateUpdate: {"status":"installing-updates","current":3,"total":6,"progress":6}
[2026-03-31 22:57:49.953] [info]  DiscordSplash.onStateUpdate: {"status":"installing-updates","current":3,"total":6,"progress":6}
[2026-03-31 22:57:49.954] [info]  Splash.onStateUpdate: {"status":"installing-updates","current":3,"total":6,"progress":6}
[2026-03-31 22:57:49.956] [info]  DiscordSplash.onStateUpdate: {"status":"installing-updates","current":3,"total":6,"progress":6}
[2026-03-31 22:57:49.957] [info]  Splash.onStateUpdate: {"status":"installing-updates","current":3,"total":6,"progress":6}
[2026-03-31 22:57:49.957] [info]  DiscordSplash.onStateUpdate: {"status":"installing-updates","current":3,"total":6,"progress":6}
[2026-03-31 22:57:49.958] [info]  Splash.onStateUpdate: {"status":"installing-updates","current":3,"total":6,"progress":6}
[2026-03-31 22:57:49.958] [info]  DiscordSplash.onStateUpdate: {"status":"installing-updates","current":3,"total":6,"progress":6}
[2026-03-31 22:57:49.958] [info]  Splash.onStateUpdate: {"status":"installing-updates","current":3,"total":6,"progress":6}
[2026-03-31 22:57:49.959] [info]  DiscordSplash.onStateUpdate: {"status":"installing-updates","current":3,"total":6,"progress":6}
[2026-03-31 22:57:49.959] [info]  Splash.onStateUpdate: {"status":"installing-updates","current":3,"total":6,"progress":6}
[2026-03-31 22:57:49.959] [info]  DiscordSplash.onStateUpdate: {"status":"installing-updates","current":3,"total":6,"progress":7}
[2026-03-31 22:57:49.960] [info]  Splash.onStateUpdate: {"status":"installing-updates","current":3,"total":6,"progress":7}
[2026-03-31 22:57:49.960] [info]  DiscordSplash.onStateUpdate: {"status":"installing-updates","current":3,"total":6,"progress":7}
[2026-03-31 22:57:49.960] [info]  Splash.onStateUpdate: {"status":"installing-updates","current":3,"total":6,"progress":7}
[2026-03-31 22:57:49.961] [info]  DiscordSplash.onStateUpdate: {"status":"installing-updates","current":3,"total":6,"progress":7}
[2026-03-31 22:57:49.961] [info]  Splash.onStateUpdate: {"status":"installing-updates","current":3,"total":6,"progress":7}
[2026-03-31 22:57:49.961] [info]  DiscordSplash.onStateUpdate: {"status":"installing-updates","current":3,"total":6,"progress":7}
[2026-03-31 22:57:49.962] [info]  Splash.onStateUpdate: {"status":"installing-updates","current":3,"total":6,"progress":7}
[2026-03-31 22:57:49.962] [info]  DiscordSplash.onStateUpdate: {"status":"installing-updates","current":3,"total":6,"progress":7}
[2026-03-31 22:57:49.962] [info]  Splash.onStateUpdate: {"status":"installing-updates","current":3,"total":6,"progress":7}
[2026-03-31 22:57:49.963] [info]  DiscordSplash.onStateUpdate: {"status":"installing-updates","current":3,"total":6,"progress":7}
[2026-03-31 22:57:49.963] [info]  Splash.onStateUpdate: {"status":"installing-updates","current":3,"total":6,"progress":7}
[2026-03-31 22:57:49.963] [info]  DiscordSplash.onStateUpdate: {"status":"installing-updates","current":3,"total":6,"progress":8}
[2026-03-31 22:57:49.963] [info]  Splash.onStateUpdate: {"status":"installing-updates","current":3,"total":6,"progress":8}
[2026-03-31 22:57:49.964] [info]  DiscordSplash.onStateUpdate: {"status":"installing-updates","current":3,"total":6,"progress":8}
[2026-03-31 22:57:49.964] [info]  Splash.onStateUpdate: {"status":"installing-updates","current":3,"total":6,"progress":8}
[2026-03-31 22:57:49.965] [info]  DiscordSplash.onStateUpdate: {"status":"installing-updates","current":3,"total":6,"progress":8}
[2026-03-31 22:57:49.965] [info]  Splash.onStateUpdate: {"status":"installing-updates","current":3,"total":6,"progress":8}
[2026-03-31 22:57:49.965] [info]  DiscordSplash.onStateUpdate: {"status":"installing-updates","current":3,"total":6,"progress":8}
[2026-03-31 22:57:49.966] [info]  Splash.onStateUpdate: {"status":"installing-updates","current":3,"total":6,"progress":8}
[2026-03-31 22:57:49.966] [info]  DiscordSplash.onStateUpdate: {"status":"installing-updates","current":3,"total":6,"progress":8}
[2026-03-31 22:57:49.966] [info]  Splash.onStateUpdate: {"status":"installing-updates","current":3,"total":6,"progress":8}
[2026-03-31 22:57:49.967] [info]  DiscordSplash.onStateUpdate: {"status":"installing-updates","current":3,"total":6,"progress":8}
[2026-03-31 22:57:49.967] [info]  Splash.onStateUpdate: {"status":"installing-updates","current":3,"total":6,"progress":8}
[2026-03-31 22:57:49.968] [info]  DiscordSplash.onStateUpdate: {"status":"installing-updates","current":3,"total":6,"progress":9}
[2026-03-31 22:57:49.968] [info]  Splash.onStateUpdate: {"status":"installing-updates","current":3,"total":6,"progress":9}
[2026-03-31 22:57:49.968] [info]  DiscordSplash.onStateUpdate: {"status":"installing-updates","current":3,"total":6,"progress":9}
[2026-03-31 22:57:49.968] [info]  Splash.onStateUpdate: {"status":"installing-updates","current":3,"total":6,"progress":9}
[2026-03-31 22:57:49.969] [info]  DiscordSplash.onStateUpdate: {"status":"installing-updates","current":3,"total":6,"progress":9}
[2026-03-31 22:57:49.969] [info]  Splash.onStateUpdate: {"status":"installing-updates","current":3,"total":6,"progress":9}
[2026-03-31 22:57:49.969] [info]  DiscordSplash.onStateUpdate: {"status":"installing-updates","current":3,"total":6,"progress":9}
[2026-03-31 22:57:49.969] [info]  Splash.onStateUpdate: {"status":"installing-updates","current":3,"total":6,"progress":9}
[2026-03-31 22:57:49.970] [info]  DiscordSplash.onStateUpdate: {"status":"installing-updates","current":3,"total":6,"progress":9}
[2026-03-31 22:57:49.970] [info]  Splash.onStateUpdate: {"status":"installing-updates","current":3,"total":6,"progress":9}
[2026-03-31 22:57:49.971] [info]  DiscordSplash.onStateUpdate: {"status":"installing-updates","current":3,"total":6,"progress":9}
[2026-03-31 22:57:49.971] [info]  Splash.onStateUpdate: {"status":"installing-updates","current":3,"total":6,"progress":9}
[2026-03-31 22:57:49.971] [info]  DiscordSplash.onStateUpdate: {"status":"installing-updates","current":3,"total":6,"progress":10}
[2026-03-31 22:57:49.971] [info]  Splash.onStateUpdate: {"status":"installing-updates","current":3,"total":6,"progress":10}
[2026-03-31 22:57:49.972] [info]  DiscordSplash.onStateUpdate: {"status":"installing-updates","current":3,"total":6,"progress":10}
[2026-03-31 22:57:49.972] [info]  Splash.onStateUpdate: {"status":"installing-updates","current":3,"total":6,"progress":10}
[2026-03-31 22:57:49.972] [info]  DiscordSplash.onStateUpdate: {"status":"installing-updates","current":3,"total":6,"progress":10}
[2026-03-31 22:57:49.973] [info]  Splash.onStateUpdate: {"status":"installing-updates","current":3,"total":6,"progress":10}
[2026-03-31 22:57:49.973] [info]  DiscordSplash.onStateUpdate: {"status":"installing-updates","current":3,"total":6,"progress":10}
[2026-03-31 22:57:49.973] [info]  Splash.onStateUpdate: {"status":"installing-updates","current":3,"total":6,"progress":10}
[2026-03-31 22:57:49.974] [info]  DiscordSplash.onStateUpdate: {"status":"installing-updates","current":3,"total":6,"progress":10}
[2026-03-31 22:57:49.974] [info]  Splash.onStateUpdate: {"status":"installing-updates","current":3,"total":6,"progress":10}
[2026-03-31 22:57:49.974] [info]  DiscordSplash.onStateUpdate: {"status":"installing-updates","current":3,"total":6,"progress":10}
[2026-03-31 22:57:49.974] [info]  Splash.onStateUpdate: {"status":"installing-updates","current":3,"total":6,"progress":10}
[2026-03-31 22:57:49.975] [info]  DiscordSplash.onStateUpdate: {"status":"installing-updates","current":3,"total":6,"progress":11}
[2026-03-31 22:57:49.975] [info]  Splash.onStateUpdate: {"status":"installing-updates","current":3,"total":6,"progress":11}
[2026-03-31 22:57:49.976] [info]  DiscordSplash.onStateUpdate: {"status":"installing-updates","current":3,"total":6,"progress":11}
[2026-03-31 22:57:49.976] [info]  Splash.onStateUpdate: {"status":"installing-updates","current":3,"total":6,"progress":11}
[2026-03-31 22:57:49.976] [info]  DiscordSplash.onStateUpdate: {"status":"installing-updates","current":3,"total":6,"progress":11}
[2026-03-31 22:57:49.976] [info]  Splash.onStateUpdate: {"status":"installing-updates","current":3,"total":6,"progress":11}
[2026-03-31 22:57:49.977] [info]  DiscordSplash.onStateUpdate: {"status":"installing-updates","current":3,"total":6,"progress":11}
[2026-03-31 22:57:49.977] [info]  Splash.onStateUpdate: {"status":"installing-updates","current":3,"total":6,"progress":11}
[2026-03-31 22:57:49.977] [info]  DiscordSplash.onStateUpdate: {"status":"installing-updates","current":3,"total":6,"progress":11}
[2026-03-31 22:57:49.977] [info]  Splash.onStateUpdate: {"status":"installing-updates","current":3,"total":6,"progress":11}
[2026-03-31 22:57:49.978] [info]  DiscordSplash.onStateUpdate: {"status":"installing-updates","current":3,"total":6,"progress":11}
[2026-03-31 22:57:49.978] [info]  Splash.onStateUpdate: {"status":"installing-updates","current":3,"total":6,"progress":11}
[2026-03-31 22:57:49.979] [info]  DiscordSplash.onStateUpdate: {"status":"installing-updates","current":3,"total":6,"progress":12}
[2026-03-31 22:57:49.979] [info]  Splash.onStateUpdate: {"status":"installing-updates","current":3,"total":6,"progress":12}
[2026-03-31 22:57:49.979] [info]  DiscordSplash.onStateUpdate: {"status":"installing-updates","current":3,"total":6,"progress":12}
[2026-03-31 22:57:49.979] [info]  Splash.onStateUpdate: {"status":"installing-updates","current":3,"total":6,"progress":12}
[2026-03-31 22:57:49.980] [info]  DiscordSplash.onStateUpdate: {"status":"installing-updates","current":3,"total":6,"progress":12}
[2026-03-31 22:57:49.980] [info]  Splash.onStateUpdate: {"status":"installing-updates","current":3,"total":6,"progress":12}
[2026-03-31 22:57:49.981] [info]  DiscordSplash.onStateUpdate: {"status":"installing-updates","current":3,"total":6,"progress":12}
[2026-03-31 22:57:49.981] [info]  Splash.onStateUpdate: {"status":"installing-updates","current":3,"total":6,"progress":12}
[2026-03-31 22:57:49.981] [info]  DiscordSplash.onStateUpdate: {"status":"installing-updates","current":3,"total":6,"progress":12}
[2026-03-31 22:57:49.981] [info]  Splash.onStateUpdate: {"status":"installing-updates","current":3,"total":6,"progress":12}
[2026-03-31 22:57:49.982] [info]  DiscordSplash.onStateUpdate: {"status":"installing-updates","current":3,"total":6,"progress":12}
[2026-03-31 22:57:49.982] [info]  Splash.onStateUpdate: {"status":"installing-updates","current":3,"total":6,"progress":12}
[2026-03-31 22:57:49.983] [info]  DiscordSplash.onStateUpdate: {"status":"installing-updates","current":3,"total":6,"progress":13}
[2026-03-31 22:57:49.983] [info]  Splash.onStateUpdate: {"status":"installing-updates","current":3,"total":6,"progress":13}
[2026-03-31 22:57:49.983] [info]  DiscordSplash.onStateUpdate: {"status":"installing-updates","current":3,"total":6,"progress":13}
[2026-03-31 22:57:49.984] [info]  Splash.onStateUpdate: {"status":"installing-updates","current":3,"total":6,"progress":13}
[2026-03-31 22:57:49.984] [info]  DiscordSplash.onStateUpdate: {"status":"installing-updates","current":3,"total":6,"progress":13}
[2026-03-31 22:57:49.984] [info]  Splash.onStateUpdate: {"status":"installing-updates","current":3,"total":6,"progress":13}
[2026-03-31 22:57:49.985] [info]  DiscordSplash.onStateUpdate: {"status":"installing-updates","current":3,"total":6,"progress":13}
[2026-03-31 22:57:49.985] [info]  Splash.onStateUpdate: {"status":"installing-updates","current":3,"total":6,"progress":13}
[2026-03-31 22:57:49.985] [info]  DiscordSplash.onStateUpdate: {"status":"installing-updates","current":3,"total":6,"progress":13}
[2026-03-31 22:57:49.985] [info]  Splash.onStateUpdate: {"status":"installing-updates","current":3,"total":6,"progress":13}
[2026-03-31 22:57:49.986] [info]  DiscordSplash.onStateUpdate: {"status":"installing-updates","current":3,"total":6,"progress":13}
[2026-03-31 22:57:49.986] [info]  Splash.onStateUpdate: {"status":"installing-updates","current":3,"total":6,"progress":13}
[2026-03-31 22:57:49.986] [info]  DiscordSplash.onStateUpdate: {"status":"installing-updates","current":3,"total":6,"progress":13}
[2026-03-31 22:57:49.987] [info]  Splash.onStateUpdate: {"status":"installing-updates","current":3,"total":6,"progress":13}
[2026-03-31 22:57:49.987] [info]  DiscordSplash.onStateUpdate: {"status":"installing-updates","current":3,"total":6,"progress":14}
[2026-03-31 22:57:49.987] [info]  Splash.onStateUpdate: {"status":"installing-updates","current":3,"total":6,"progress":14}
[2026-03-31 22:57:49.988] [info]  DiscordSplash.onStateUpdate: {"status":"installing-updates","current":3,"total":6,"progress":14}
[2026-03-31 22:57:49.988] [info]  Splash.onStateUpdate: {"status":"installing-updates","current":3,"total":6,"progress":14}
[2026-03-31 22:57:49.988] [info]  DiscordSplash.onStateUpdate: {"status":"installing-updates","current":3,"total":6,"progress":14}
[2026-03-31 22:57:49.988] [info]  Splash.onStateUpdate: {"status":"installing-updates","current":3,"total":6,"progress":14}
[2026-03-31 22:57:49.989] [info]  DiscordSplash.onStateUpdate: {"status":"installing-updates","current":3,"total":6,"progress":14}
[2026-03-31 22:57:49.989] [info]  Splash.onStateUpdate: {"status":"installing-updates","current":3,"total":6,"progress":14}
[2026-03-31 22:57:49.990] [info]  DiscordSplash.onStateUpdate: {"status":"installing-updates","current":3,"total":6,"progress":14}
[2026-03-31 22:57:49.990] [info]  Splash.onStateUpdate: {"status":"installing-updates","current":3,"total":6,"progress":14}
[2026-03-31 22:57:49.990] [info]  DiscordSplash.onStateUpdate: {"status":"installing-updates","current":3,"total":6,"progress":14}
[2026-03-31 22:57:49.990] [info]  Splash.onStateUpdate: {"status":"installing-updates","current":3,"total":6,"progress":14}
[2026-03-31 22:57:49.991] [info]  DiscordSplash.onStateUpdate: {"status":"installing-updates","current":3,"total":6,"progress":15}
[2026-03-31 22:57:49.991] [info]  Splash.onStateUpdate: {"status":"installing-updates","current":3,"total":6,"progress":15}
[2026-03-31 22:57:49.992] [info]  DiscordSplash.onStateUpdate: {"status":"installing-updates","current":3,"total":6,"progress":15}
[2026-03-31 22:57:49.992] [info]  Splash.onStateUpdate: {"status":"installing-updates","current":3,"total":6,"progress":15}
[2026-03-31 22:57:49.992] [info]  DiscordSplash.onStateUpdate: {"status":"installing-updates","current":3,"total":6,"progress":15}
[2026-03-31 22:57:49.992] [info]  Splash.onStateUpdate: {"status":"installing-updates","current":3,"total":6,"progress":15}
[2026-03-31 22:57:49.993] [info]  DiscordSplash.onStateUpdate: {"status":"installing-updates","current":3,"total":6,"progress":15}
[2026-03-31 22:57:49.993] [info]  Splash.onStateUpdate: {"status":"installing-updates","current":3,"total":6,"progress":15}
[2026-03-31 22:57:49.993] [info]  DiscordSplash.onStateUpdate: {"status":"installing-updates","current":3,"total":6,"progress":15}
[2026-03-31 22:57:49.993] [info]  Splash.onStateUpdate: {"status":"installing-updates","current":3,"total":6,"progress":15}
[2026-03-31 22:57:49.994] [info]  DiscordSplash.onStateUpdate: {"status":"installing-updates","current":3,"total":6,"progress":15}
[2026-03-31 22:57:49.994] [info]  Splash.onStateUpdate: {"status":"installing-updates","current":3,"total":6,"progress":15}
[2026-03-31 22:57:49.995] [info]  DiscordSplash.onStateUpdate: {"status":"installing-updates","current":3,"total":6,"progress":16}
[2026-03-31 22:57:49.995] [info]  Splash.onStateUpdate: {"status":"installing-updates","current":3,"total":6,"progress":16}
[2026-03-31 22:57:49.995] [info]  DiscordSplash.onStateUpdate: {"status":"installing-updates","current":3,"total":6,"progress":16}
[2026-03-31 22:57:49.995] [info]  Splash.onStateUpdate: {"status":"installing-updates","current":3,"total":6,"progress":16}
[2026-03-31 22:57:49.996] [info]  DiscordSplash.onStateUpdate: {"status":"installing-updates","current":3,"total":6,"progress":16}
[2026-03-31 22:57:49.996] [info]  Splash.onStateUpdate: {"status":"installing-updates","current":3,"total":6,"progress":16}
[2026-03-31 22:57:49.996] [info]  DiscordSplash.onStateUpdate: {"status":"installing-updates","current":3,"total":6,"progress":16}
[2026-03-31 22:57:49.997] [info]  Splash.onStateUpdate: {"status":"installing-updates","current":3,"total":6,"progress":16}
[2026-03-31 22:57:49.997] [info]  DiscordSplash.onStateUpdate: {"status":"installing-updates","current":3,"total":6,"progress":16}
[2026-03-31 22:57:49.997] [info]  Splash.onStateUpdate: {"status":"installing-updates","current":3,"total":6,"progress":16}
[2026-03-31 22:57:49.998] [info]  DiscordSplash.onStateUpdate: {"status":"installing-updates","current":3,"total":6,"progress":16}
[2026-03-31 22:57:49.998] [info]  Splash.onStateUpdate: {"status":"installing-updates","current":3,"total":6,"progress":16}
[2026-03-31 22:57:49.998] [info]  DiscordSplash.onStateUpdate: {"status":"installing-updates","current":3,"total":6,"progress":17}
[2026-03-31 22:57:49.999] [info]  Splash.onStateUpdate: {"status":"installing-updates","current":3,"total":6,"progress":17}
[2026-03-31 22:57:49.999] [info]  DiscordSplash.onStateUpdate: {"status":"installing-updates","current":3,"total":6,"progress":17}
[2026-03-31 22:57:49.999] [info]  Splash.onStateUpdate: {"status":"installing-updates","current":3,"total":6,"progress":17}
[2026-03-31 22:57:50.000] [info]  DiscordSplash.onStateUpdate: {"status":"installing-updates","current":3,"total":6,"progress":17}
[2026-03-31 22:57:50.000] [info]  Splash.onStateUpdate: {"status":"installing-updates","current":3,"total":6,"progress":17}
[2026-03-31 22:57:50.001] [info]  DiscordSplash.onStateUpdate: {"status":"installing-updates","current":3,"total":6,"progress":17}
[2026-03-31 22:57:50.001] [info]  Splash.onStateUpdate: {"status":"installing-updates","current":3,"total":6,"progress":17}
[2026-03-31 22:57:50.001] [info]  DiscordSplash.onStateUpdate: {"status":"installing-updates","current":3,"total":6,"progress":17}
[2026-03-31 22:57:50.001] [info]  Splash.onStateUpdate: {"status":"installing-updates","current":3,"total":6,"progress":17}
[2026-03-31 22:57:50.002] [info]  DiscordSplash.onStateUpdate: {"status":"installing-updates","current":3,"total":6,"progress":17}
[2026-03-31 22:57:50.002] [info]  Splash.onStateUpdate: {"status":"installing-updates","current":3,"total":6,"progress":17}
[2026-03-31 22:57:50.002] [info]  DiscordSplash.onStateUpdate: {"status":"installing-updates","current":3,"total":6,"progress":18}
[2026-03-31 22:57:50.003] [info]  Splash.onStateUpdate: {"status":"installing-updates","current":3,"total":6,"progress":18}
[2026-03-31 22:57:50.003] [info]  DiscordSplash.onStateUpdate: {"status":"installing-updates","current":3,"total":6,"progress":18}
[2026-03-31 22:57:50.003] [info]  Splash.onStateUpdate: {"status":"installing-updates","current":3,"total":6,"progress":18}
[2026-03-31 22:57:50.004] [info]  DiscordSplash.onStateUpdate: {"status":"installing-updates","current":3,"total":6,"progress":18}
[2026-03-31 22:57:50.004] [info]  Splash.onStateUpdate: {"status":"installing-updates","current":3,"total":6,"progress":18}
[2026-03-31 22:57:50.004] [info]  DiscordSplash.onStateUpdate: {"status":"installing-updates","current":3,"total":6,"progress":18}
[2026-03-31 22:57:50.004] [info]  Splash.onStateUpdate: {"status":"installing-updates","current":3,"total":6,"progress":18}
[2026-03-31 22:57:50.005] [info]  DiscordSplash.onStateUpdate: {"status":"installing-updates","current":3,"total":6,"progress":18}
[2026-03-31 22:57:50.005] [info]  Splash.onStateUpdate: {"status":"installing-updates","current":3,"total":6,"progress":18}
[2026-03-31 22:57:50.005] [info]  DiscordSplash.onStateUpdate: {"status":"installing-updates","current":3,"total":6,"progress":18}
[2026-03-31 22:57:50.006] [info]  Splash.onStateUpdate: {"status":"installing-updates","current":3,"total":6,"progress":18}
[2026-03-31 22:57:50.006] [info]  DiscordSplash.onStateUpdate: {"status":"installing-updates","current":3,"total":6,"progress":19}
[2026-03-31 22:57:50.006] [info]  Splash.onStateUpdate: {"status":"installing-updates","current":3,"total":6,"progress":19}
[2026-03-31 22:57:50.007] [info]  DiscordSplash.onStateUpdate: {"status":"installing-updates","current":3,"total":6,"progress":19}
[2026-03-31 22:57:50.007] [info]  Splash.onStateUpdate: {"status":"installing-updates","current":3,"total":6,"progress":19}
[2026-03-31 22:57:50.007] [info]  DiscordSplash.onStateUpdate: {"status":"installing-updates","current":3,"total":6,"progress":19}
[2026-03-31 22:57:50.007] [info]  Splash.onStateUpdate: {"status":"installing-updates","current":3,"total":6,"progress":19}
[2026-03-31 22:57:50.008] [info]  DiscordSplash.onStateUpdate: {"status":"installing-updates","current":3,"total":6,"progress":19}
[2026-03-31 22:57:50.008] [info]  Splash.onStateUpdate: {"status":"installing-updates","current":3,"total":6,"progress":19}
[2026-03-31 22:57:50.009] [info]  DiscordSplash.onStateUpdate: {"status":"installing-updates","current":3,"total":6,"progress":19}
[2026-03-31 22:57:50.009] [info]  Splash.onStateUpdate: {"status":"installing-updates","current":3,"total":6,"progress":19}
[2026-03-31 22:57:50.009] [info]  DiscordSplash.onStateUpdate: {"status":"installing-updates","current":3,"total":6,"progress":19}
[2026-03-31 22:57:50.009] [info]  Splash.onStateUpdate: {"status":"installing-updates","current":3,"total":6,"progress":19}
[2026-03-31 22:57:50.010] [info]  DiscordSplash.onStateUpdate: {"status":"installing-updates","current":3,"total":6,"progress":20}
[2026-03-31 22:57:50.010] [info]  Splash.onStateUpdate: {"status":"installing-updates","current":3,"total":6,"progress":20}
[2026-03-31 22:57:50.011] [info]  DiscordSplash.onStateUpdate: {"status":"installing-updates","current":3,"total":6,"progress":20}
[2026-03-31 22:57:50.011] [info]  Splash.onStateUpdate: {"status":"installing-updates","current":3,"total":6,"progress":20}
[2026-03-31 22:57:50.011] [info]  DiscordSplash.onStateUpdate: {"status":"installing-updates","current":3,"total":6,"progress":20}
[2026-03-31 22:57:50.011] [info]  Splash.onStateUpdate: {"status":"installing-updates","current":3,"total":6,"progress":20}
[2026-03-31 22:57:50.012] [info]  DiscordSplash.onStateUpdate: {"status":"installing-updates","current":3,"total":6,"progress":20}
[2026-03-31 22:57:50.012] [info]  Splash.onStateUpdate: {"status":"installing-updates","current":3,"total":6,"progress":20}
[2026-03-31 22:57:50.012] [info]  DiscordSplash.onStateUpdate: {"status":"installing-updates","current":3,"total":6,"progress":20}
[2026-03-31 22:57:50.013] [info]  Splash.onStateUpdate: {"status":"installing-updates","current":3,"total":6,"progress":20}
[2026-03-31 22:57:50.013] [info]  DiscordSplash.onStateUpdate: {"status":"installing-updates","current":3,"total":6,"progress":20}
[2026-03-31 22:57:50.013] [info]  Splash.onStateUpdate: {"status":"installing-updates","current":3,"total":6,"progress":20}
[2026-03-31 22:57:50.014] [info]  DiscordSplash.onStateUpdate: {"status":"installing-updates","current":3,"total":6,"progress":20}
[2026-03-31 22:57:50.014] [info]  Splash.onStateUpdate: {"status":"installing-updates","current":3,"total":6,"progress":20}
[2026-03-31 22:57:50.014] [info]  DiscordSplash.onStateUpdate: {"status":"installing-updates","current":3,"total":6,"progress":21}
[2026-03-31 22:57:50.014] [info]  Splash.onStateUpdate: {"status":"installing-updates","current":3,"total":6,"progress":21}
[2026-03-31 22:57:50.015] [info]  DiscordSplash.onStateUpdate: {"status":"installing-updates","current":3,"total":6,"progress":21}
[2026-03-31 22:57:50.015] [info]  Splash.onStateUpdate: {"status":"installing-updates","current":3,"total":6,"progress":21}
[2026-03-31 22:57:50.016] [info]  DiscordSplash.onStateUpdate: {"status":"installing-updates","current":3,"total":6,"progress":21}
[2026-03-31 22:57:50.016] [info]  Splash.onStateUpdate: {"status":"installing-updates","current":3,"total":6,"progress":21}
[2026-03-31 22:57:50.016] [info]  DiscordSplash.onStateUpdate: {"status":"installing-updates","current":3,"total":6,"progress":21}
[2026-03-31 22:57:50.017] [info]  Splash.onStateUpdate: {"status":"installing-updates","current":3,"total":6,"progress":21}
[2026-03-31 22:57:50.017] [info]  DiscordSplash.onStateUpdate: {"status":"installing-updates","current":3,"total":6,"progress":21}
[2026-03-31 22:57:50.017] [info]  Splash.onStateUpdate: {"status":"installing-updates","current":3,"total":6,"progress":21}
[2026-03-31 22:57:50.018] [info]  DiscordSplash.onStateUpdate: {"status":"installing-updates","current":3,"total":6,"progress":21}
[2026-03-31 22:57:50.018] [info]  Splash.onStateUpdate: {"status":"installing-updates","current":3,"total":6,"progress":21}
[2026-03-31 22:57:50.019] [info]  DiscordSplash.onStateUpdate: {"status":"installing-updates","current":3,"total":6,"progress":22}
[2026-03-31 22:57:50.019] [info]  Splash.onStateUpdate: {"status":"installing-updates","current":3,"total":6,"progress":22}
[2026-03-31 22:57:50.019] [info]  DiscordSplash.onStateUpdate: {"status":"installing-updates","current":3,"total":6,"progress":22}
[2026-03-31 22:57:50.019] [info]  Splash.onStateUpdate: {"status":"installing-updates","current":3,"total":6,"progress":22}
[2026-03-31 22:57:50.020] [info]  DiscordSplash.onStateUpdate: {"status":"installing-updates","current":3,"total":6,"progress":22}
[2026-03-31 22:57:50.020] [info]  Splash.onStateUpdate: {"status":"installing-updates","current":3,"total":6,"progress":22}
[2026-03-31 22:57:50.021] [info]  DiscordSplash.onStateUpdate: {"status":"installing-updates","current":3,"total":6,"progress":22}
[2026-03-31 22:57:50.021] [info]  Splash.onStateUpdate: {"status":"installing-updates","current":3,"total":6,"progress":22}
[2026-03-31 22:57:50.021] [info]  DiscordSplash.onStateUpdate: {"status":"installing-updates","current":3,"total":6,"progress":22}
[2026-03-31 22:57:50.021] [info]  Splash.onStateUpdate: {"status":"installing-updates","current":3,"total":6,"progress":22}
[2026-03-31 22:57:50.022] [info]  DiscordSplash.onStateUpdate: {"status":"installing-updates","current":3,"total":6,"progress":22}
[2026-03-31 22:57:50.022] [info]  Splash.onStateUpdate: {"status":"installing-updates","current":3,"total":6,"progress":22}
[2026-03-31 22:57:50.022] [info]  DiscordSplash.onStateUpdate: {"status":"installing-updates","current":3,"total":6,"progress":23}
[2026-03-31 22:57:50.022] [info]  Splash.onStateUpdate: {"status":"installing-updates","current":3,"total":6,"progress":23}
[2026-03-31 22:57:50.023] [info]  DiscordSplash.onStateUpdate: {"status":"installing-updates","current":3,"total":6,"progress":23}
[2026-03-31 22:57:50.023] [info]  Splash.onStateUpdate: {"status":"installing-updates","current":3,"total":6,"progress":23}
[2026-03-31 22:57:50.023] [info]  DiscordSplash.onStateUpdate: {"status":"installing-updates","current":3,"total":6,"progress":23}
[2026-03-31 22:57:50.024] [info]  Splash.onStateUpdate: {"status":"installing-updates","current":3,"total":6,"progress":23}
[2026-03-31 22:57:50.024] [info]  DiscordSplash.onStateUpdate: {"status":"installing-updates","current":3,"total":6,"progress":23}
[2026-03-31 22:57:50.024] [info]  Splash.onStateUpdate: {"status":"installing-updates","current":3,"total":6,"progress":23}
[2026-03-31 22:57:50.025] [info]  DiscordSplash.onStateUpdate: {"status":"installing-updates","current":3,"total":6,"progress":23}
[2026-03-31 22:57:50.025] [info]  Splash.onStateUpdate: {"status":"installing-updates","current":3,"total":6,"progress":23}
[2026-03-31 22:57:50.025] [info]  DiscordSplash.onStateUpdate: {"status":"installing-updates","current":3,"total":6,"progress":23}
[2026-03-31 22:57:50.025] [info]  Splash.onStateUpdate: {"status":"installing-updates","current":3,"total":6,"progress":23}
[2026-03-31 22:57:50.026] [info]  DiscordSplash.onStateUpdate: {"status":"installing-updates","current":3,"total":6,"progress":24}
[2026-03-31 22:57:50.026] [info]  Splash.onStateUpdate: {"status":"installing-updates","current":3,"total":6,"progress":24}
[2026-03-31 22:57:50.027] [info]  DiscordSplash.onStateUpdate: {"status":"installing-updates","current":3,"total":6,"progress":24}
[2026-03-31 22:57:50.027] [info]  Splash.onStateUpdate: {"status":"installing-updates","current":3,"total":6,"progress":24}
[2026-03-31 22:57:50.027] [info]  DiscordSplash.onStateUpdate: {"status":"installing-updates","current":3,"total":6,"progress":24}
[2026-03-31 22:57:50.027] [info]  Splash.onStateUpdate: {"status":"installing-updates","current":3,"total":6,"progress":24}
[2026-03-31 22:57:50.028] [info]  DiscordSplash.onStateUpdate: {"status":"installing-updates","current":3,"total":6,"progress":24}
[2026-03-31 22:57:50.028] [info]  Splash.onStateUpdate: {"status":"installing-updates","current":3,"total":6,"progress":24}
[2026-03-31 22:57:50.028] [info]  DiscordSplash.onStateUpdate: {"status":"installing-updates","current":3,"total":6,"progress":24}
[2026-03-31 22:57:50.028] [info]  Splash.onStateUpdate: {"status":"installing-updates","current":3,"total":6,"progress":24}
[2026-03-31 22:57:50.029] [info]  DiscordSplash.onStateUpdate: {"status":"installing-updates","current":3,"total":6,"progress":24}
[2026-03-31 22:57:50.029] [info]  Splash.onStateUpdate: {"status":"installing-updates","current":3,"total":6,"progress":24}
[2026-03-31 22:57:50.029] [info]  DiscordSplash.onStateUpdate: {"status":"installing-updates","current":3,"total":6,"progress":25}
[2026-03-31 22:57:50.030] [info]  Splash.onStateUpdate: {"status":"installing-updates","current":3,"total":6,"progress":25}
[2026-03-31 22:57:50.030] [info]  DiscordSplash.onStateUpdate: {"status":"installing-updates","current":3,"total":6,"progress":25}
[2026-03-31 22:57:50.030] [info]  Splash.onStateUpdate: {"status":"installing-updates","current":3,"total":6,"progress":25}
[2026-03-31 22:57:50.031] [info]  DiscordSplash.onStateUpdate: {"status":"installing-updates","current":3,"total":6,"progress":25}
[2026-03-31 22:57:50.031] [info]  Splash.onStateUpdate: {"status":"installing-updates","current":3,"total":6,"progress":25}
[2026-03-31 22:57:50.031] [info]  DiscordSplash.onStateUpdate: {"status":"installing-updates","current":3,"total":6,"progress":25}
[2026-03-31 22:57:50.032] [info]  Splash.onStateUpdate: {"status":"installing-updates","current":3,"total":6,"progress":25}
[2026-03-31 22:57:50.032] [info]  DiscordSplash.onStateUpdate: {"status":"installing-updates","current":3,"total":6,"progress":25}
[2026-03-31 22:57:50.032] [info]  Splash.onStateUpdate: {"status":"installing-updates","current":3,"total":6,"progress":25}
[2026-03-31 22:57:50.033] [info]  DiscordSplash.onStateUpdate: {"status":"installing-updates","current":3,"total":6,"progress":25}
[2026-03-31 22:57:50.033] [info]  Splash.onStateUpdate: {"status":"installing-updates","current":3,"total":6,"progress":25}
[2026-03-31 22:57:50.034] [info]  DiscordSplash.onStateUpdate: {"status":"installing-updates","current":3,"total":6,"progress":26}
[2026-03-31 22:57:50.034] [info]  Splash.onStateUpdate: {"status":"installing-updates","current":3,"total":6,"progress":26}
[2026-03-31 22:57:50.034] [info]  DiscordSplash.onStateUpdate: {"status":"installing-updates","current":3,"total":6,"progress":26}
[2026-03-31 22:57:50.034] [info]  Splash.onStateUpdate: {"status":"installing-updates","current":3,"total":6,"progress":26}
[2026-03-31 22:57:50.035] [info]  DiscordSplash.onStateUpdate: {"status":"installing-updates","current":3,"total":6,"progress":26}
[2026-03-31 22:57:50.035] [info]  Splash.onStateUpdate: {"status":"installing-updates","current":3,"total":6,"progress":26}
[2026-03-31 22:57:50.036] [info]  DiscordSplash.onStateUpdate: {"status":"installing-updates","current":3,"total":6,"progress":26}
[2026-03-31 22:57:50.036] [info]  Splash.onStateUpdate: {"status":"installing-updates","current":3,"total":6,"progress":26}
[2026-03-31 22:57:50.036] [info]  DiscordSplash.onStateUpdate: {"status":"installing-updates","current":3,"total":6,"progress":26}
[2026-03-31 22:57:50.036] [info]  Splash.onStateUpdate: {"status":"installing-updates","current":3,"total":6,"progress":26}
[2026-03-31 22:57:50.037] [info]  DiscordSplash.onStateUpdate: {"status":"installing-updates","current":3,"total":6,"progress":26}
[2026-03-31 22:57:50.037] [info]  Splash.onStateUpdate: {"status":"installing-updates","current":3,"total":6,"progress":26}
[2026-03-31 22:57:50.038] [info]  DiscordSplash.onStateUpdate: {"status":"installing-updates","current":3,"total":6,"progress":26}
[2026-03-31 22:57:50.038] [info]  Splash.onStateUpdate: {"status":"installing-updates","current":3,"total":6,"progress":26}
[2026-03-31 22:57:50.038] [info]  DiscordSplash.onStateUpdate: {"status":"installing-updates","current":3,"total":6,"progress":27}
[2026-03-31 22:57:50.038] [info]  Splash.onStateUpdate: {"status":"installing-updates","current":3,"total":6,"progress":27}
[2026-03-31 22:57:50.039] [info]  DiscordSplash.onStateUpdate: {"status":"installing-updates","current":3,"total":6,"progress":27}
[2026-03-31 22:57:50.039] [info]  Splash.onStateUpdate: {"status":"installing-updates","current":3,"total":6,"progress":27}
[2026-03-31 22:57:50.039] [info]  DiscordSplash.onStateUpdate: {"status":"installing-updates","current":3,"total":6,"progress":27}
[2026-03-31 22:57:50.039] [info]  Splash.onStateUpdate: {"status":"installing-updates","current":3,"total":6,"progress":27}
[2026-03-31 22:57:50.040] [info]  DiscordSplash.onStateUpdate: {"status":"installing-updates","current":3,"total":6,"progress":27}
[2026-03-31 22:57:50.040] [info]  Splash.onStateUpdate: {"status":"installing-updates","current":3,"total":6,"progress":27}
[2026-03-31 22:57:50.041] [info]  DiscordSplash.onStateUpdate: {"status":"installing-updates","current":3,"total":6,"progress":27}
[2026-03-31 22:57:50.041] [info]  Splash.onStateUpdate: {"status":"installing-updates","current":3,"total":6,"progress":27}
[2026-03-31 22:57:50.041] [info]  DiscordSplash.onStateUpdate: {"status":"installing-updates","current":3,"total":6,"progress":27}
[2026-03-31 22:57:50.041] [info]  Splash.onStateUpdate: {"status":"installing-updates","current":3,"total":6,"progress":27}
[2026-03-31 22:57:50.042] [info]  DiscordSplash.onStateUpdate: {"status":"installing-updates","current":3,"total":6,"progress":28}
[2026-03-31 22:57:50.042] [info]  Splash.onStateUpdate: {"status":"installing-updates","current":3,"total":6,"progress":28}
[2026-03-31 22:57:50.042] [info]  DiscordSplash.onStateUpdate: {"status":"installing-updates","current":3,"total":6,"progress":28}
[2026-03-31 22:57:50.042] [info]  Splash.onStateUpdate: {"status":"installing-updates","current":3,"total":6,"progress":28}
[2026-03-31 22:57:50.043] [info]  DiscordSplash.onStateUpdate: {"status":"installing-updates","current":3,"total":6,"progress":28}
[2026-03-31 22:57:50.043] [info]  Splash.onStateUpdate: {"status":"installing-updates","current":3,"total":6,"progress":28}
[2026-03-31 22:57:50.043] [info]  DiscordSplash.onStateUpdate: {"status":"installing-updates","current":3,"total":6,"progress":28}
[2026-03-31 22:57:50.044] [info]  Splash.onStateUpdate: {"status":"installing-updates","current":3,"total":6,"progress":28}
[2026-03-31 22:57:50.044] [info]  DiscordSplash.onStateUpdate: {"status":"installing-updates","current":3,"total":6,"progress":28}
[2026-03-31 22:57:50.044] [info]  Splash.onStateUpdate: {"status":"installing-updates","current":3,"total":6,"progress":28}
[2026-03-31 22:57:50.045] [info]  DiscordSplash.onStateUpdate: {"status":"installing-updates","current":3,"total":6,"progress":28}
[2026-03-31 22:57:50.045] [info]  Splash.onStateUpdate: {"status":"installing-updates","current":3,"total":6,"progress":28}
[2026-03-31 22:57:50.045] [info]  DiscordSplash.onStateUpdate: {"status":"installing-updates","current":3,"total":6,"progress":29}
[2026-03-31 22:57:50.045] [info]  Splash.onStateUpdate: {"status":"installing-updates","current":3,"total":6,"progress":29}
[2026-03-31 22:57:50.046] [info]  DiscordSplash.onStateUpdate: {"status":"installing-updates","current":3,"total":6,"progress":29}
[2026-03-31 22:57:50.046] [info]  Splash.onStateUpdate: {"status":"installing-updates","current":3,"total":6,"progress":29}
[2026-03-31 22:57:50.046] [info]  DiscordSplash.onStateUpdate: {"status":"installing-updates","current":3,"total":6,"progress":29}
[2026-03-31 22:57:50.046] [info]  Splash.onStateUpdate: {"status":"installing-updates","current":3,"total":6,"progress":29}
[2026-03-31 22:57:50.047] [info]  DiscordSplash.onStateUpdate: {"status":"installing-updates","current":3,"total":6,"progress":29}
[2026-03-31 22:57:50.047] [info]  Splash.onStateUpdate: {"status":"installing-updates","current":3,"total":6,"progress":29}
[2026-03-31 22:57:50.048] [info]  DiscordSplash.onStateUpdate: {"status":"installing-updates","current":3,"total":6,"progress":29}
[2026-03-31 22:57:50.048] [info]  Splash.onStateUpdate: {"status":"installing-updates","current":3,"total":6,"progress":29}
[2026-03-31 22:57:50.048] [info]  DiscordSplash.onStateUpdate: {"status":"installing-updates","current":3,"total":6,"progress":29}
[2026-03-31 22:57:50.048] [info]  Splash.onStateUpdate: {"status":"installing-updates","current":3,"total":6,"progress":29}
[2026-03-31 22:57:50.049] [info]  DiscordSplash.onStateUpdate: {"status":"installing-updates","current":3,"total":6,"progress":30}
[2026-03-31 22:57:50.049] [info]  Splash.onStateUpdate: {"status":"installing-updates","current":3,"total":6,"progress":30}
[2026-03-31 22:57:50.050] [info]  DiscordSplash.onStateUpdate: {"status":"installing-updates","current":3,"total":6,"progress":30}
[2026-03-31 22:57:50.050] [info]  Splash.onStateUpdate: {"status":"installing-updates","current":3,"total":6,"progress":30}
[2026-03-31 22:57:50.050] [info]  DiscordSplash.onStateUpdate: {"status":"installing-updates","current":3,"total":6,"progress":30}
[2026-03-31 22:57:50.050] [info]  Splash.onStateUpdate: {"status":"installing-updates","current":3,"total":6,"progress":30}
[2026-03-31 22:57:50.051] [info]  DiscordSplash.onStateUpdate: {"status":"installing-updates","current":3,"total":6,"progress":30}
[2026-03-31 22:57:50.051] [info]  Splash.onStateUpdate: {"status":"installing-updates","current":3,"total":6,"progress":30}
[2026-03-31 22:57:50.051] [info]  DiscordSplash.onStateUpdate: {"status":"installing-updates","current":3,"total":6,"progress":30}
[2026-03-31 22:57:50.052] [info]  Splash.onStateUpdate: {"status":"installing-updates","current":3,"total":6,"progress":30}
[2026-03-31 22:57:50.052] [info]  DiscordSplash.onStateUpdate: {"status":"installing-updates","current":3,"total":6,"progress":30}
[2026-03-31 22:57:50.052] [info]  Splash.onStateUpdate: {"status":"installing-updates","current":3,"total":6,"progress":30}
[2026-03-31 22:57:50.053] [info]  DiscordSplash.onStateUpdate: {"status":"installing-updates","current":3,"total":6,"progress":31}
[2026-03-31 22:57:50.053] [info]  Splash.onStateUpdate: {"status":"installing-updates","current":3,"total":6,"progress":31}
[2026-03-31 22:57:50.053] [info]  DiscordSplash.onStateUpdate: {"status":"installing-updates","current":3,"total":6,"progress":31}
[2026-03-31 22:57:50.053] [info]  Splash.onStateUpdate: {"status":"installing-updates","current":3,"total":6,"progress":31}
[2026-03-31 22:57:50.054] [info]  DiscordSplash.onStateUpdate: {"status":"installing-updates","current":3,"total":6,"progress":31}
[2026-03-31 22:57:50.054] [info]  Splash.onStateUpdate: {"status":"installing-updates","current":3,"total":6,"progress":31}
[2026-03-31 22:57:50.054] [info]  DiscordSplash.onStateUpdate: {"status":"installing-updates","current":3,"total":6,"progress":31}
[2026-03-31 22:57:50.054] [info]  Splash.onStateUpdate: {"status":"installing-updates","current":3,"total":6,"progress":31}
[2026-03-31 22:57:50.055] [info]  DiscordSplash.onStateUpdate: {"status":"installing-updates","current":3,"total":6,"progress":31}
[2026-03-31 22:57:50.055] [info]  Splash.onStateUpdate: {"status":"installing-updates","current":3,"total":6,"progress":31}
[2026-03-31 22:57:50.056] [info]  DiscordSplash.onStateUpdate: {"status":"installing-updates","current":3,"total":6,"progress":31}
[2026-03-31 22:57:50.056] [info]  Splash.onStateUpdate: {"status":"installing-updates","current":3,"total":6,"progress":31}
[2026-03-31 22:57:50.056] [info]  DiscordSplash.onStateUpdate: {"status":"installing-updates","current":3,"total":6,"progress":32}
[2026-03-31 22:57:50.056] [info]  Splash.onStateUpdate: {"status":"installing-updates","current":3,"total":6,"progress":32}
[2026-03-31 22:57:50.057] [info]  DiscordSplash.onStateUpdate: {"status":"installing-updates","current":3,"total":6,"progress":32}
[2026-03-31 22:57:50.057] [info]  Splash.onStateUpdate: {"status":"installing-updates","current":3,"total":6,"progress":32}
[2026-03-31 22:57:50.057] [info]  DiscordSplash.onStateUpdate: {"status":"installing-updates","current":3,"total":6,"progress":32}
[2026-03-31 22:57:50.057] [info]  Splash.onStateUpdate: {"status":"installing-updates","current":3,"total":6,"progress":32}
[2026-03-31 22:57:50.058] [info]  DiscordSplash.onStateUpdate: {"status":"installing-updates","current":3,"total":6,"progress":32}
[2026-03-31 22:57:50.058] [info]  Splash.onStateUpdate: {"status":"installing-updates","current":3,"total":6,"progress":32}
[2026-03-31 22:57:50.059] [info]  DiscordSplash.onStateUpdate: {"status":"installing-updates","current":3,"total":6,"progress":32}
[2026-03-31 22:57:50.059] [info]  Splash.onStateUpdate: {"status":"installing-updates","current":3,"total":6,"progress":32}
[2026-03-31 22:57:50.059] [info]  DiscordSplash.onStateUpdate: {"status":"installing-updates","current":3,"total":6,"progress":32}
[2026-03-31 22:57:50.059] [info]  Splash.onStateUpdate: {"status":"installing-updates","current":3,"total":6,"progress":32}
[2026-03-31 22:57:50.060] [info]  DiscordSplash.onStateUpdate: {"status":"installing-updates","current":3,"total":6,"progress":33}
[2026-03-31 22:57:50.060] [info]  Splash.onStateUpdate: {"status":"installing-updates","current":3,"total":6,"progress":33}
[2026-03-31 22:57:50.060] [info]  DiscordSplash.onStateUpdate: {"status":"installing-updates","current":3,"total":6,"progress":33}
[2026-03-31 22:57:50.060] [info]  Splash.onStateUpdate: {"status":"installing-updates","current":3,"total":6,"progress":33}
[2026-03-31 22:57:50.061] [info]  DiscordSplash.onStateUpdate: {"status":"installing-updates","current":3,"total":6,"progress":33}
[2026-03-31 22:57:50.061] [info]  Splash.onStateUpdate: {"status":"installing-updates","current":3,"total":6,"progress":33}
[2026-03-31 22:57:50.061] [info]  DiscordSplash.onStateUpdate: {"status":"installing-updates","current":3,"total":6,"progress":33}
[2026-03-31 22:57:50.062] [info]  Splash.onStateUpdate: {"status":"installing-updates","current":3,"total":6,"progress":33}
[2026-03-31 22:57:50.062] [info]  DiscordSplash.onStateUpdate: {"status":"installing-updates","current":3,"total":6,"progress":33}
[2026-03-31 22:57:50.062] [info]  Splash.onStateUpdate: {"status":"installing-updates","current":3,"total":6,"progress":33}
[2026-03-31 22:57:50.063] [info]  DiscordSplash.onStateUpdate: {"status":"installing-updates","current":3,"total":6,"progress":33}
[2026-03-31 22:57:50.063] [info]  Splash.onStateUpdate: {"status":"installing-updates","current":3,"total":6,"progress":33}
[2026-03-31 22:57:50.063] [info]  DiscordSplash.onStateUpdate: {"status":"installing-updates","current":3,"total":6,"progress":33}
[2026-03-31 22:57:50.063] [info]  Splash.onStateUpdate: {"status":"installing-updates","current":3,"total":6,"progress":33}
[2026-03-31 22:57:50.064] [info]  DiscordSplash.onStateUpdate: {"status":"installing-updates","current":3,"total":6,"progress":34}
[2026-03-31 22:57:50.064] [info]  Splash.onStateUpdate: {"status":"installing-updates","current":3,"total":6,"progress":34}
[2026-03-31 22:57:50.064] [info]  DiscordSplash.onStateUpdate: {"status":"installing-updates","current":3,"total":6,"progress":34}
[2026-03-31 22:57:50.064] [info]  Splash.onStateUpdate: {"status":"installing-updates","current":3,"total":6,"progress":34}
[2026-03-31 22:57:50.065] [info]  DiscordSplash.onStateUpdate: {"status":"installing-updates","current":3,"total":6,"progress":34}
[2026-03-31 22:57:50.065] [info]  Splash.onStateUpdate: {"status":"installing-updates","current":3,"total":6,"progress":34}
[2026-03-31 22:57:50.066] [info]  DiscordSplash.onStateUpdate: {"status":"installing-updates","current":3,"total":6,"progress":34}
[2026-03-31 22:57:50.066] [info]  Splash.onStateUpdate: {"status":"installing-updates","current":3,"total":6,"progress":34}
[2026-03-31 22:57:50.066] [info]  DiscordSplash.onStateUpdate: {"status":"installing-updates","current":3,"total":6,"progress":34}
[2026-03-31 22:57:50.066] [info]  Splash.onStateUpdate: {"status":"installing-updates","current":3,"total":6,"progress":34}
[2026-03-31 22:57:50.067] [info]  DiscordSplash.onStateUpdate: {"status":"installing-updates","current":3,"total":6,"progress":34}
[2026-03-31 22:57:50.067] [info]  Splash.onStateUpdate: {"status":"installing-updates","current":3,"total":6,"progress":34}
[2026-03-31 22:57:50.068] [info]  DiscordSplash.onStateUpdate: {"status":"installing-updates","current":3,"total":6,"progress":35}
[2026-03-31 22:57:50.068] [info]  Splash.onStateUpdate: {"status":"installing-updates","current":3,"total":6,"progress":35}
[2026-03-31 22:57:50.068] [info]  DiscordSplash.onStateUpdate: {"status":"installing-updates","current":3,"total":6,"progress":35}
[2026-03-31 22:57:50.068] [info]  Splash.onStateUpdate: {"status":"installing-updates","current":3,"total":6,"progress":35}
[2026-03-31 22:57:50.069] [info]  DiscordSplash.onStateUpdate: {"status":"installing-updates","current":3,"total":6,"progress":35}
[2026-03-31 22:57:50.069] [info]  Splash.onStateUpdate: {"status":"installing-updates","current":3,"total":6,"progress":35}
[2026-03-31 22:57:50.069] [info]  DiscordSplash.onStateUpdate: {"status":"installing-updates","current":3,"total":6,"progress":35}
[2026-03-31 22:57:50.069] [info]  Splash.onStateUpdate: {"status":"installing-updates","current":3,"total":6,"progress":35}
[2026-03-31 22:57:50.070] [info]  DiscordSplash.onStateUpdate: {"status":"installing-updates","current":3,"total":6,"progress":35}
[2026-03-31 22:57:50.070] [info]  Splash.onStateUpdate: {"status":"installing-updates","current":3,"total":6,"progress":35}
[2026-03-31 22:57:50.070] [info]  DiscordSplash.onStateUpdate: {"status":"installing-updates","current":3,"total":6,"progress":35}
[2026-03-31 22:57:50.071] [info]  Splash.onStateUpdate: {"status":"installing-updates","current":3,"total":6,"progress":35}
[2026-03-31 22:57:50.071] [info]  DiscordSplash.onStateUpdate: {"status":"installing-updates","current":3,"total":6,"progress":36}
[2026-03-31 22:57:50.071] [info]  Splash.onStateUpdate: {"status":"installing-updates","current":3,"total":6,"progress":36}
[2026-03-31 22:57:50.072] [info]  DiscordSplash.onStateUpdate: {"status":"installing-updates","current":3,"total":6,"progress":36}
[2026-03-31 22:57:50.072] [info]  Splash.onStateUpdate: {"status":"installing-updates","current":3,"total":6,"progress":36}
[2026-03-31 22:57:50.072] [info]  DiscordSplash.onStateUpdate: {"status":"installing-updates","current":3,"total":6,"progress":36}
[2026-03-31 22:57:50.072] [info]  Splash.onStateUpdate: {"status":"installing-updates","current":3,"total":6,"progress":36}
[2026-03-31 22:57:50.073] [info]  DiscordSplash.onStateUpdate: {"status":"installing-updates","current":3,"total":6,"progress":36}
[2026-03-31 22:57:50.073] [info]  Splash.onStateUpdate: {"status":"installing-updates","current":3,"total":6,"progress":36}
[2026-03-31 22:57:50.074] [info]  DiscordSplash.onStateUpdate: {"status":"installing-updates","current":3,"total":6,"progress":36}
[2026-03-31 22:57:50.074] [info]  Splash.onStateUpdate: {"status":"installing-updates","current":3,"total":6,"progress":36}
[2026-03-31 22:57:50.075] [info]  DiscordSplash.onStateUpdate: {"status":"installing-updates","current":3,"total":6,"progress":36}
[2026-03-31 22:57:50.075] [info]  Splash.onStateUpdate: {"status":"installing-updates","current":3,"total":6,"progress":36}
[2026-03-31 22:57:50.076] [info]  DiscordSplash.onStateUpdate: {"status":"installing-updates","current":3,"total":6,"progress":37}
[2026-03-31 22:57:50.076] [info]  Splash.onStateUpdate: {"status":"installing-updates","current":3,"total":6,"progress":37}
[2026-03-31 22:57:50.076] [info]  DiscordSplash.onStateUpdate: {"status":"installing-updates","current":3,"total":6,"progress":37}
[2026-03-31 22:57:50.076] [info]  Splash.onStateUpdate: {"status":"installing-updates","current":3,"total":6,"progress":37}
[2026-03-31 22:57:50.077] [info]  DiscordSplash.onStateUpdate: {"status":"installing-updates","current":3,"total":6,"progress":37}
[2026-03-31 22:57:50.077] [info]  Splash.onStateUpdate: {"status":"installing-updates","current":3,"total":6,"progress":37}
[2026-03-31 22:57:50.077] [info]  DiscordSplash.onStateUpdate: {"status":"installing-updates","current":3,"total":6,"progress":37}
[2026-03-31 22:57:50.077] [info]  Splash.onStateUpdate: {"status":"installing-updates","current":3,"total":6,"progress":37}
[2026-03-31 22:57:50.078] [info]  DiscordSplash.onStateUpdate: {"status":"installing-updates","current":3,"total":6,"progress":37}
[2026-03-31 22:57:50.078] [info]  Splash.onStateUpdate: {"status":"installing-updates","current":3,"total":6,"progress":37}
[2026-03-31 22:57:50.078] [info]  DiscordSplash.onStateUpdate: {"status":"installing-updates","current":3,"total":6,"progress":37}
[2026-03-31 22:57:50.079] [info]  Splash.onStateUpdate: {"status":"installing-updates","current":3,"total":6,"progress":37}
[2026-03-31 22:57:50.079] [info]  DiscordSplash.onStateUpdate: {"status":"installing-updates","current":3,"total":6,"progress":38}
[2026-03-31 22:57:50.079] [info]  Splash.onStateUpdate: {"status":"installing-updates","current":3,"total":6,"progress":38}
[2026-03-31 22:57:50.080] [info]  DiscordSplash.onStateUpdate: {"status":"installing-updates","current":3,"total":6,"progress":38}
[2026-03-31 22:57:50.080] [info]  Splash.onStateUpdate: {"status":"installing-updates","current":3,"total":6,"progress":38}
[2026-03-31 22:57:50.080] [info]  DiscordSplash.onStateUpdate: {"status":"installing-updates","current":3,"total":6,"progress":38}
[2026-03-31 22:57:50.080] [info]  Splash.onStateUpdate: {"status":"installing-updates","current":3,"total":6,"progress":38}
[2026-03-31 22:57:50.081] [info]  DiscordSplash.onStateUpdate: {"status":"installing-updates","current":3,"total":6,"progress":38}
[2026-03-31 22:57:50.081] [info]  Splash.onStateUpdate: {"status":"installing-updates","current":3,"total":6,"progress":38}
[2026-03-31 22:57:50.081] [info]  DiscordSplash.onStateUpdate: {"status":"installing-updates","current":3,"total":6,"progress":38}
[2026-03-31 22:57:50.082] [info]  Splash.onStateUpdate: {"status":"installing-updates","current":3,"total":6,"progress":38}
[2026-03-31 22:57:50.082] [info]  DiscordSplash.onStateUpdate: {"status":"installing-updates","current":3,"total":6,"progress":38}
[2026-03-31 22:57:50.082] [info]  Splash.onStateUpdate: {"status":"installing-updates","current":3,"total":6,"progress":38}
[2026-03-31 22:57:50.083] [info]  DiscordSplash.onStateUpdate: {"status":"installing-updates","current":3,"total":6,"progress":39}
[2026-03-31 22:57:50.083] [info]  Splash.onStateUpdate: {"status":"installing-updates","current":3,"total":6,"progress":39}
[2026-03-31 22:57:50.084] [info]  DiscordSplash.onStateUpdate: {"status":"installing-updates","current":3,"total":6,"progress":39}
[2026-03-31 22:57:50.084] [info]  Splash.onStateUpdate: {"status":"installing-updates","current":3,"total":6,"progress":39}
[2026-03-31 22:57:50.084] [info]  DiscordSplash.onStateUpdate: {"status":"installing-updates","current":3,"total":6,"progress":39}
[2026-03-31 22:57:50.084] [info]  Splash.onStateUpdate: {"status":"installing-updates","current":3,"total":6,"progress":39}
[2026-03-31 22:57:50.085] [info]  DiscordSplash.onStateUpdate: {"status":"installing-updates","current":3,"total":6,"progress":39}
[2026-03-31 22:57:50.085] [info]  Splash.onStateUpdate: {"status":"installing-updates","current":3,"total":6,"progress":39}
[2026-03-31 22:57:50.085] [info]  DiscordSplash.onStateUpdate: {"status":"installing-updates","current":3,"total":6,"progress":39}
[2026-03-31 22:57:50.086] [info]  Splash.onStateUpdate: {"status":"installing-updates","current":3,"total":6,"progress":39}
[2026-03-31 22:57:50.086] [info]  DiscordSplash.onStateUpdate: {"status":"installing-updates","current":3,"total":6,"progress":39}
[2026-03-31 22:57:50.086] [info]  Splash.onStateUpdate: {"status":"installing-updates","current":3,"total":6,"progress":39}
[2026-03-31 22:57:50.087] [info]  DiscordSplash.onStateUpdate: {"status":"installing-updates","current":3,"total":6,"progress":40}
[2026-03-31 22:57:50.087] [info]  Splash.onStateUpdate: {"status":"installing-updates","current":3,"total":6,"progress":40}
[2026-03-31 22:57:50.087] [info]  DiscordSplash.onStateUpdate: {"status":"installing-updates","current":3,"total":6,"progress":40}
[2026-03-31 22:57:50.087] [info]  Splash.onStateUpdate: {"status":"installing-updates","current":3,"total":6,"progress":40}
[2026-03-31 22:57:50.088] [info]  DiscordSplash.onStateUpdate: {"status":"installing-updates","current":3,"total":6,"progress":40}
[2026-03-31 22:57:50.088] [info]  Splash.onStateUpdate: {"status":"installing-updates","current":3,"total":6,"progress":40}
[2026-03-31 22:57:50.088] [info]  DiscordSplash.onStateUpdate: {"status":"installing-updates","current":3,"total":6,"progress":40}
[2026-03-31 22:57:50.088] [info]  Splash.onStateUpdate: {"status":"installing-updates","current":3,"total":6,"progress":40}
[2026-03-31 22:57:50.089] [info]  DiscordSplash.onStateUpdate: {"status":"installing-updates","current":3,"total":6,"progress":40}
[2026-03-31 22:57:50.089] [info]  Splash.onStateUpdate: {"status":"installing-updates","current":3,"total":6,"progress":40}
[2026-03-31 22:57:50.090] [info]  DiscordSplash.onStateUpdate: {"status":"installing-updates","current":3,"total":6,"progress":40}
[2026-03-31 22:57:50.090] [info]  Splash.onStateUpdate: {"status":"installing-updates","current":3,"total":6,"progress":40}
[2026-03-31 22:57:50.090] [info]  DiscordSplash.onStateUpdate: {"status":"installing-updates","current":3,"total":6,"progress":40}
[2026-03-31 22:57:50.090] [info]  Splash.onStateUpdate: {"status":"installing-updates","current":3,"total":6,"progress":40}
[2026-03-31 22:57:50.091] [info]  DiscordSplash.onStateUpdate: {"status":"installing-updates","current":3,"total":6,"progress":41}
[2026-03-31 22:57:50.091] [info]  Splash.onStateUpdate: {"status":"installing-updates","current":3,"total":6,"progress":41}
[2026-03-31 22:57:50.091] [info]  DiscordSplash.onStateUpdate: {"status":"installing-updates","current":3,"total":6,"progress":41}
[2026-03-31 22:57:50.091] [info]  Splash.onStateUpdate: {"status":"installing-updates","current":3,"total":6,"progress":41}
[2026-03-31 22:57:50.092] [info]  DiscordSplash.onStateUpdate: {"status":"installing-updates","current":3,"total":6,"progress":41}
[2026-03-31 22:57:50.092] [info]  Splash.onStateUpdate: {"status":"installing-updates","current":3,"total":6,"progress":41}
[2026-03-31 22:57:50.092] [info]  DiscordSplash.onStateUpdate: {"status":"installing-updates","current":3,"total":6,"progress":41}
[2026-03-31 22:57:50.092] [info]  Splash.onStateUpdate: {"status":"installing-updates","current":3,"total":6,"progress":41}
[2026-03-31 22:57:50.093] [info]  DiscordSplash.onStateUpdate: {"status":"installing-updates","current":3,"total":6,"progress":41}
[2026-03-31 22:57:50.093] [info]  Splash.onStateUpdate: {"status":"installing-updates","current":3,"total":6,"progress":41}
[2026-03-31 22:57:50.093] [info]  DiscordSplash.onStateUpdate: {"status":"installing-updates","current":3,"total":6,"progress":41}
[2026-03-31 22:57:50.093] [info]  Splash.onStateUpdate: {"status":"installing-updates","current":3,"total":6,"progress":41}
[2026-03-31 22:57:50.094] [info]  DiscordSplash.onStateUpdate: {"status":"installing-updates","current":3,"total":6,"progress":42}
[2026-03-31 22:57:50.094] [info]  Splash.onStateUpdate: {"status":"installing-updates","current":3,"total":6,"progress":42}
[2026-03-31 22:57:50.094] [info]  DiscordSplash.onStateUpdate: {"status":"installing-updates","current":3,"total":6,"progress":42}
[2026-03-31 22:57:50.094] [info]  Splash.onStateUpdate: {"status":"installing-updates","current":3,"total":6,"progress":42}
[2026-03-31 22:57:50.095] [info]  DiscordSplash.onStateUpdate: {"status":"installing-updates","current":3,"total":6,"progress":42}
[2026-03-31 22:57:50.095] [info]  Splash.onStateUpdate: {"status":"installing-updates","current":3,"total":6,"progress":42}
[2026-03-31 22:57:50.095] [info]  DiscordSplash.onStateUpdate: {"status":"installing-updates","current":3,"total":6,"progress":42}
[2026-03-31 22:57:50.096] [info]  Splash.onStateUpdate: {"status":"installing-updates","current":3,"total":6,"progress":42}
[2026-03-31 22:57:50.096] [info]  DiscordSplash.onStateUpdate: {"status":"installing-updates","current":3,"total":6,"progress":42}
[2026-03-31 22:57:50.096] [info]  Splash.onStateUpdate: {"status":"installing-updates","current":3,"total":6,"progress":42}
[2026-03-31 22:57:50.096] [info]  DiscordSplash.onStateUpdate: {"status":"installing-updates","current":3,"total":6,"progress":42}
[2026-03-31 22:57:50.097] [info]  Splash.onStateUpdate: {"status":"installing-updates","current":3,"total":6,"progress":42}
[2026-03-31 22:57:50.097] [info]  DiscordSplash.onStateUpdate: {"status":"installing-updates","current":3,"total":6,"progress":43}
[2026-03-31 22:57:50.097] [info]  Splash.onStateUpdate: {"status":"installing-updates","current":3,"total":6,"progress":43}
[2026-03-31 22:57:50.098] [info]  DiscordSplash.onStateUpdate: {"status":"installing-updates","current":3,"total":6,"progress":43}
[2026-03-31 22:57:50.098] [info]  Splash.onStateUpdate: {"status":"installing-updates","current":3,"total":6,"progress":43}
[2026-03-31 22:57:50.098] [info]  DiscordSplash.onStateUpdate: {"status":"installing-updates","current":3,"total":6,"progress":43}
[2026-03-31 22:57:50.098] [info]  Splash.onStateUpdate: {"status":"installing-updates","current":3,"total":6,"progress":43}
[2026-03-31 22:57:50.099] [info]  DiscordSplash.onStateUpdate: {"status":"installing-updates","current":3,"total":6,"progress":43}
[2026-03-31 22:57:50.099] [info]  Splash.onStateUpdate: {"status":"installing-updates","current":3,"total":6,"progress":43}
[2026-03-31 22:57:50.100] [info]  DiscordSplash.onStateUpdate: {"status":"installing-updates","current":3,"total":6,"progress":43}
[2026-03-31 22:57:50.100] [info]  Splash.onStateUpdate: {"status":"installing-updates","current":3,"total":6,"progress":43}
[2026-03-31 22:57:50.100] [info]  DiscordSplash.onStateUpdate: {"status":"installing-updates","current":3,"total":6,"progress":43}
[2026-03-31 22:57:50.100] [info]  Splash.onStateUpdate: {"status":"installing-updates","current":3,"total":6,"progress":43}
[2026-03-31 22:57:50.101] [info]  DiscordSplash.onStateUpdate: {"status":"installing-updates","current":3,"total":6,"progress":44}
[2026-03-31 22:57:50.101] [info]  Splash.onStateUpdate: {"status":"installing-updates","current":3,"total":6,"progress":44}
[2026-03-31 22:57:50.101] [info]  DiscordSplash.onStateUpdate: {"status":"installing-updates","current":3,"total":6,"progress":44}
[2026-03-31 22:57:50.101] [info]  Splash.onStateUpdate: {"status":"installing-updates","current":3,"total":6,"progress":44}
[2026-03-31 22:57:50.102] [info]  DiscordSplash.onStateUpdate: {"status":"installing-updates","current":3,"total":6,"progress":44}
[2026-03-31 22:57:50.102] [info]  Splash.onStateUpdate: {"status":"installing-updates","current":3,"total":6,"progress":44}
[2026-03-31 22:57:50.102] [info]  DiscordSplash.onStateUpdate: {"status":"installing-updates","current":3,"total":6,"progress":44}
[2026-03-31 22:57:50.102] [info]  Splash.onStateUpdate: {"status":"installing-updates","current":3,"total":6,"progress":44}
[2026-03-31 22:57:50.103] [info]  DiscordSplash.onStateUpdate: {"status":"installing-updates","current":3,"total":6,"progress":44}
[2026-03-31 22:57:50.103] [info]  Splash.onStateUpdate: {"status":"installing-updates","current":3,"total":6,"progress":44}
[2026-03-31 22:57:50.103] [info]  DiscordSplash.onStateUpdate: {"status":"installing-updates","current":3,"total":6,"progress":44}
[2026-03-31 22:57:50.104] [info]  Splash.onStateUpdate: {"status":"installing-updates","current":3,"total":6,"progress":44}
[2026-03-31 22:57:50.104] [info]  DiscordSplash.onStateUpdate: {"status":"installing-updates","current":3,"total":6,"progress":45}
[2026-03-31 22:57:50.104] [info]  Splash.onStateUpdate: {"status":"installing-updates","current":3,"total":6,"progress":45}
[2026-03-31 22:57:50.105] [info]  DiscordSplash.onStateUpdate: {"status":"installing-updates","current":3,"total":6,"progress":45}
[2026-03-31 22:57:50.105] [info]  Splash.onStateUpdate: {"status":"installing-updates","current":3,"total":6,"progress":45}
[2026-03-31 22:57:50.105] [info]  DiscordSplash.onStateUpdate: {"status":"installing-updates","current":3,"total":6,"progress":45}
[2026-03-31 22:57:50.105] [info]  Splash.onStateUpdate: {"status":"installing-updates","current":3,"total":6,"progress":45}
[2026-03-31 22:57:50.106] [info]  DiscordSplash.onStateUpdate: {"status":"installing-updates","current":3,"total":6,"progress":45}
[2026-03-31 22:57:50.106] [info]  Splash.onStateUpdate: {"status":"installing-updates","current":3,"total":6,"progress":45}
[2026-03-31 22:57:50.106] [info]  DiscordSplash.onStateUpdate: {"status":"installing-updates","current":3,"total":6,"progress":45}
[2026-03-31 22:57:50.106] [info]  Splash.onStateUpdate: {"status":"installing-updates","current":3,"total":6,"progress":45}
[2026-03-31 22:57:50.107] [info]  DiscordSplash.onStateUpdate: {"status":"installing-updates","current":3,"total":6,"progress":45}
[2026-03-31 22:57:50.107] [info]  Splash.onStateUpdate: {"status":"installing-updates","current":3,"total":6,"progress":45}
[2026-03-31 22:57:50.107] [info]  DiscordSplash.onStateUpdate: {"status":"installing-updates","current":3,"total":6,"progress":46}
[2026-03-31 22:57:50.107] [info]  Splash.onStateUpdate: {"status":"installing-updates","current":3,"total":6,"progress":46}
[2026-03-31 22:57:50.108] [info]  DiscordSplash.onStateUpdate: {"status":"installing-updates","current":3,"total":6,"progress":46}
[2026-03-31 22:57:50.108] [info]  Splash.onStateUpdate: {"status":"installing-updates","current":3,"total":6,"progress":46}
[2026-03-31 22:57:50.108] [info]  DiscordSplash.onStateUpdate: {"status":"installing-updates","current":3,"total":6,"progress":46}
[2026-03-31 22:57:50.109] [info]  Splash.onStateUpdate: {"status":"installing-updates","current":3,"total":6,"progress":46}
[2026-03-31 22:57:50.109] [info]  DiscordSplash.onStateUpdate: {"status":"installing-updates","current":3,"total":6,"progress":46}
[2026-03-31 22:57:50.109] [info]  Splash.onStateUpdate: {"status":"installing-updates","current":3,"total":6,"progress":46}
[2026-03-31 22:57:50.110] [info]  DiscordSplash.onStateUpdate: {"status":"installing-updates","current":3,"total":6,"progress":46}
[2026-03-31 22:57:50.110] [info]  Splash.onStateUpdate: {"status":"installing-updates","current":3,"total":6,"progress":46}
[2026-03-31 22:57:50.110] [info]  DiscordSplash.onStateUpdate: {"status":"installing-updates","current":3,"total":6,"progress":46}
[2026-03-31 22:57:50.110] [info]  Splash.onStateUpdate: {"status":"installing-updates","current":3,"total":6,"progress":46}
[2026-03-31 22:57:50.111] [info]  DiscordSplash.onStateUpdate: {"status":"installing-updates","current":3,"total":6,"progress":46}
[2026-03-31 22:57:50.111] [info]  Splash.onStateUpdate: {"status":"installing-updates","current":3,"total":6,"progress":46}
[2026-03-31 22:57:50.112] [info]  DiscordSplash.onStateUpdate: {"status":"installing-updates","current":3,"total":6,"progress":47}
[2026-03-31 22:57:50.112] [info]  Splash.onStateUpdate: {"status":"installing-updates","current":3,"total":6,"progress":47}
[2026-03-31 22:57:50.112] [info]  DiscordSplash.onStateUpdate: {"status":"installing-updates","current":3,"total":6,"progress":47}
[2026-03-31 22:57:50.112] [info]  Splash.onStateUpdate: {"status":"installing-updates","current":3,"total":6,"progress":47}
[2026-03-31 22:57:50.113] [info]  DiscordSplash.onStateUpdate: {"status":"installing-updates","current":3,"total":6,"progress":47}
[2026-03-31 22:57:50.113] [info]  Splash.onStateUpdate: {"status":"installing-updates","current":3,"total":6,"progress":47}
[2026-03-31 22:57:50.113] [info]  DiscordSplash.onStateUpdate: {"status":"installing-updates","current":3,"total":6,"progress":47}
[2026-03-31 22:57:50.113] [info]  Splash.onStateUpdate: {"status":"installing-updates","current":3,"total":6,"progress":47}
[2026-03-31 22:57:50.114] [info]  DiscordSplash.onStateUpdate: {"status":"installing-updates","current":3,"total":6,"progress":47}
[2026-03-31 22:57:50.114] [info]  Splash.onStateUpdate: {"status":"installing-updates","current":3,"total":6,"progress":47}
[2026-03-31 22:57:50.114] [info]  DiscordSplash.onStateUpdate: {"status":"installing-updates","current":3,"total":6,"progress":47}
[2026-03-31 22:57:50.114] [info]  Splash.onStateUpdate: {"status":"installing-updates","current":3,"total":6,"progress":47}
[2026-03-31 22:57:50.115] [info]  DiscordSplash.onStateUpdate: {"status":"installing-updates","current":3,"total":6,"progress":48}
[2026-03-31 22:57:50.115] [info]  Splash.onStateUpdate: {"status":"installing-updates","current":3,"total":6,"progress":48}
[2026-03-31 22:57:50.116] [info]  DiscordSplash.onStateUpdate: {"status":"installing-updates","current":3,"total":6,"progress":48}
[2026-03-31 22:57:50.116] [info]  Splash.onStateUpdate: {"status":"installing-updates","current":3,"total":6,"progress":48}
[2026-03-31 22:57:50.116] [info]  DiscordSplash.onStateUpdate: {"status":"installing-updates","current":3,"total":6,"progress":48}
[2026-03-31 22:57:50.117] [info]  Splash.onStateUpdate: {"status":"installing-updates","current":3,"total":6,"progress":48}
[2026-03-31 22:57:50.117] [info]  DiscordSplash.onStateUpdate: {"status":"installing-updates","current":3,"total":6,"progress":48}
[2026-03-31 22:57:50.117] [info]  Splash.onStateUpdate: {"status":"installing-updates","current":3,"total":6,"progress":48}
[2026-03-31 22:57:50.118] [info]  DiscordSplash.onStateUpdate: {"status":"installing-updates","current":3,"total":6,"progress":48}
[2026-03-31 22:57:50.118] [info]  Splash.onStateUpdate: {"status":"installing-updates","current":3,"total":6,"progress":48}
[2026-03-31 22:57:50.118] [info]  DiscordSplash.onStateUpdate: {"status":"installing-updates","current":3,"total":6,"progress":48}
[2026-03-31 22:57:50.118] [info]  Splash.onStateUpdate: {"status":"installing-updates","current":3,"total":6,"progress":48}
[2026-03-31 22:57:50.119] [info]  DiscordSplash.onStateUpdate: {"status":"installing-updates","current":3,"total":6,"progress":49}
[2026-03-31 22:57:50.119] [info]  Splash.onStateUpdate: {"status":"installing-updates","current":3,"total":6,"progress":49}
[2026-03-31 22:57:50.119] [info]  DiscordSplash.onStateUpdate: {"status":"installing-updates","current":3,"total":6,"progress":49}
[2026-03-31 22:57:50.119] [info]  Splash.onStateUpdate: {"status":"installing-updates","current":3,"total":6,"progress":49}
[2026-03-31 22:57:50.120] [info]  DiscordSplash.onStateUpdate: {"status":"installing-updates","current":3,"total":6,"progress":49}
[2026-03-31 22:57:50.120] [info]  Splash.onStateUpdate: {"status":"installing-updates","current":3,"total":6,"progress":49}
[2026-03-31 22:57:50.120] [info]  DiscordSplash.onStateUpdate: {"status":"installing-updates","current":3,"total":6,"progress":49}
[2026-03-31 22:57:50.120] [info]  Splash.onStateUpdate: {"status":"installing-updates","current":3,"total":6,"progress":49}
[2026-03-31 22:57:50.121] [info]  DiscordSplash.onStateUpdate: {"status":"installing-updates","current":3,"total":6,"progress":49}
[2026-03-31 22:57:50.121] [info]  Splash.onStateUpdate: {"status":"installing-updates","current":3,"total":6,"progress":49}
[2026-03-31 22:57:50.121] [info]  DiscordSplash.onStateUpdate: {"status":"installing-updates","current":3,"total":6,"progress":49}
[2026-03-31 22:57:50.121] [info]  Splash.onStateUpdate: {"status":"installing-updates","current":3,"total":6,"progress":49}
[2026-03-31 22:57:50.122] [info]  DiscordSplash.onStateUpdate: {"status":"installing-updates","current":3,"total":6,"progress":50}
[2026-03-31 22:57:50.122] [info]  Splash.onStateUpdate: {"status":"installing-updates","current":3,"total":6,"progress":50}
[2026-03-31 22:57:50.122] [info]  DiscordSplash.onStateUpdate: {"status":"installing-updates","current":3,"total":6,"progress":50}
[2026-03-31 22:57:50.122] [info]  Splash.onStateUpdate: {"status":"installing-updates","current":3,"total":6,"progress":50}
[2026-03-31 22:57:50.123] [info]  DiscordSplash.onStateUpdate: {"status":"installing-updates","current":3,"total":6,"progress":50}
[2026-03-31 22:57:50.123] [info]  Splash.onStateUpdate: {"status":"installing-updates","current":3,"total":6,"progress":50}
[2026-03-31 22:57:50.123] [info]  DiscordSplash.onStateUpdate: {"status":"installing-updates","current":3,"total":6,"progress":50}
[2026-03-31 22:57:50.123] [info]  Splash.onStateUpdate: {"status":"installing-updates","current":3,"total":6,"progress":50}
[2026-03-31 22:57:50.124] [info]  DiscordSplash.onStateUpdate: {"status":"installing-updates","current":3,"total":6,"progress":50}
[2026-03-31 22:57:50.124] [info]  Splash.onStateUpdate: {"status":"installing-updates","current":3,"total":6,"progress":50}
[2026-03-31 22:57:50.124] [info]  DiscordSplash.onStateUpdate: {"status":"installing-updates","current":3,"total":6,"progress":50}
[2026-03-31 22:57:50.124] [info]  Splash.onStateUpdate: {"status":"installing-updates","current":3,"total":6,"progress":50}
[2026-03-31 22:57:50.125] [info]  DiscordSplash.onStateUpdate: {"status":"installing-updates","current":3,"total":6,"progress":51}
[2026-03-31 22:57:50.125] [info]  Splash.onStateUpdate: {"status":"installing-updates","current":3,"total":6,"progress":51}
[2026-03-31 22:57:50.125] [info]  DiscordSplash.onStateUpdate: {"status":"installing-updates","current":3,"total":6,"progress":51}
[2026-03-31 22:57:50.125] [info]  Splash.onStateUpdate: {"status":"installing-updates","current":3,"total":6,"progress":51}
[2026-03-31 22:57:50.126] [info]  DiscordSplash.onStateUpdate: {"status":"installing-updates","current":3,"total":6,"progress":51}
[2026-03-31 22:57:50.126] [info]  Splash.onStateUpdate: {"status":"installing-updates","current":3,"total":6,"progress":51}
[2026-03-31 22:57:50.126] [info]  DiscordSplash.onStateUpdate: {"status":"installing-updates","current":3,"total":6,"progress":51}
[2026-03-31 22:57:50.126] [info]  Splash.onStateUpdate: {"status":"installing-updates","current":3,"total":6,"progress":51}
[2026-03-31 22:57:50.126] [info]  DiscordSplash.onStateUpdate: {"status":"installing-updates","current":3,"total":6,"progress":51}
[2026-03-31 22:57:50.127] [info]  Splash.onStateUpdate: {"status":"installing-updates","current":3,"total":6,"progress":51}
[2026-03-31 22:57:50.128] [info]  DiscordSplash.onStateUpdate: {"status":"installing-updates","current":3,"total":6,"progress":51}
[2026-03-31 22:57:50.128] [info]  Splash.onStateUpdate: {"status":"installing-updates","current":3,"total":6,"progress":51}
[2026-03-31 22:57:50.128] [info]  DiscordSplash.onStateUpdate: {"status":"installing-updates","current":3,"total":6,"progress":52}
[2026-03-31 22:57:50.128] [info]  Splash.onStateUpdate: {"status":"installing-updates","current":3,"total":6,"progress":52}
[2026-03-31 22:57:50.129] [info]  DiscordSplash.onStateUpdate: {"status":"installing-updates","current":3,"total":6,"progress":52}
[2026-03-31 22:57:50.129] [info]  Splash.onStateUpdate: {"status":"installing-updates","current":3,"total":6,"progress":52}
[2026-03-31 22:57:50.129] [info]  DiscordSplash.onStateUpdate: {"status":"installing-updates","current":3,"total":6,"progress":52}
[2026-03-31 22:57:50.130] [info]  Splash.onStateUpdate: {"status":"installing-updates","current":3,"total":6,"progress":52}
[2026-03-31 22:57:50.130] [info]  DiscordSplash.onStateUpdate: {"status":"installing-updates","current":3,"total":6,"progress":52}
[2026-03-31 22:57:50.130] [info]  Splash.onStateUpdate: {"status":"installing-updates","current":3,"total":6,"progress":52}
[2026-03-31 22:57:50.130] [info]  DiscordSplash.onStateUpdate: {"status":"installing-updates","current":3,"total":6,"progress":52}
[2026-03-31 22:57:50.131] [info]  Splash.onStateUpdate: {"status":"installing-updates","current":3,"total":6,"progress":52}
[2026-03-31 22:57:50.131] [info]  DiscordSplash.onStateUpdate: {"status":"installing-updates","current":3,"total":6,"progress":52}
[2026-03-31 22:57:50.131] [info]  Splash.onStateUpdate: {"status":"installing-updates","current":3,"total":6,"progress":52}
[2026-03-31 22:57:50.134] [info]  DiscordSplash.onStateUpdate: {"status":"installing-updates","current":3,"total":6,"progress":53}
[2026-03-31 22:57:50.134] [info]  Splash.onStateUpdate: {"status":"installing-updates","current":3,"total":6,"progress":53}
[2026-03-31 22:57:50.134] [info]  DiscordSplash.onStateUpdate: {"status":"installing-updates","current":3,"total":6,"progress":53}
[2026-03-31 22:57:50.134] [info]  Splash.onStateUpdate: {"status":"installing-updates","current":3,"total":6,"progress":53}
[2026-03-31 22:57:50.134] [info]  DiscordSplash.onStateUpdate: {"status":"installing-updates","current":3,"total":6,"progress":53}
[2026-03-31 22:57:50.134] [info]  Splash.onStateUpdate: {"status":"installing-updates","current":3,"total":6,"progress":53}
[2026-03-31 22:57:50.135] [info]  DiscordSplash.onStateUpdate: {"status":"installing-updates","current":3,"total":6,"progress":53}
[2026-03-31 22:57:50.135] [info]  Splash.onStateUpdate: {"status":"installing-updates","current":3,"total":6,"progress":53}
[2026-03-31 22:57:50.135] [info]  DiscordSplash.onStateUpdate: {"status":"installing-updates","current":3,"total":6,"progress":53}
[2026-03-31 22:57:50.135] [info]  Splash.onStateUpdate: {"status":"installing-updates","current":3,"total":6,"progress":53}
[2026-03-31 22:57:50.136] [info]  DiscordSplash.onStateUpdate: {"status":"installing-updates","current":3,"total":6,"progress":53}
[2026-03-31 22:57:50.136] [info]  Splash.onStateUpdate: {"status":"installing-updates","current":3,"total":6,"progress":53}
[2026-03-31 22:57:50.136] [info]  DiscordSplash.onStateUpdate: {"status":"installing-updates","current":3,"total":6,"progress":53}
[2026-03-31 22:57:50.136] [info]  Splash.onStateUpdate: {"status":"installing-updates","current":3,"total":6,"progress":53}
[2026-03-31 22:57:50.137] [info]  DiscordSplash.onStateUpdate: {"status":"installing-updates","current":3,"total":6,"progress":54}
[2026-03-31 22:57:50.137] [info]  Splash.onStateUpdate: {"status":"installing-updates","current":3,"total":6,"progress":54}
[2026-03-31 22:57:50.137] [info]  DiscordSplash.onStateUpdate: {"status":"installing-updates","current":3,"total":6,"progress":54}
[2026-03-31 22:57:50.138] [info]  Splash.onStateUpdate: {"status":"installing-updates","current":3,"total":6,"progress":54}
[2026-03-31 22:57:50.138] [info]  DiscordSplash.onStateUpdate: {"status":"installing-updates","current":3,"total":6,"progress":54}
[2026-03-31 22:57:50.138] [info]  Splash.onStateUpdate: {"status":"installing-updates","current":3,"total":6,"progress":54}
[2026-03-31 22:57:50.139] [info]  DiscordSplash.onStateUpdate: {"status":"installing-updates","current":3,"total":6,"progress":54}
[2026-03-31 22:57:50.139] [info]  Splash.onStateUpdate: {"status":"installing-updates","current":3,"total":6,"progress":54}
[2026-03-31 22:57:50.139] [info]  DiscordSplash.onStateUpdate: {"status":"installing-updates","current":3,"total":6,"progress":54}
[2026-03-31 22:57:50.139] [info]  Splash.onStateUpdate: {"status":"installing-updates","current":3,"total":6,"progress":54}
[2026-03-31 22:57:50.140] [info]  DiscordSplash.onStateUpdate: {"status":"installing-updates","current":3,"total":6,"progress":54}
[2026-03-31 22:57:50.140] [info]  Splash.onStateUpdate: {"status":"installing-updates","current":3,"total":6,"progress":54}
[2026-03-31 22:57:50.140] [info]  DiscordSplash.onStateUpdate: {"status":"installing-updates","current":3,"total":6,"progress":55}
[2026-03-31 22:57:50.140] [info]  Splash.onStateUpdate: {"status":"installing-updates","current":3,"total":6,"progress":55}
[2026-03-31 22:57:50.141] [info]  DiscordSplash.onStateUpdate: {"status":"installing-updates","current":3,"total":6,"progress":55}
[2026-03-31 22:57:50.141] [info]  Splash.onStateUpdate: {"status":"installing-updates","current":3,"total":6,"progress":55}
[2026-03-31 22:57:50.141] [info]  DiscordSplash.onStateUpdate: {"status":"installing-updates","current":3,"total":6,"progress":55}
[2026-03-31 22:57:50.141] [info]  Splash.onStateUpdate: {"status":"installing-updates","current":3,"total":6,"progress":55}
[2026-03-31 22:57:50.142] [info]  DiscordSplash.onStateUpdate: {"status":"installing-updates","current":3,"total":6,"progress":55}
[2026-03-31 22:57:50.142] [info]  Splash.onStateUpdate: {"status":"installing-updates","current":3,"total":6,"progress":55}
[2026-03-31 22:57:50.142] [info]  DiscordSplash.onStateUpdate: {"status":"installing-updates","current":3,"total":6,"progress":55}
[2026-03-31 22:57:50.143] [info]  Splash.onStateUpdate: {"status":"installing-updates","current":3,"total":6,"progress":55}
[2026-03-31 22:57:50.143] [info]  DiscordSplash.onStateUpdate: {"status":"installing-updates","current":3,"total":6,"progress":55}
[2026-03-31 22:57:50.143] [info]  Splash.onStateUpdate: {"status":"installing-updates","current":3,"total":6,"progress":55}
[2026-03-31 22:57:50.143] [info]  DiscordSplash.onStateUpdate: {"status":"installing-updates","current":3,"total":6,"progress":56}
[2026-03-31 22:57:50.143] [info]  Splash.onStateUpdate: {"status":"installing-updates","current":3,"total":6,"progress":56}
[2026-03-31 22:57:50.144] [info]  DiscordSplash.onStateUpdate: {"status":"installing-updates","current":3,"total":6,"progress":56}
[2026-03-31 22:57:50.144] [info]  Splash.onStateUpdate: {"status":"installing-updates","current":3,"total":6,"progress":56}
[2026-03-31 22:57:50.144] [info]  DiscordSplash.onStateUpdate: {"status":"installing-updates","current":3,"total":6,"progress":56}
[2026-03-31 22:57:50.145] [info]  Splash.onStateUpdate: {"status":"installing-updates","current":3,"total":6,"progress":56}
[2026-03-31 22:57:50.145] [info]  DiscordSplash.onStateUpdate: {"status":"installing-updates","current":3,"total":6,"progress":56}
[2026-03-31 22:57:50.145] [info]  Splash.onStateUpdate: {"status":"installing-updates","current":3,"total":6,"progress":56}
[2026-03-31 22:57:50.145] [info]  DiscordSplash.onStateUpdate: {"status":"installing-updates","current":3,"total":6,"progress":56}
[2026-03-31 22:57:50.146] [info]  Splash.onStateUpdate: {"status":"installing-updates","current":3,"total":6,"progress":56}
[2026-03-31 22:57:50.146] [info]  DiscordSplash.onStateUpdate: {"status":"installing-updates","current":3,"total":6,"progress":56}
[2026-03-31 22:57:50.146] [info]  Splash.onStateUpdate: {"status":"installing-updates","current":3,"total":6,"progress":56}
[2026-03-31 22:57:50.147] [info]  DiscordSplash.onStateUpdate: {"status":"installing-updates","current":3,"total":6,"progress":57}
[2026-03-31 22:57:50.147] [info]  Splash.onStateUpdate: {"status":"installing-updates","current":3,"total":6,"progress":57}
[2026-03-31 22:57:50.147] [info]  DiscordSplash.onStateUpdate: {"status":"installing-updates","current":3,"total":6,"progress":57}
[2026-03-31 22:57:50.147] [info]  Splash.onStateUpdate: {"status":"installing-updates","current":3,"total":6,"progress":57}
[2026-03-31 22:57:50.148] [info]  DiscordSplash.onStateUpdate: {"status":"installing-updates","current":3,"total":6,"progress":57}
[2026-03-31 22:57:50.148] [info]  Splash.onStateUpdate: {"status":"installing-updates","current":3,"total":6,"progress":57}
[2026-03-31 22:57:50.149] [info]  DiscordSplash.onStateUpdate: {"status":"installing-updates","current":3,"total":6,"progress":57}
[2026-03-31 22:57:50.149] [info]  Splash.onStateUpdate: {"status":"installing-updates","current":3,"total":6,"progress":57}
[2026-03-31 22:57:50.150] [info]  DiscordSplash.onStateUpdate: {"status":"installing-updates","current":3,"total":6,"progress":57}
[2026-03-31 22:57:50.150] [info]  Splash.onStateUpdate: {"status":"installing-updates","current":3,"total":6,"progress":57}
[2026-03-31 22:57:50.151] [info]  DiscordSplash.onStateUpdate: {"status":"installing-updates","current":3,"total":6,"progress":57}
[2026-03-31 22:57:50.151] [info]  Splash.onStateUpdate: {"status":"installing-updates","current":3,"total":6,"progress":57}
[2026-03-31 22:57:50.151] [info]  DiscordSplash.onStateUpdate: {"status":"installing-updates","current":3,"total":6,"progress":58}
[2026-03-31 22:57:50.151] [info]  Splash.onStateUpdate: {"status":"installing-updates","current":3,"total":6,"progress":58}
[2026-03-31 22:57:50.152] [info]  DiscordSplash.onStateUpdate: {"status":"installing-updates","current":3,"total":6,"progress":58}
[2026-03-31 22:57:50.152] [info]  Splash.onStateUpdate: {"status":"installing-updates","current":3,"total":6,"progress":58}
[2026-03-31 22:57:50.152] [info]  DiscordSplash.onStateUpdate: {"status":"installing-updates","current":3,"total":6,"progress":58}
[2026-03-31 22:57:50.152] [info]  Splash.onStateUpdate: {"status":"installing-updates","current":3,"total":6,"progress":58}
[2026-03-31 22:57:50.153] [info]  DiscordSplash.onStateUpdate: {"status":"installing-updates","current":3,"total":6,"progress":58}
[2026-03-31 22:57:50.153] [info]  Splash.onStateUpdate: {"status":"installing-updates","current":3,"total":6,"progress":58}
[2026-03-31 22:57:50.153] [info]  DiscordSplash.onStateUpdate: {"status":"installing-updates","current":3,"total":6,"progress":58}
[2026-03-31 22:57:50.153] [info]  Splash.onStateUpdate: {"status":"installing-updates","current":3,"total":6,"progress":58}
[2026-03-31 22:57:50.154] [info]  DiscordSplash.onStateUpdate: {"status":"installing-updates","current":3,"total":6,"progress":58}
[2026-03-31 22:57:50.154] [info]  Splash.onStateUpdate: {"status":"installing-updates","current":3,"total":6,"progress":58}
[2026-03-31 22:57:50.154] [info]  DiscordSplash.onStateUpdate: {"status":"installing-updates","current":3,"total":6,"progress":59}
[2026-03-31 22:57:50.154] [info]  Splash.onStateUpdate: {"status":"installing-updates","current":3,"total":6,"progress":59}
[2026-03-31 22:57:50.155] [info]  DiscordSplash.onStateUpdate: {"status":"installing-updates","current":3,"total":6,"progress":59}
[2026-03-31 22:57:50.155] [info]  Splash.onStateUpdate: {"status":"installing-updates","current":3,"total":6,"progress":59}
[2026-03-31 22:57:50.155] [info]  DiscordSplash.onStateUpdate: {"status":"installing-updates","current":3,"total":6,"progress":59}
[2026-03-31 22:57:50.156] [info]  Splash.onStateUpdate: {"status":"installing-updates","current":3,"total":6,"progress":59}
[2026-03-31 22:57:50.156] [info]  DiscordSplash.onStateUpdate: {"status":"installing-updates","current":3,"total":6,"progress":59}
[2026-03-31 22:57:50.156] [info]  Splash.onStateUpdate: {"status":"installing-updates","current":3,"total":6,"progress":59}
[2026-03-31 22:57:50.156] [info]  DiscordSplash.onStateUpdate: {"status":"installing-updates","current":3,"total":6,"progress":59}
[2026-03-31 22:57:50.157] [info]  Splash.onStateUpdate: {"status":"installing-updates","current":3,"total":6,"progress":59}
[2026-03-31 22:57:50.157] [info]  DiscordSplash.onStateUpdate: {"status":"installing-updates","current":3,"total":6,"progress":59}
[2026-03-31 22:57:50.157] [info]  Splash.onStateUpdate: {"status":"installing-updates","current":3,"total":6,"progress":59}
[2026-03-31 22:57:50.157] [info]  DiscordSplash.onStateUpdate: {"status":"installing-updates","current":3,"total":6,"progress":60}
[2026-03-31 22:57:50.158] [info]  Splash.onStateUpdate: {"status":"installing-updates","current":3,"total":6,"progress":60}
[2026-03-31 22:57:50.158] [info]  DiscordSplash.onStateUpdate: {"status":"installing-updates","current":3,"total":6,"progress":60}
[2026-03-31 22:57:50.158] [info]  Splash.onStateUpdate: {"status":"installing-updates","current":3,"total":6,"progress":60}
[2026-03-31 22:57:50.158] [info]  DiscordSplash.onStateUpdate: {"status":"installing-updates","current":3,"total":6,"progress":60}
[2026-03-31 22:57:50.159] [info]  Splash.onStateUpdate: {"status":"installing-updates","current":3,"total":6,"progress":60}
[2026-03-31 22:57:50.159] [info]  DiscordSplash.onStateUpdate: {"status":"installing-updates","current":3,"total":6,"progress":60}
[2026-03-31 22:57:50.159] [info]  Splash.onStateUpdate: {"status":"installing-updates","current":3,"total":6,"progress":60}
[2026-03-31 22:57:50.159] [info]  DiscordSplash.onStateUpdate: {"status":"installing-updates","current":3,"total":6,"progress":60}
[2026-03-31 22:57:50.160] [info]  Splash.onStateUpdate: {"status":"installing-updates","current":3,"total":6,"progress":60}
[2026-03-31 22:57:50.160] [info]  DiscordSplash.onStateUpdate: {"status":"installing-updates","current":3,"total":6,"progress":60}
[2026-03-31 22:57:50.160] [info]  Splash.onStateUpdate: {"status":"installing-updates","current":3,"total":6,"progress":60}
[2026-03-31 22:57:50.160] [info]  DiscordSplash.onStateUpdate: {"status":"installing-updates","current":3,"total":6,"progress":60}
[2026-03-31 22:57:50.160] [info]  Splash.onStateUpdate: {"status":"installing-updates","current":3,"total":6,"progress":60}
[2026-03-31 22:57:50.161] [info]  DiscordSplash.onStateUpdate: {"status":"installing-updates","current":3,"total":6,"progress":61}
[2026-03-31 22:57:50.161] [info]  Splash.onStateUpdate: {"status":"installing-updates","current":3,"total":6,"progress":61}
[2026-03-31 22:57:50.161] [info]  DiscordSplash.onStateUpdate: {"status":"installing-updates","current":3,"total":6,"progress":61}
[2026-03-31 22:57:50.161] [info]  Splash.onStateUpdate: {"status":"installing-updates","current":3,"total":6,"progress":61}
[2026-03-31 22:57:50.162] [info]  DiscordSplash.onStateUpdate: {"status":"installing-updates","current":3,"total":6,"progress":61}
[2026-03-31 22:57:50.162] [info]  Splash.onStateUpdate: {"status":"installing-updates","current":3,"total":6,"progress":61}
[2026-03-31 22:57:50.162] [info]  DiscordSplash.onStateUpdate: {"status":"installing-updates","current":3,"total":6,"progress":61}
[2026-03-31 22:57:50.162] [info]  Splash.onStateUpdate: {"status":"installing-updates","current":3,"total":6,"progress":61}
[2026-03-31 22:57:50.163] [info]  DiscordSplash.onStateUpdate: {"status":"installing-updates","current":3,"total":6,"progress":61}
[2026-03-31 22:57:50.163] [info]  Splash.onStateUpdate: {"status":"installing-updates","current":3,"total":6,"progress":61}
[2026-03-31 22:57:50.163] [info]  DiscordSplash.onStateUpdate: {"status":"installing-updates","current":3,"total":6,"progress":61}
[2026-03-31 22:57:50.163] [info]  Splash.onStateUpdate: {"status":"installing-updates","current":3,"total":6,"progress":61}
[2026-03-31 22:57:50.164] [info]  DiscordSplash.onStateUpdate: {"status":"installing-updates","current":3,"total":6,"progress":62}
[2026-03-31 22:57:50.164] [info]  Splash.onStateUpdate: {"status":"installing-updates","current":3,"total":6,"progress":62}
[2026-03-31 22:57:50.165] [info]  DiscordSplash.onStateUpdate: {"status":"installing-updates","current":3,"total":6,"progress":62}
[2026-03-31 22:57:50.165] [info]  Splash.onStateUpdate: {"status":"installing-updates","current":3,"total":6,"progress":62}
[2026-03-31 22:57:50.166] [info]  DiscordSplash.onStateUpdate: {"status":"installing-updates","current":3,"total":6,"progress":62}
[2026-03-31 22:57:50.166] [info]  Splash.onStateUpdate: {"status":"installing-updates","current":3,"total":6,"progress":62}
[2026-03-31 22:57:50.167] [info]  DiscordSplash.onStateUpdate: {"status":"installing-updates","current":3,"total":6,"progress":62}
[2026-03-31 22:57:50.167] [info]  Splash.onStateUpdate: {"status":"installing-updates","current":3,"total":6,"progress":62}
[2026-03-31 22:57:50.167] [info]  DiscordSplash.onStateUpdate: {"status":"installing-updates","current":3,"total":6,"progress":62}
[2026-03-31 22:57:50.168] [info]  Splash.onStateUpdate: {"status":"installing-updates","current":3,"total":6,"progress":62}
[2026-03-31 22:57:50.168] [info]  DiscordSplash.onStateUpdate: {"status":"installing-updates","current":3,"total":6,"progress":62}
[2026-03-31 22:57:50.168] [info]  Splash.onStateUpdate: {"status":"installing-updates","current":3,"total":6,"progress":62}
[2026-03-31 22:57:50.169] [info]  DiscordSplash.onStateUpdate: {"status":"installing-updates","current":3,"total":6,"progress":63}
[2026-03-31 22:57:50.169] [info]  Splash.onStateUpdate: {"status":"installing-updates","current":3,"total":6,"progress":63}
[2026-03-31 22:57:50.169] [info]  DiscordSplash.onStateUpdate: {"status":"installing-updates","current":3,"total":6,"progress":63}
[2026-03-31 22:57:50.169] [info]  Splash.onStateUpdate: {"status":"installing-updates","current":3,"total":6,"progress":63}
[2026-03-31 22:57:50.170] [info]  DiscordSplash.onStateUpdate: {"status":"installing-updates","current":3,"total":6,"progress":63}
[2026-03-31 22:57:50.170] [info]  Splash.onStateUpdate: {"status":"installing-updates","current":3,"total":6,"progress":63}
[2026-03-31 22:57:50.170] [info]  DiscordSplash.onStateUpdate: {"status":"installing-updates","current":3,"total":6,"progress":63}
[2026-03-31 22:57:50.170] [info]  Splash.onStateUpdate: {"status":"installing-updates","current":3,"total":6,"progress":63}
[2026-03-31 22:57:50.171] [info]  DiscordSplash.onStateUpdate: {"status":"installing-updates","current":3,"total":6,"progress":63}
[2026-03-31 22:57:50.171] [info]  Splash.onStateUpdate: {"status":"installing-updates","current":3,"total":6,"progress":63}
[2026-03-31 22:57:50.171] [info]  DiscordSplash.onStateUpdate: {"status":"installing-updates","current":3,"total":6,"progress":63}
[2026-03-31 22:57:50.171] [info]  Splash.onStateUpdate: {"status":"installing-updates","current":3,"total":6,"progress":63}
[2026-03-31 22:57:50.172] [info]  DiscordSplash.onStateUpdate: {"status":"installing-updates","current":3,"total":6,"progress":64}
[2026-03-31 22:57:50.172] [info]  Splash.onStateUpdate: {"status":"installing-updates","current":3,"total":6,"progress":64}
[2026-03-31 22:57:50.172] [info]  DiscordSplash.onStateUpdate: {"status":"installing-updates","current":3,"total":6,"progress":64}
[2026-03-31 22:57:50.172] [info]  Splash.onStateUpdate: {"status":"installing-updates","current":3,"total":6,"progress":64}
[2026-03-31 22:57:50.173] [info]  DiscordSplash.onStateUpdate: {"status":"installing-updates","current":3,"total":6,"progress":64}
[2026-03-31 22:57:50.173] [info]  Splash.onStateUpdate: {"status":"installing-updates","current":3,"total":6,"progress":64}
[2026-03-31 22:57:50.173] [info]  DiscordSplash.onStateUpdate: {"status":"installing-updates","current":3,"total":6,"progress":64}
[2026-03-31 22:57:50.173] [info]  Splash.onStateUpdate: {"status":"installing-updates","current":3,"total":6,"progress":64}
[2026-03-31 22:57:50.174] [info]  DiscordSplash.onStateUpdate: {"status":"installing-updates","current":3,"total":6,"progress":64}
[2026-03-31 22:57:50.174] [info]  Splash.onStateUpdate: {"status":"installing-updates","current":3,"total":6,"progress":64}
[2026-03-31 22:57:50.174] [info]  DiscordSplash.onStateUpdate: {"status":"installing-updates","current":3,"total":6,"progress":64}
[2026-03-31 22:57:50.174] [info]  Splash.onStateUpdate: {"status":"installing-updates","current":3,"total":6,"progress":64}
[2026-03-31 22:57:50.175] [info]  DiscordSplash.onStateUpdate: {"status":"installing-updates","current":3,"total":6,"progress":65}
[2026-03-31 22:57:50.175] [info]  Splash.onStateUpdate: {"status":"installing-updates","current":3,"total":6,"progress":65}
[2026-03-31 22:57:50.175] [info]  DiscordSplash.onStateUpdate: {"status":"installing-updates","current":3,"total":6,"progress":65}
[2026-03-31 22:57:50.175] [info]  Splash.onStateUpdate: {"status":"installing-updates","current":3,"total":6,"progress":65}
[2026-03-31 22:57:50.176] [info]  DiscordSplash.onStateUpdate: {"status":"installing-updates","current":3,"total":6,"progress":65}
[2026-03-31 22:57:50.176] [info]  Splash.onStateUpdate: {"status":"installing-updates","current":3,"total":6,"progress":65}
[2026-03-31 22:57:50.176] [info]  DiscordSplash.onStateUpdate: {"status":"installing-updates","current":3,"total":6,"progress":65}
[2026-03-31 22:57:50.176] [info]  Splash.onStateUpdate: {"status":"installing-updates","current":3,"total":6,"progress":65}
[2026-03-31 22:57:50.177] [info]  DiscordSplash.onStateUpdate: {"status":"installing-updates","current":3,"total":6,"progress":65}
[2026-03-31 22:57:50.177] [info]  Splash.onStateUpdate: {"status":"installing-updates","current":3,"total":6,"progress":65}
[2026-03-31 22:57:50.178] [info]  DiscordSplash.onStateUpdate: {"status":"installing-updates","current":3,"total":6,"progress":65}
[2026-03-31 22:57:50.178] [info]  Splash.onStateUpdate: {"status":"installing-updates","current":3,"total":6,"progress":65}
[2026-03-31 22:57:50.179] [info]  DiscordSplash.onStateUpdate: {"status":"installing-updates","current":3,"total":6,"progress":66}
[2026-03-31 22:57:50.179] [info]  Splash.onStateUpdate: {"status":"installing-updates","current":3,"total":6,"progress":66}
[2026-03-31 22:57:50.179] [info]  DiscordSplash.onStateUpdate: {"status":"installing-updates","current":3,"total":6,"progress":66}
[2026-03-31 22:57:50.179] [info]  Splash.onStateUpdate: {"status":"installing-updates","current":3,"total":6,"progress":66}
[2026-03-31 22:57:50.180] [info]  DiscordSplash.onStateUpdate: {"status":"installing-updates","current":3,"total":6,"progress":66}
[2026-03-31 22:57:50.180] [info]  Splash.onStateUpdate: {"status":"installing-updates","current":3,"total":6,"progress":66}
[2026-03-31 22:57:50.181] [info]  DiscordSplash.onStateUpdate: {"status":"installing-updates","current":3,"total":6,"progress":66}
[2026-03-31 22:57:50.181] [info]  Splash.onStateUpdate: {"status":"installing-updates","current":3,"total":6,"progress":66}
[2026-03-31 22:57:50.185] [info]  DiscordSplash.onStateUpdate: {"status":"installing-updates","current":3,"total":6,"progress":66}
[2026-03-31 22:57:50.185] [info]  Splash.onStateUpdate: {"status":"installing-updates","current":3,"total":6,"progress":66}
[2026-03-31 22:57:50.186] [info]  DiscordSplash.onStateUpdate: {"status":"installing-updates","current":3,"total":6,"progress":66}
[2026-03-31 22:57:50.186] [info]  Splash.onStateUpdate: {"status":"installing-updates","current":3,"total":6,"progress":66}
[2026-03-31 22:57:50.186] [info]  DiscordSplash.onStateUpdate: {"status":"installing-updates","current":3,"total":6,"progress":66}
[2026-03-31 22:57:50.186] [info]  Splash.onStateUpdate: {"status":"installing-updates","current":3,"total":6,"progress":66}
[2026-03-31 22:57:50.187] [info]  DiscordSplash.onStateUpdate: {"status":"installing-updates","current":3,"total":6,"progress":67}
[2026-03-31 22:57:50.187] [info]  Splash.onStateUpdate: {"status":"installing-updates","current":3,"total":6,"progress":67}
[2026-03-31 22:57:50.187] [info]  DiscordSplash.onStateUpdate: {"status":"installing-updates","current":3,"total":6,"progress":67}
[2026-03-31 22:57:50.188] [info]  Splash.onStateUpdate: {"status":"installing-updates","current":3,"total":6,"progress":67}
[2026-03-31 22:57:50.188] [info]  DiscordSplash.onStateUpdate: {"status":"installing-updates","current":3,"total":6,"progress":67}
[2026-03-31 22:57:50.188] [info]  Splash.onStateUpdate: {"status":"installing-updates","current":3,"total":6,"progress":67}
[2026-03-31 22:57:50.189] [info]  DiscordSplash.onStateUpdate: {"status":"installing-updates","current":3,"total":6,"progress":67}
[2026-03-31 22:57:50.189] [info]  Splash.onStateUpdate: {"status":"installing-updates","current":3,"total":6,"progress":67}
[2026-03-31 22:57:50.189] [info]  DiscordSplash.onStateUpdate: {"status":"installing-updates","current":3,"total":6,"progress":67}
[2026-03-31 22:57:50.189] [info]  Splash.onStateUpdate: {"status":"installing-updates","current":3,"total":6,"progress":67}
[2026-03-31 22:57:50.190] [info]  DiscordSplash.onStateUpdate: {"status":"installing-updates","current":3,"total":6,"progress":67}
[2026-03-31 22:57:50.190] [info]  Splash.onStateUpdate: {"status":"installing-updates","current":3,"total":6,"progress":67}
[2026-03-31 22:57:50.190] [info]  DiscordSplash.onStateUpdate: {"status":"installing-updates","current":3,"total":6,"progress":68}
[2026-03-31 22:57:50.190] [info]  Splash.onStateUpdate: {"status":"installing-updates","current":3,"total":6,"progress":68}
[2026-03-31 22:57:50.191] [info]  DiscordSplash.onStateUpdate: {"status":"installing-updates","current":3,"total":6,"progress":68}
[2026-03-31 22:57:50.191] [info]  Splash.onStateUpdate: {"status":"installing-updates","current":3,"total":6,"progress":68}
[2026-03-31 22:57:50.191] [info]  DiscordSplash.onStateUpdate: {"status":"installing-updates","current":3,"total":6,"progress":68}
[2026-03-31 22:57:50.192] [info]  Splash.onStateUpdate: {"status":"installing-updates","current":3,"total":6,"progress":68}
[2026-03-31 22:57:50.192] [info]  DiscordSplash.onStateUpdate: {"status":"installing-updates","current":3,"total":6,"progress":68}
[2026-03-31 22:57:50.192] [info]  Splash.onStateUpdate: {"status":"installing-updates","current":3,"total":6,"progress":68}
[2026-03-31 22:57:50.193] [info]  DiscordSplash.onStateUpdate: {"status":"installing-updates","current":3,"total":6,"progress":68}
[2026-03-31 22:57:50.193] [info]  Splash.onStateUpdate: {"status":"installing-updates","current":3,"total":6,"progress":68}
[2026-03-31 22:57:50.193] [info]  DiscordSplash.onStateUpdate: {"status":"installing-updates","current":3,"total":6,"progress":68}
[2026-03-31 22:57:50.193] [info]  Splash.onStateUpdate: {"status":"installing-updates","current":3,"total":6,"progress":68}
[2026-03-31 22:57:50.194] [info]  DiscordSplash.onStateUpdate: {"status":"installing-updates","current":3,"total":6,"progress":69}
[2026-03-31 22:57:50.194] [info]  Splash.onStateUpdate: {"status":"installing-updates","current":3,"total":6,"progress":69}
[2026-03-31 22:57:50.194] [info]  DiscordSplash.onStateUpdate: {"status":"installing-updates","current":3,"total":6,"progress":69}
[2026-03-31 22:57:50.194] [info]  Splash.onStateUpdate: {"status":"installing-updates","current":3,"total":6,"progress":69}
[2026-03-31 22:57:50.195] [info]  DiscordSplash.onStateUpdate: {"status":"installing-updates","current":3,"total":6,"progress":69}
[2026-03-31 22:57:50.195] [info]  Splash.onStateUpdate: {"status":"installing-updates","current":3,"total":6,"progress":69}
[2026-03-31 22:57:50.195] [info]  DiscordSplash.onStateUpdate: {"status":"installing-updates","current":3,"total":6,"progress":69}
[2026-03-31 22:57:50.196] [info]  Splash.onStateUpdate: {"status":"installing-updates","current":3,"total":6,"progress":69}
[2026-03-31 22:57:50.196] [info]  DiscordSplash.onStateUpdate: {"status":"installing-updates","current":3,"total":6,"progress":69}
[2026-03-31 22:57:50.196] [info]  Splash.onStateUpdate: {"status":"installing-updates","current":3,"total":6,"progress":69}
[2026-03-31 22:57:50.197] [info]  DiscordSplash.onStateUpdate: {"status":"installing-updates","current":3,"total":6,"progress":69}
[2026-03-31 22:57:50.197] [info]  Splash.onStateUpdate: {"status":"installing-updates","current":3,"total":6,"progress":69}
[2026-03-31 22:57:50.197] [info]  DiscordSplash.onStateUpdate: {"status":"installing-updates","current":3,"total":6,"progress":70}
[2026-03-31 22:57:50.197] [info]  Splash.onStateUpdate: {"status":"installing-updates","current":3,"total":6,"progress":70}
[2026-03-31 22:57:50.198] [info]  DiscordSplash.onStateUpdate: {"status":"installing-updates","current":3,"total":6,"progress":70}
[2026-03-31 22:57:50.198] [info]  Splash.onStateUpdate: {"status":"installing-updates","current":3,"total":6,"progress":70}
[2026-03-31 22:57:50.198] [info]  DiscordSplash.onStateUpdate: {"status":"installing-updates","current":3,"total":6,"progress":70}
[2026-03-31 22:57:50.199] [info]  Splash.onStateUpdate: {"status":"installing-updates","current":3,"total":6,"progress":70}
[2026-03-31 22:57:50.199] [info]  DiscordSplash.onStateUpdate: {"status":"installing-updates","current":3,"total":6,"progress":70}
[2026-03-31 22:57:50.199] [info]  Splash.onStateUpdate: {"status":"installing-updates","current":3,"total":6,"progress":70}
[2026-03-31 22:57:50.200] [info]  DiscordSplash.onStateUpdate: {"status":"installing-updates","current":3,"total":6,"progress":70}
[2026-03-31 22:57:50.200] [info]  Splash.onStateUpdate: {"status":"installing-updates","current":3,"total":6,"progress":70}
[2026-03-31 22:57:50.201] [info]  DiscordSplash.onStateUpdate: {"status":"installing-updates","current":3,"total":6,"progress":70}
[2026-03-31 22:57:50.201] [info]  Splash.onStateUpdate: {"status":"installing-updates","current":3,"total":6,"progress":70}
[2026-03-31 22:57:50.201] [info]  DiscordSplash.onStateUpdate: {"status":"installing-updates","current":3,"total":6,"progress":71}
[2026-03-31 22:57:50.201] [info]  Splash.onStateUpdate: {"status":"installing-updates","current":3,"total":6,"progress":71}
[2026-03-31 22:57:50.202] [info]  DiscordSplash.onStateUpdate: {"status":"installing-updates","current":3,"total":6,"progress":71}
[2026-03-31 22:57:50.202] [info]  Splash.onStateUpdate: {"status":"installing-updates","current":3,"total":6,"progress":71}
[2026-03-31 22:57:50.202] [info]  DiscordSplash.onStateUpdate: {"status":"installing-updates","current":3,"total":6,"progress":71}
[2026-03-31 22:57:50.203] [info]  Splash.onStateUpdate: {"status":"installing-updates","current":3,"total":6,"progress":71}
[2026-03-31 22:57:50.203] [info]  DiscordSplash.onStateUpdate: {"status":"installing-updates","current":3,"total":6,"progress":71}
[2026-03-31 22:57:50.203] [info]  Splash.onStateUpdate: {"status":"installing-updates","current":3,"total":6,"progress":71}
[2026-03-31 22:57:50.204] [info]  DiscordSplash.onStateUpdate: {"status":"installing-updates","current":3,"total":6,"progress":71}
[2026-03-31 22:57:50.204] [info]  Splash.onStateUpdate: {"status":"installing-updates","current":3,"total":6,"progress":71}
[2026-03-31 22:57:50.204] [info]  DiscordSplash.onStateUpdate: {"status":"installing-updates","current":3,"total":6,"progress":71}
[2026-03-31 22:57:50.204] [info]  Splash.onStateUpdate: {"status":"installing-updates","current":3,"total":6,"progress":71}
[2026-03-31 22:57:50.205] [info]  DiscordSplash.onStateUpdate: {"status":"installing-updates","current":3,"total":6,"progress":72}
[2026-03-31 22:57:50.205] [info]  Splash.onStateUpdate: {"status":"installing-updates","current":3,"total":6,"progress":72}
[2026-03-31 22:57:50.205] [info]  DiscordSplash.onStateUpdate: {"status":"installing-updates","current":3,"total":6,"progress":72}
[2026-03-31 22:57:50.205] [info]  Splash.onStateUpdate: {"status":"installing-updates","current":3,"total":6,"progress":72}
[2026-03-31 22:57:50.206] [info]  DiscordSplash.onStateUpdate: {"status":"installing-updates","current":3,"total":6,"progress":72}
[2026-03-31 22:57:50.206] [info]  Splash.onStateUpdate: {"status":"installing-updates","current":3,"total":6,"progress":72}
[2026-03-31 22:57:50.206] [info]  DiscordSplash.onStateUpdate: {"status":"installing-updates","current":3,"total":6,"progress":72}
[2026-03-31 22:57:50.207] [info]  Splash.onStateUpdate: {"status":"installing-updates","current":3,"total":6,"progress":72}
[2026-03-31 22:57:50.207] [info]  DiscordSplash.onStateUpdate: {"status":"installing-updates","current":3,"total":6,"progress":72}
[2026-03-31 22:57:50.207] [info]  Splash.onStateUpdate: {"status":"installing-updates","current":3,"total":6,"progress":72}
[2026-03-31 22:57:50.208] [info]  DiscordSplash.onStateUpdate: {"status":"installing-updates","current":3,"total":6,"progress":72}
[2026-03-31 22:57:50.208] [info]  Splash.onStateUpdate: {"status":"installing-updates","current":3,"total":6,"progress":72}
[2026-03-31 22:57:50.208] [info]  DiscordSplash.onStateUpdate: {"status":"installing-updates","current":3,"total":6,"progress":73}
[2026-03-31 22:57:50.208] [info]  Splash.onStateUpdate: {"status":"installing-updates","current":3,"total":6,"progress":73}
[2026-03-31 22:57:50.209] [info]  DiscordSplash.onStateUpdate: {"status":"installing-updates","current":3,"total":6,"progress":73}
[2026-03-31 22:57:50.209] [info]  Splash.onStateUpdate: {"status":"installing-updates","current":3,"total":6,"progress":73}
[2026-03-31 22:57:50.209] [info]  DiscordSplash.onStateUpdate: {"status":"installing-updates","current":3,"total":6,"progress":73}
[2026-03-31 22:57:50.209] [info]  Splash.onStateUpdate: {"status":"installing-updates","current":3,"total":6,"progress":73}
[2026-03-31 22:57:50.210] [info]  DiscordSplash.onStateUpdate: {"status":"installing-updates","current":3,"total":6,"progress":73}
[2026-03-31 22:57:50.210] [info]  Splash.onStateUpdate: {"status":"installing-updates","current":3,"total":6,"progress":73}
[2026-03-31 22:57:50.211] [info]  DiscordSplash.onStateUpdate: {"status":"installing-updates","current":3,"total":6,"progress":73}
[2026-03-31 22:57:50.211] [info]  Splash.onStateUpdate: {"status":"installing-updates","current":3,"total":6,"progress":73}
[2026-03-31 22:57:50.211] [info]  DiscordSplash.onStateUpdate: {"status":"installing-updates","current":3,"total":6,"progress":73}
[2026-03-31 22:57:50.211] [info]  Splash.onStateUpdate: {"status":"installing-updates","current":3,"total":6,"progress":73}
[2026-03-31 22:57:50.212] [info]  DiscordSplash.onStateUpdate: {"status":"installing-updates","current":3,"total":6,"progress":73}
[2026-03-31 22:57:50.212] [info]  Splash.onStateUpdate: {"status":"installing-updates","current":3,"total":6,"progress":73}
[2026-03-31 22:57:50.212] [info]  DiscordSplash.onStateUpdate: {"status":"installing-updates","current":3,"total":6,"progress":74}
[2026-03-31 22:57:50.212] [info]  Splash.onStateUpdate: {"status":"installing-updates","current":3,"total":6,"progress":74}
[2026-03-31 22:57:50.213] [info]  DiscordSplash.onStateUpdate: {"status":"installing-updates","current":3,"total":6,"progress":74}
[2026-03-31 22:57:50.213] [info]  Splash.onStateUpdate: {"status":"installing-updates","current":3,"total":6,"progress":74}
[2026-03-31 22:57:50.213] [info]  DiscordSplash.onStateUpdate: {"status":"installing-updates","current":3,"total":6,"progress":74}
[2026-03-31 22:57:50.214] [info]  Splash.onStateUpdate: {"status":"installing-updates","current":3,"total":6,"progress":74}
[2026-03-31 22:57:50.214] [info]  DiscordSplash.onStateUpdate: {"status":"installing-updates","current":3,"total":6,"progress":74}
[2026-03-31 22:57:50.214] [info]  Splash.onStateUpdate: {"status":"installing-updates","current":3,"total":6,"progress":74}
[2026-03-31 22:57:50.215] [info]  DiscordSplash.onStateUpdate: {"status":"installing-updates","current":3,"total":6,"progress":74}
[2026-03-31 22:57:50.215] [info]  Splash.onStateUpdate: {"status":"installing-updates","current":3,"total":6,"progress":74}
[2026-03-31 22:57:50.215] [info]  DiscordSplash.onStateUpdate: {"status":"installing-updates","current":3,"total":6,"progress":74}
[2026-03-31 22:57:50.215] [info]  Splash.onStateUpdate: {"status":"installing-updates","current":3,"total":6,"progress":74}
[2026-03-31 22:57:50.216] [info]  DiscordSplash.onStateUpdate: {"status":"installing-updates","current":3,"total":6,"progress":75}
[2026-03-31 22:57:50.216] [info]  Splash.onStateUpdate: {"status":"installing-updates","current":3,"total":6,"progress":75}
[2026-03-31 22:57:50.217] [info]  DiscordSplash.onStateUpdate: {"status":"installing-updates","current":3,"total":6,"progress":75}
[2026-03-31 22:57:50.217] [info]  Splash.onStateUpdate: {"status":"installing-updates","current":3,"total":6,"progress":75}
[2026-03-31 22:57:50.217] [info]  DiscordSplash.onStateUpdate: {"status":"installing-updates","current":3,"total":6,"progress":75}
[2026-03-31 22:57:50.217] [info]  Splash.onStateUpdate: {"status":"installing-updates","current":3,"total":6,"progress":75}
[2026-03-31 22:57:50.218] [info]  DiscordSplash.onStateUpdate: {"status":"installing-updates","current":3,"total":6,"progress":75}
[2026-03-31 22:57:50.218] [info]  Splash.onStateUpdate: {"status":"installing-updates","current":3,"total":6,"progress":75}
[2026-03-31 22:57:50.218] [info]  DiscordSplash.onStateUpdate: {"status":"installing-updates","current":3,"total":6,"progress":75}
[2026-03-31 22:57:50.218] [info]  Splash.onStateUpdate: {"status":"installing-updates","current":3,"total":6,"progress":75}
[2026-03-31 22:57:50.219] [info]  DiscordSplash.onStateUpdate: {"status":"installing-updates","current":3,"total":6,"progress":75}
[2026-03-31 22:57:50.219] [info]  Splash.onStateUpdate: {"status":"installing-updates","current":3,"total":6,"progress":75}
[2026-03-31 22:57:50.219] [info]  DiscordSplash.onStateUpdate: {"status":"installing-updates","current":3,"total":6,"progress":76}
[2026-03-31 22:57:50.220] [info]  Splash.onStateUpdate: {"status":"installing-updates","current":3,"total":6,"progress":76}
[2026-03-31 22:57:50.220] [info]  DiscordSplash.onStateUpdate: {"status":"installing-updates","current":3,"total":6,"progress":76}
[2026-03-31 22:57:50.220] [info]  Splash.onStateUpdate: {"status":"installing-updates","current":3,"total":6,"progress":76}
[2026-03-31 22:57:50.221] [info]  DiscordSplash.onStateUpdate: {"status":"installing-updates","current":3,"total":6,"progress":76}
[2026-03-31 22:57:50.221] [info]  Splash.onStateUpdate: {"status":"installing-updates","current":3,"total":6,"progress":76}
[2026-03-31 22:57:50.221] [info]  DiscordSplash.onStateUpdate: {"status":"installing-updates","current":3,"total":6,"progress":76}
[2026-03-31 22:57:50.221] [info]  Splash.onStateUpdate: {"status":"installing-updates","current":3,"total":6,"progress":76}
[2026-03-31 22:57:50.222] [info]  DiscordSplash.onStateUpdate: {"status":"installing-updates","current":3,"total":6,"progress":76}
[2026-03-31 22:57:50.222] [info]  Splash.onStateUpdate: {"status":"installing-updates","current":3,"total":6,"progress":76}
[2026-03-31 22:57:50.222] [info]  DiscordSplash.onStateUpdate: {"status":"installing-updates","current":3,"total":6,"progress":76}
[2026-03-31 22:57:50.222] [info]  Splash.onStateUpdate: {"status":"installing-updates","current":3,"total":6,"progress":76}
[2026-03-31 22:57:50.223] [info]  DiscordSplash.onStateUpdate: {"status":"installing-updates","current":3,"total":6,"progress":77}
[2026-03-31 22:57:50.223] [info]  Splash.onStateUpdate: {"status":"installing-updates","current":3,"total":6,"progress":77}
[2026-03-31 22:57:50.223] [info]  DiscordSplash.onStateUpdate: {"status":"installing-updates","current":3,"total":6,"progress":77}
[2026-03-31 22:57:50.224] [info]  Splash.onStateUpdate: {"status":"installing-updates","current":3,"total":6,"progress":77}
[2026-03-31 22:57:50.224] [info]  DiscordSplash.onStateUpdate: {"status":"installing-updates","current":3,"total":6,"progress":77}
[2026-03-31 22:57:50.224] [info]  Splash.onStateUpdate: {"status":"installing-updates","current":3,"total":6,"progress":77}
[2026-03-31 22:57:50.225] [info]  DiscordSplash.onStateUpdate: {"status":"installing-updates","current":3,"total":6,"progress":77}
[2026-03-31 22:57:50.225] [info]  Splash.onStateUpdate: {"status":"installing-updates","current":3,"total":6,"progress":77}
[2026-03-31 22:57:50.225] [info]  DiscordSplash.onStateUpdate: {"status":"installing-updates","current":3,"total":6,"progress":77}
[2026-03-31 22:57:50.225] [info]  Splash.onStateUpdate: {"status":"installing-updates","current":3,"total":6,"progress":77}
[2026-03-31 22:57:50.226] [info]  DiscordSplash.onStateUpdate: {"status":"installing-updates","current":3,"total":6,"progress":77}
[2026-03-31 22:57:50.226] [info]  Splash.onStateUpdate: {"status":"installing-updates","current":3,"total":6,"progress":77}
[2026-03-31 22:57:50.226] [info]  DiscordSplash.onStateUpdate: {"status":"installing-updates","current":3,"total":6,"progress":78}
[2026-03-31 22:57:50.226] [info]  Splash.onStateUpdate: {"status":"installing-updates","current":3,"total":6,"progress":78}
[2026-03-31 22:57:50.227] [info]  DiscordSplash.onStateUpdate: {"status":"installing-updates","current":3,"total":6,"progress":78}
[2026-03-31 22:57:50.227] [info]  Splash.onStateUpdate: {"status":"installing-updates","current":3,"total":6,"progress":78}
[2026-03-31 22:57:50.227] [info]  DiscordSplash.onStateUpdate: {"status":"installing-updates","current":3,"total":6,"progress":78}
[2026-03-31 22:57:50.228] [info]  Splash.onStateUpdate: {"status":"installing-updates","current":3,"total":6,"progress":78}
[2026-03-31 22:57:50.228] [info]  DiscordSplash.onStateUpdate: {"status":"installing-updates","current":3,"total":6,"progress":78}
[2026-03-31 22:57:50.228] [info]  Splash.onStateUpdate: {"status":"installing-updates","current":3,"total":6,"progress":78}
[2026-03-31 22:57:50.229] [info]  DiscordSplash.onStateUpdate: {"status":"installing-updates","current":3,"total":6,"progress":78}
[2026-03-31 22:57:50.229] [info]  Splash.onStateUpdate: {"status":"installing-updates","current":3,"total":6,"progress":78}
[2026-03-31 22:57:50.229] [info]  DiscordSplash.onStateUpdate: {"status":"installing-updates","current":3,"total":6,"progress":78}
[2026-03-31 22:57:50.229] [info]  Splash.onStateUpdate: {"status":"installing-updates","current":3,"total":6,"progress":78}
[2026-03-31 22:57:50.230] [info]  DiscordSplash.onStateUpdate: {"status":"installing-updates","current":3,"total":6,"progress":79}
[2026-03-31 22:57:50.230] [info]  Splash.onStateUpdate: {"status":"installing-updates","current":3,"total":6,"progress":79}
[2026-03-31 22:57:50.230] [info]  DiscordSplash.onStateUpdate: {"status":"installing-updates","current":3,"total":6,"progress":79}
[2026-03-31 22:57:50.230] [info]  Splash.onStateUpdate: {"status":"installing-updates","current":3,"total":6,"progress":79}
[2026-03-31 22:57:50.231] [info]  DiscordSplash.onStateUpdate: {"status":"installing-updates","current":3,"total":6,"progress":79}
[2026-03-31 22:57:50.231] [info]  Splash.onStateUpdate: {"status":"installing-updates","current":3,"total":6,"progress":79}
[2026-03-31 22:57:50.231] [info]  DiscordSplash.onStateUpdate: {"status":"installing-updates","current":3,"total":6,"progress":79}
[2026-03-31 22:57:50.231] [info]  Splash.onStateUpdate: {"status":"installing-updates","current":3,"total":6,"progress":79}
[2026-03-31 22:57:50.232] [info]  DiscordSplash.onStateUpdate: {"status":"installing-updates","current":3,"total":6,"progress":79}
[2026-03-31 22:57:50.232] [info]  Splash.onStateUpdate: {"status":"installing-updates","current":3,"total":6,"progress":79}
[2026-03-31 22:57:50.233] [info]  DiscordSplash.onStateUpdate: {"status":"installing-updates","current":3,"total":6,"progress":79}
[2026-03-31 22:57:50.233] [info]  Splash.onStateUpdate: {"status":"installing-updates","current":3,"total":6,"progress":79}
[2026-03-31 22:57:50.233] [info]  DiscordSplash.onStateUpdate: {"status":"installing-updates","current":3,"total":6,"progress":80}
[2026-03-31 22:57:50.234] [info]  Splash.onStateUpdate: {"status":"installing-updates","current":3,"total":6,"progress":80}
[2026-03-31 22:57:50.234] [info]  DiscordSplash.onStateUpdate: {"status":"installing-updates","current":3,"total":6,"progress":80}
[2026-03-31 22:57:50.234] [info]  Splash.onStateUpdate: {"status":"installing-updates","current":3,"total":6,"progress":80}
[2026-03-31 22:57:50.235] [info]  DiscordSplash.onStateUpdate: {"status":"installing-updates","current":3,"total":6,"progress":80}
[2026-03-31 22:57:50.235] [info]  Splash.onStateUpdate: {"status":"installing-updates","current":3,"total":6,"progress":80}
[2026-03-31 22:57:50.235] [info]  DiscordSplash.onStateUpdate: {"status":"installing-updates","current":3,"total":6,"progress":80}
[2026-03-31 22:57:50.235] [info]  Splash.onStateUpdate: {"status":"installing-updates","current":3,"total":6,"progress":80}
[2026-03-31 22:57:50.236] [info]  DiscordSplash.onStateUpdate: {"status":"installing-updates","current":3,"total":6,"progress":80}
[2026-03-31 22:57:50.236] [info]  Splash.onStateUpdate: {"status":"installing-updates","current":3,"total":6,"progress":80}
[2026-03-31 22:57:50.236] [info]  DiscordSplash.onStateUpdate: {"status":"installing-updates","current":3,"total":6,"progress":80}
[2026-03-31 22:57:50.236] [info]  Splash.onStateUpdate: {"status":"installing-updates","current":3,"total":6,"progress":80}
[2026-03-31 22:57:50.237] [info]  DiscordSplash.onStateUpdate: {"status":"installing-updates","current":3,"total":6,"progress":80}
[2026-03-31 22:57:50.237] [info]  Splash.onStateUpdate: {"status":"installing-updates","current":3,"total":6,"progress":80}
[2026-03-31 22:57:50.238] [info]  DiscordSplash.onStateUpdate: {"status":"installing-updates","current":3,"total":6,"progress":81}
[2026-03-31 22:57:50.238] [info]  Splash.onStateUpdate: {"status":"installing-updates","current":3,"total":6,"progress":81}
[2026-03-31 22:57:50.238] [info]  DiscordSplash.onStateUpdate: {"status":"installing-updates","current":3,"total":6,"progress":81}
[2026-03-31 22:57:50.238] [info]  Splash.onStateUpdate: {"status":"installing-updates","current":3,"total":6,"progress":81}
[2026-03-31 22:57:50.239] [info]  DiscordSplash.onStateUpdate: {"status":"installing-updates","current":3,"total":6,"progress":81}
[2026-03-31 22:57:50.239] [info]  Splash.onStateUpdate: {"status":"installing-updates","current":3,"total":6,"progress":81}
[2026-03-31 22:57:50.240] [info]  DiscordSplash.onStateUpdate: {"status":"installing-updates","current":3,"total":6,"progress":81}
[2026-03-31 22:57:50.240] [info]  Splash.onStateUpdate: {"status":"installing-updates","current":3,"total":6,"progress":81}
[2026-03-31 22:57:50.240] [info]  DiscordSplash.onStateUpdate: {"status":"installing-updates","current":3,"total":6,"progress":81}
[2026-03-31 22:57:50.240] [info]  Splash.onStateUpdate: {"status":"installing-updates","current":3,"total":6,"progress":81}
[2026-03-31 22:57:50.241] [info]  DiscordSplash.onStateUpdate: {"status":"installing-updates","current":3,"total":6,"progress":81}
[2026-03-31 22:57:50.241] [info]  Splash.onStateUpdate: {"status":"installing-updates","current":3,"total":6,"progress":81}
[2026-03-31 22:57:50.242] [info]  DiscordSplash.onStateUpdate: {"status":"installing-updates","current":3,"total":6,"progress":82}
[2026-03-31 22:57:50.242] [info]  Splash.onStateUpdate: {"status":"installing-updates","current":3,"total":6,"progress":82}
[2026-03-31 22:57:50.242] [info]  DiscordSplash.onStateUpdate: {"status":"installing-updates","current":3,"total":6,"progress":82}
[2026-03-31 22:57:50.242] [info]  Splash.onStateUpdate: {"status":"installing-updates","current":3,"total":6,"progress":82}
[2026-03-31 22:57:50.243] [info]  DiscordSplash.onStateUpdate: {"status":"installing-updates","current":3,"total":6,"progress":82}
[2026-03-31 22:57:50.243] [info]  Splash.onStateUpdate: {"status":"installing-updates","current":3,"total":6,"progress":82}
[2026-03-31 22:57:50.244] [info]  DiscordSplash.onStateUpdate: {"status":"installing-updates","current":3,"total":6,"progress":82}
[2026-03-31 22:57:50.244] [info]  Splash.onStateUpdate: {"status":"installing-updates","current":3,"total":6,"progress":82}
[2026-03-31 22:57:50.245] [info]  DiscordSplash.onStateUpdate: {"status":"installing-updates","current":3,"total":6,"progress":82}
[2026-03-31 22:57:50.245] [info]  Splash.onStateUpdate: {"status":"installing-updates","current":3,"total":6,"progress":82}
[2026-03-31 22:57:50.246] [info]  DiscordSplash.onStateUpdate: {"status":"installing-updates","current":3,"total":6,"progress":82}
[2026-03-31 22:57:50.246] [info]  Splash.onStateUpdate: {"status":"installing-updates","current":3,"total":6,"progress":82}
[2026-03-31 22:57:50.246] [info]  DiscordSplash.onStateUpdate: {"status":"installing-updates","current":3,"total":6,"progress":83}
[2026-03-31 22:57:50.246] [info]  Splash.onStateUpdate: {"status":"installing-updates","current":3,"total":6,"progress":83}
[2026-03-31 22:57:50.247] [info]  DiscordSplash.onStateUpdate: {"status":"installing-updates","current":3,"total":6,"progress":83}
[2026-03-31 22:57:50.247] [info]  Splash.onStateUpdate: {"status":"installing-updates","current":3,"total":6,"progress":83}
[2026-03-31 22:57:50.247] [info]  DiscordSplash.onStateUpdate: {"status":"installing-updates","current":3,"total":6,"progress":83}
[2026-03-31 22:57:50.248] [info]  Splash.onStateUpdate: {"status":"installing-updates","current":3,"total":6,"progress":83}
[2026-03-31 22:57:50.248] [info]  DiscordSplash.onStateUpdate: {"status":"installing-updates","current":3,"total":6,"progress":83}
[2026-03-31 22:57:50.248] [info]  Splash.onStateUpdate: {"status":"installing-updates","current":3,"total":6,"progress":83}
[2026-03-31 22:57:50.249] [info]  DiscordSplash.onStateUpdate: {"status":"installing-updates","current":3,"total":6,"progress":83}
[2026-03-31 22:57:50.249] [info]  Splash.onStateUpdate: {"status":"installing-updates","current":3,"total":6,"progress":83}
[2026-03-31 22:57:50.250] [info]  DiscordSplash.onStateUpdate: {"status":"installing-updates","current":3,"total":6,"progress":83}
[2026-03-31 22:57:50.250] [info]  Splash.onStateUpdate: {"status":"installing-updates","current":3,"total":6,"progress":83}
[2026-03-31 22:57:50.251] [info]  DiscordSplash.onStateUpdate: {"status":"installing-updates","current":3,"total":6,"progress":84}
[2026-03-31 22:57:50.251] [info]  Splash.onStateUpdate: {"status":"installing-updates","current":3,"total":6,"progress":84}
[2026-03-31 22:57:50.251] [info]  DiscordSplash.onStateUpdate: {"status":"installing-updates","current":3,"total":6,"progress":84}
[2026-03-31 22:57:50.251] [info]  Splash.onStateUpdate: {"status":"installing-updates","current":3,"total":6,"progress":84}
[2026-03-31 22:57:50.252] [info]  DiscordSplash.onStateUpdate: {"status":"installing-updates","current":3,"total":6,"progress":84}
[2026-03-31 22:57:50.252] [info]  Splash.onStateUpdate: {"status":"installing-updates","current":3,"total":6,"progress":84}
[2026-03-31 22:57:50.252] [info]  DiscordSplash.onStateUpdate: {"status":"installing-updates","current":3,"total":6,"progress":84}
[2026-03-31 22:57:50.252] [info]  Splash.onStateUpdate: {"status":"installing-updates","current":3,"total":6,"progress":84}
[2026-03-31 22:57:50.253] [info]  DiscordSplash.onStateUpdate: {"status":"installing-updates","current":3,"total":6,"progress":84}
[2026-03-31 22:57:50.253] [info]  Splash.onStateUpdate: {"status":"installing-updates","current":3,"total":6,"progress":84}
[2026-03-31 22:57:50.253] [info]  DiscordSplash.onStateUpdate: {"status":"installing-updates","current":3,"total":6,"progress":84}
[2026-03-31 22:57:50.254] [info]  Splash.onStateUpdate: {"status":"installing-updates","current":3,"total":6,"progress":84}
[2026-03-31 22:57:50.254] [info]  DiscordSplash.onStateUpdate: {"status":"installing-updates","current":3,"total":6,"progress":85}
[2026-03-31 22:57:50.254] [info]  Splash.onStateUpdate: {"status":"installing-updates","current":3,"total":6,"progress":85}
[2026-03-31 22:57:50.255] [info]  DiscordSplash.onStateUpdate: {"status":"installing-updates","current":3,"total":6,"progress":85}
[2026-03-31 22:57:50.255] [info]  Splash.onStateUpdate: {"status":"installing-updates","current":3,"total":6,"progress":85}
[2026-03-31 22:57:50.255] [info]  DiscordSplash.onStateUpdate: {"status":"installing-updates","current":3,"total":6,"progress":85}
[2026-03-31 22:57:50.255] [info]  Splash.onStateUpdate: {"status":"installing-updates","current":3,"total":6,"progress":85}
[2026-03-31 22:57:50.256] [info]  DiscordSplash.onStateUpdate: {"status":"installing-updates","current":3,"total":6,"progress":85}
[2026-03-31 22:57:50.256] [info]  Splash.onStateUpdate: {"status":"installing-updates","current":3,"total":6,"progress":85}
[2026-03-31 22:57:50.256] [info]  DiscordSplash.onStateUpdate: {"status":"installing-updates","current":3,"total":6,"progress":85}
[2026-03-31 22:57:50.256] [info]  Splash.onStateUpdate: {"status":"installing-updates","current":3,"total":6,"progress":85}
[2026-03-31 22:57:50.257] [info]  DiscordSplash.onStateUpdate: {"status":"installing-updates","current":3,"total":6,"progress":85}
[2026-03-31 22:57:50.257] [info]  Splash.onStateUpdate: {"status":"installing-updates","current":3,"total":6,"progress":85}
[2026-03-31 22:57:50.257] [info]  DiscordSplash.onStateUpdate: {"status":"installing-updates","current":3,"total":6,"progress":86}
[2026-03-31 22:57:50.257] [info]  Splash.onStateUpdate: {"status":"installing-updates","current":3,"total":6,"progress":86}
[2026-03-31 22:57:50.258] [info]  DiscordSplash.onStateUpdate: {"status":"installing-updates","current":3,"total":6,"progress":86}
[2026-03-31 22:57:50.258] [info]  Splash.onStateUpdate: {"status":"installing-updates","current":3,"total":6,"progress":86}
[2026-03-31 22:57:50.258] [info]  DiscordSplash.onStateUpdate: {"status":"installing-updates","current":3,"total":6,"progress":86}
[2026-03-31 22:57:50.259] [info]  Splash.onStateUpdate: {"status":"installing-updates","current":3,"total":6,"progress":86}
[2026-03-31 22:57:50.259] [info]  DiscordSplash.onStateUpdate: {"status":"installing-updates","current":3,"total":6,"progress":86}
[2026-03-31 22:57:50.259] [info]  Splash.onStateUpdate: {"status":"installing-updates","current":3,"total":6,"progress":86}
[2026-03-31 22:57:50.260] [info]  DiscordSplash.onStateUpdate: {"status":"installing-updates","current":3,"total":6,"progress":86}
[2026-03-31 22:57:50.260] [info]  Splash.onStateUpdate: {"status":"installing-updates","current":3,"total":6,"progress":86}
[2026-03-31 22:57:50.260] [info]  DiscordSplash.onStateUpdate: {"status":"installing-updates","current":3,"total":6,"progress":86}
[2026-03-31 22:57:50.260] [info]  Splash.onStateUpdate: {"status":"installing-updates","current":3,"total":6,"progress":86}
[2026-03-31 22:57:50.261] [info]  DiscordSplash.onStateUpdate: {"status":"installing-updates","current":3,"total":6,"progress":86}
[2026-03-31 22:57:50.261] [info]  Splash.onStateUpdate: {"status":"installing-updates","current":3,"total":6,"progress":86}
[2026-03-31 22:57:50.261] [info]  DiscordSplash.onStateUpdate: {"status":"installing-updates","current":3,"total":6,"progress":87}
[2026-03-31 22:57:50.261] [info]  Splash.onStateUpdate: {"status":"installing-updates","current":3,"total":6,"progress":87}
[2026-03-31 22:57:50.262] [info]  DiscordSplash.onStateUpdate: {"status":"installing-updates","current":3,"total":6,"progress":87}
[2026-03-31 22:57:50.262] [info]  Splash.onStateUpdate: {"status":"installing-updates","current":3,"total":6,"progress":87}
[2026-03-31 22:57:50.263] [info]  DiscordSplash.onStateUpdate: {"status":"installing-updates","current":3,"total":6,"progress":87}
[2026-03-31 22:57:50.263] [info]  Splash.onStateUpdate: {"status":"installing-updates","current":3,"total":6,"progress":87}
[2026-03-31 22:57:50.263] [info]  DiscordSplash.onStateUpdate: {"status":"installing-updates","current":3,"total":6,"progress":87}
[2026-03-31 22:57:50.263] [info]  Splash.onStateUpdate: {"status":"installing-updates","current":3,"total":6,"progress":87}
[2026-03-31 22:57:50.264] [info]  DiscordSplash.onStateUpdate: {"status":"installing-updates","current":3,"total":6,"progress":87}
[2026-03-31 22:57:50.264] [info]  Splash.onStateUpdate: {"status":"installing-updates","current":3,"total":6,"progress":87}
[2026-03-31 22:57:50.264] [info]  DiscordSplash.onStateUpdate: {"status":"installing-updates","current":3,"total":6,"progress":87}
[2026-03-31 22:57:50.264] [info]  Splash.onStateUpdate: {"status":"installing-updates","current":3,"total":6,"progress":87}
[2026-03-31 22:57:50.265] [info]  DiscordSplash.onStateUpdate: {"status":"installing-updates","current":3,"total":6,"progress":88}
[2026-03-31 22:57:50.265] [info]  Splash.onStateUpdate: {"status":"installing-updates","current":3,"total":6,"progress":88}
[2026-03-31 22:57:50.266] [info]  DiscordSplash.onStateUpdate: {"status":"installing-updates","current":3,"total":6,"progress":88}
[2026-03-31 22:57:50.266] [info]  Splash.onStateUpdate: {"status":"installing-updates","current":3,"total":6,"progress":88}
[2026-03-31 22:57:50.267] [info]  DiscordSplash.onStateUpdate: {"status":"installing-updates","current":3,"total":6,"progress":88}
[2026-03-31 22:57:50.267] [info]  Splash.onStateUpdate: {"status":"installing-updates","current":3,"total":6,"progress":88}
[2026-03-31 22:57:50.267] [info]  DiscordSplash.onStateUpdate: {"status":"installing-updates","current":3,"total":6,"progress":88}
[2026-03-31 22:57:50.267] [info]  Splash.onStateUpdate: {"status":"installing-updates","current":3,"total":6,"progress":88}
[2026-03-31 22:57:50.268] [info]  DiscordSplash.onStateUpdate: {"status":"installing-updates","current":3,"total":6,"progress":88}
[2026-03-31 22:57:50.268] [info]  Splash.onStateUpdate: {"status":"installing-updates","current":3,"total":6,"progress":88}
[2026-03-31 22:57:50.269] [info]  DiscordSplash.onStateUpdate: {"status":"installing-updates","current":3,"total":6,"progress":88}
[2026-03-31 22:57:50.269] [info]  Splash.onStateUpdate: {"status":"installing-updates","current":3,"total":6,"progress":88}
[2026-03-31 22:57:50.269] [info]  DiscordSplash.onStateUpdate: {"status":"installing-updates","current":3,"total":6,"progress":89}
[2026-03-31 22:57:50.269] [info]  Splash.onStateUpdate: {"status":"installing-updates","current":3,"total":6,"progress":89}
[2026-03-31 22:57:50.270] [info]  DiscordSplash.onStateUpdate: {"status":"installing-updates","current":3,"total":6,"progress":89}
[2026-03-31 22:57:50.270] [info]  Splash.onStateUpdate: {"status":"installing-updates","current":3,"total":6,"progress":89}
[2026-03-31 22:57:50.270] [info]  DiscordSplash.onStateUpdate: {"status":"installing-updates","current":3,"total":6,"progress":89}
[2026-03-31 22:57:50.270] [info]  Splash.onStateUpdate: {"status":"installing-updates","current":3,"total":6,"progress":89}
[2026-03-31 22:57:50.271] [info]  DiscordSplash.onStateUpdate: {"status":"installing-updates","current":3,"total":6,"progress":89}
[2026-03-31 22:57:50.271] [info]  Splash.onStateUpdate: {"status":"installing-updates","current":3,"total":6,"progress":89}
[2026-03-31 22:57:50.271] [info]  DiscordSplash.onStateUpdate: {"status":"installing-updates","current":3,"total":6,"progress":89}
[2026-03-31 22:57:50.271] [info]  Splash.onStateUpdate: {"status":"installing-updates","current":3,"total":6,"progress":89}
[2026-03-31 22:57:50.272] [info]  DiscordSplash.onStateUpdate: {"status":"installing-updates","current":3,"total":6,"progress":89}
[2026-03-31 22:57:50.272] [info]  Splash.onStateUpdate: {"status":"installing-updates","current":3,"total":6,"progress":89}
[2026-03-31 22:57:50.272] [info]  DiscordSplash.onStateUpdate: {"status":"installing-updates","current":3,"total":6,"progress":90}
[2026-03-31 22:57:50.272] [info]  Splash.onStateUpdate: {"status":"installing-updates","current":3,"total":6,"progress":90}
[2026-03-31 22:57:50.273] [info]  DiscordSplash.onStateUpdate: {"status":"installing-updates","current":3,"total":6,"progress":90}
[2026-03-31 22:57:50.273] [info]  Splash.onStateUpdate: {"status":"installing-updates","current":3,"total":6,"progress":90}
[2026-03-31 22:57:50.273] [info]  DiscordSplash.onStateUpdate: {"status":"installing-updates","current":3,"total":6,"progress":90}
[2026-03-31 22:57:50.273] [info]  Splash.onStateUpdate: {"status":"installing-updates","current":3,"total":6,"progress":90}
[2026-03-31 22:57:50.274] [info]  DiscordSplash.onStateUpdate: {"status":"installing-updates","current":3,"total":6,"progress":90}
[2026-03-31 22:57:50.274] [info]  Splash.onStateUpdate: {"status":"installing-updates","current":3,"total":6,"progress":90}
[2026-03-31 22:57:50.274] [info]  DiscordSplash.onStateUpdate: {"status":"installing-updates","current":3,"total":6,"progress":90}
[2026-03-31 22:57:50.275] [info]  Splash.onStateUpdate: {"status":"installing-updates","current":3,"total":6,"progress":90}
[2026-03-31 22:57:50.275] [info]  DiscordSplash.onStateUpdate: {"status":"installing-updates","current":3,"total":6,"progress":90}
[2026-03-31 22:57:50.275] [info]  Splash.onStateUpdate: {"status":"installing-updates","current":3,"total":6,"progress":90}
[2026-03-31 22:57:50.275] [info]  DiscordSplash.onStateUpdate: {"status":"installing-updates","current":3,"total":6,"progress":91}
[2026-03-31 22:57:50.276] [info]  Splash.onStateUpdate: {"status":"installing-updates","current":3,"total":6,"progress":91}
[2026-03-31 22:57:50.276] [info]  DiscordSplash.onStateUpdate: {"status":"installing-updates","current":3,"total":6,"progress":91}
[2026-03-31 22:57:50.276] [info]  Splash.onStateUpdate: {"status":"installing-updates","current":3,"total":6,"progress":91}
[2026-03-31 22:57:50.277] [info]  DiscordSplash.onStateUpdate: {"status":"installing-updates","current":3,"total":6,"progress":91}
[2026-03-31 22:57:50.277] [info]  Splash.onStateUpdate: {"status":"installing-updates","current":3,"total":6,"progress":91}
[2026-03-31 22:57:50.277] [info]  DiscordSplash.onStateUpdate: {"status":"installing-updates","current":3,"total":6,"progress":91}
[2026-03-31 22:57:50.277] [info]  Splash.onStateUpdate: {"status":"installing-updates","current":3,"total":6,"progress":91}
[2026-03-31 22:57:50.278] [info]  DiscordSplash.onStateUpdate: {"status":"installing-updates","current":3,"total":6,"progress":91}
[2026-03-31 22:57:50.278] [info]  Splash.onStateUpdate: {"status":"installing-updates","current":3,"total":6,"progress":91}
[2026-03-31 22:57:50.278] [info]  DiscordSplash.onStateUpdate: {"status":"installing-updates","current":3,"total":6,"progress":91}
[2026-03-31 22:57:50.278] [info]  Splash.onStateUpdate: {"status":"installing-updates","current":3,"total":6,"progress":91}
[2026-03-31 22:57:50.279] [info]  DiscordSplash.onStateUpdate: {"status":"installing-updates","current":3,"total":6,"progress":92}
[2026-03-31 22:57:50.279] [info]  Splash.onStateUpdate: {"status":"installing-updates","current":3,"total":6,"progress":92}
[2026-03-31 22:57:50.279] [info]  DiscordSplash.onStateUpdate: {"status":"installing-updates","current":3,"total":6,"progress":92}
[2026-03-31 22:57:50.279] [info]  Splash.onStateUpdate: {"status":"installing-updates","current":3,"total":6,"progress":92}
[2026-03-31 22:57:50.280] [info]  DiscordSplash.onStateUpdate: {"status":"installing-updates","current":3,"total":6,"progress":92}
[2026-03-31 22:57:50.280] [info]  Splash.onStateUpdate: {"status":"installing-updates","current":3,"total":6,"progress":92}
[2026-03-31 22:57:50.280] [info]  DiscordSplash.onStateUpdate: {"status":"installing-updates","current":3,"total":6,"progress":92}
[2026-03-31 22:57:50.281] [info]  Splash.onStateUpdate: {"status":"installing-updates","current":3,"total":6,"progress":92}
[2026-03-31 22:57:50.281] [info]  DiscordSplash.onStateUpdate: {"status":"installing-updates","current":3,"total":6,"progress":92}
[2026-03-31 22:57:50.281] [info]  Splash.onStateUpdate: {"status":"installing-updates","current":3,"total":6,"progress":92}
[2026-03-31 22:57:50.282] [info]  DiscordSplash.onStateUpdate: {"status":"installing-updates","current":3,"total":6,"progress":92}
[2026-03-31 22:57:50.282] [info]  Splash.onStateUpdate: {"status":"installing-updates","current":3,"total":6,"progress":92}
[2026-03-31 22:57:50.282] [info]  DiscordSplash.onStateUpdate: {"status":"installing-updates","current":3,"total":6,"progress":93}
[2026-03-31 22:57:50.282] [info]  Splash.onStateUpdate: {"status":"installing-updates","current":3,"total":6,"progress":93}
[2026-03-31 22:57:50.283] [info]  DiscordSplash.onStateUpdate: {"status":"installing-updates","current":3,"total":6,"progress":93}
[2026-03-31 22:57:50.283] [info]  Splash.onStateUpdate: {"status":"installing-updates","current":3,"total":6,"progress":93}
[2026-03-31 22:57:50.284] [info]  DiscordSplash.onStateUpdate: {"status":"installing-updates","current":3,"total":6,"progress":93}
[2026-03-31 22:57:50.284] [info]  Splash.onStateUpdate: {"status":"installing-updates","current":3,"total":6,"progress":93}
[2026-03-31 22:57:50.284] [info]  DiscordSplash.onStateUpdate: {"status":"installing-updates","current":3,"total":6,"progress":93}
[2026-03-31 22:57:50.284] [info]  Splash.onStateUpdate: {"status":"installing-updates","current":3,"total":6,"progress":93}
[2026-03-31 22:57:50.285] [info]  DiscordSplash.onStateUpdate: {"status":"installing-updates","current":3,"total":6,"progress":93}
[2026-03-31 22:57:50.285] [info]  Splash.onStateUpdate: {"status":"installing-updates","current":3,"total":6,"progress":93}
[2026-03-31 22:57:50.285] [info]  DiscordSplash.onStateUpdate: {"status":"installing-updates","current":3,"total":6,"progress":93}
[2026-03-31 22:57:50.285] [info]  Splash.onStateUpdate: {"status":"installing-updates","current":3,"total":6,"progress":93}
[2026-03-31 22:57:50.286] [info]  DiscordSplash.onStateUpdate: {"status":"installing-updates","current":3,"total":6,"progress":93}
[2026-03-31 22:57:50.286] [info]  Splash.onStateUpdate: {"status":"installing-updates","current":3,"total":6,"progress":93}
[2026-03-31 22:57:50.286] [info]  DiscordSplash.onStateUpdate: {"status":"installing-updates","current":3,"total":6,"progress":94}
[2026-03-31 22:57:50.286] [info]  Splash.onStateUpdate: {"status":"installing-updates","current":3,"total":6,"progress":94}
[2026-03-31 22:57:50.287] [info]  DiscordSplash.onStateUpdate: {"status":"installing-updates","current":3,"total":6,"progress":94}
[2026-03-31 22:57:50.287] [info]  Splash.onStateUpdate: {"status":"installing-updates","current":3,"total":6,"progress":94}
[2026-03-31 22:57:50.287] [info]  DiscordSplash.onStateUpdate: {"status":"installing-updates","current":3,"total":6,"progress":94}
[2026-03-31 22:57:50.288] [info]  Splash.onStateUpdate: {"status":"installing-updates","current":3,"total":6,"progress":94}
[2026-03-31 22:57:50.288] [info]  DiscordSplash.onStateUpdate: {"status":"installing-updates","current":3,"total":6,"progress":94}
[2026-03-31 22:57:50.288] [info]  Splash.onStateUpdate: {"status":"installing-updates","current":3,"total":6,"progress":94}
[2026-03-31 22:57:50.288] [info]  DiscordSplash.onStateUpdate: {"status":"installing-updates","current":3,"total":6,"progress":94}
[2026-03-31 22:57:50.289] [info]  Splash.onStateUpdate: {"status":"installing-updates","current":3,"total":6,"progress":94}
[2026-03-31 22:57:50.289] [info]  DiscordSplash.onStateUpdate: {"status":"installing-updates","current":3,"total":6,"progress":94}
[2026-03-31 22:57:50.289] [info]  Splash.onStateUpdate: {"status":"installing-updates","current":3,"total":6,"progress":94}
[2026-03-31 22:57:50.290] [info]  DiscordSplash.onStateUpdate: {"status":"installing-updates","current":3,"total":6,"progress":95}
[2026-03-31 22:57:50.290] [info]  Splash.onStateUpdate: {"status":"installing-updates","current":3,"total":6,"progress":95}
[2026-03-31 22:57:50.290] [info]  DiscordSplash.onStateUpdate: {"status":"installing-updates","current":3,"total":6,"progress":95}
[2026-03-31 22:57:50.290] [info]  Splash.onStateUpdate: {"status":"installing-updates","current":3,"total":6,"progress":95}
[2026-03-31 22:57:50.291] [info]  DiscordSplash.onStateUpdate: {"status":"installing-updates","current":3,"total":6,"progress":95}
[2026-03-31 22:57:50.291] [info]  Splash.onStateUpdate: {"status":"installing-updates","current":3,"total":6,"progress":95}
[2026-03-31 22:57:50.291] [info]  DiscordSplash.onStateUpdate: {"status":"installing-updates","current":3,"total":6,"progress":95}
[2026-03-31 22:57:50.291] [info]  Splash.onStateUpdate: {"status":"installing-updates","current":3,"total":6,"progress":95}
[2026-03-31 22:57:50.292] [info]  DiscordSplash.onStateUpdate: {"status":"installing-updates","current":3,"total":6,"progress":95}
[2026-03-31 22:57:50.292] [info]  Splash.onStateUpdate: {"status":"installing-updates","current":3,"total":6,"progress":95}
[2026-03-31 22:57:50.292] [info]  DiscordSplash.onStateUpdate: {"status":"installing-updates","current":3,"total":6,"progress":95}
[2026-03-31 22:57:50.292] [info]  Splash.onStateUpdate: {"status":"installing-updates","current":3,"total":6,"progress":95}
[2026-03-31 22:57:50.293] [info]  DiscordSplash.onStateUpdate: {"status":"installing-updates","current":3,"total":6,"progress":96}
[2026-03-31 22:57:50.293] [info]  Splash.onStateUpdate: {"status":"installing-updates","current":3,"total":6,"progress":96}
[2026-03-31 22:57:50.293] [info]  DiscordSplash.onStateUpdate: {"status":"installing-updates","current":3,"total":6,"progress":96}
[2026-03-31 22:57:50.294] [info]  Splash.onStateUpdate: {"status":"installing-updates","current":3,"total":6,"progress":96}
[2026-03-31 22:57:50.294] [info]  DiscordSplash.onStateUpdate: {"status":"installing-updates","current":3,"total":6,"progress":96}
[2026-03-31 22:57:50.294] [info]  Splash.onStateUpdate: {"status":"installing-updates","current":3,"total":6,"progress":96}
[2026-03-31 22:57:50.295] [info]  DiscordSplash.onStateUpdate: {"status":"installing-updates","current":3,"total":6,"progress":96}
[2026-03-31 22:57:50.295] [info]  Splash.onStateUpdate: {"status":"installing-updates","current":3,"total":6,"progress":96}
[2026-03-31 22:57:50.295] [info]  DiscordSplash.onStateUpdate: {"status":"installing-updates","current":3,"total":6,"progress":96}
[2026-03-31 22:57:50.295] [info]  Splash.onStateUpdate: {"status":"installing-updates","current":3,"total":6,"progress":96}
[2026-03-31 22:57:50.296] [info]  DiscordSplash.onStateUpdate: {"status":"installing-updates","current":3,"total":6,"progress":96}
[2026-03-31 22:57:50.296] [info]  Splash.onStateUpdate: {"status":"installing-updates","current":3,"total":6,"progress":96}
[2026-03-31 22:57:50.296] [info]  DiscordSplash.onStateUpdate: {"status":"installing-updates","current":3,"total":6,"progress":97}
[2026-03-31 22:57:50.296] [info]  Splash.onStateUpdate: {"status":"installing-updates","current":3,"total":6,"progress":97}
[2026-03-31 22:57:50.297] [info]  DiscordSplash.onStateUpdate: {"status":"installing-updates","current":3,"total":6,"progress":97}
[2026-03-31 22:57:50.297] [info]  Splash.onStateUpdate: {"status":"installing-updates","current":3,"total":6,"progress":97}
[2026-03-31 22:57:50.297] [info]  DiscordSplash.onStateUpdate: {"status":"installing-updates","current":3,"total":6,"progress":97}
[2026-03-31 22:57:50.297] [info]  Splash.onStateUpdate: {"status":"installing-updates","current":3,"total":6,"progress":97}
[2026-03-31 22:57:50.298] [info]  DiscordSplash.onStateUpdate: {"status":"installing-updates","current":3,"total":6,"progress":97}
[2026-03-31 22:57:50.298] [info]  Splash.onStateUpdate: {"status":"installing-updates","current":3,"total":6,"progress":97}
[2026-03-31 22:57:50.299] [info]  DiscordSplash.onStateUpdate: {"status":"installing-updates","current":3,"total":6,"progress":97}
[2026-03-31 22:57:50.299] [info]  Splash.onStateUpdate: {"status":"installing-updates","current":3,"total":6,"progress":97}
[2026-03-31 22:57:50.299] [info]  DiscordSplash.onStateUpdate: {"status":"installing-updates","current":3,"total":6,"progress":97}
[2026-03-31 22:57:50.300] [info]  Splash.onStateUpdate: {"status":"installing-updates","current":3,"total":6,"progress":97}
[2026-03-31 22:57:50.300] [info]  DiscordSplash.onStateUpdate: {"status":"installing-updates","current":3,"total":6,"progress":98}
[2026-03-31 22:57:50.300] [info]  Splash.onStateUpdate: {"status":"installing-updates","current":3,"total":6,"progress":98}
[2026-03-31 22:57:50.301] [info]  DiscordSplash.onStateUpdate: {"status":"installing-updates","current":3,"total":6,"progress":98}
[2026-03-31 22:57:50.302] [info]  Splash.onStateUpdate: {"status":"installing-updates","current":3,"total":6,"progress":98}
[2026-03-31 22:57:50.302] [info]  DiscordSplash.onStateUpdate: {"status":"installing-updates","current":3,"total":6,"progress":98}
[2026-03-31 22:57:50.302] [info]  Splash.onStateUpdate: {"status":"installing-updates","current":3,"total":6,"progress":98}
[2026-03-31 22:57:50.303] [info]  DiscordSplash.onStateUpdate: {"status":"installing-updates","current":3,"total":6,"progress":98}
[2026-03-31 22:57:50.303] [info]  Splash.onStateUpdate: {"status":"installing-updates","current":3,"total":6,"progress":98}
[2026-03-31 22:57:50.303] [info]  DiscordSplash.onStateUpdate: {"status":"installing-updates","current":3,"total":6,"progress":98}
[2026-03-31 22:57:50.303] [info]  Splash.onStateUpdate: {"status":"installing-updates","current":3,"total":6,"progress":98}
[2026-03-31 22:57:50.304] [info]  DiscordSplash.onStateUpdate: {"status":"installing-updates","current":3,"total":6,"progress":98}
[2026-03-31 22:57:50.304] [info]  Splash.onStateUpdate: {"status":"installing-updates","current":3,"total":6,"progress":98}
[2026-03-31 22:57:50.304] [info]  DiscordSplash.onStateUpdate: {"status":"installing-updates","current":3,"total":6,"progress":99}
[2026-03-31 22:57:50.304] [info]  Splash.onStateUpdate: {"status":"installing-updates","current":3,"total":6,"progress":99}
[2026-03-31 22:57:50.305] [info]  DiscordSplash.onStateUpdate: {"status":"installing-updates","current":3,"total":6,"progress":99}
[2026-03-31 22:57:50.305] [info]  Splash.onStateUpdate: {"status":"installing-updates","current":3,"total":6,"progress":99}
[2026-03-31 22:57:50.305] [info]  DiscordSplash.onStateUpdate: {"status":"installing-updates","current":3,"total":6,"progress":99}
[2026-03-31 22:57:50.305] [info]  Splash.onStateUpdate: {"status":"installing-updates","current":3,"total":6,"progress":99}
[2026-03-31 22:57:50.306] [info]  DiscordSplash.onStateUpdate: {"status":"installing-updates","current":3,"total":6,"progress":99}
[2026-03-31 22:57:50.306] [info]  Splash.onStateUpdate: {"status":"installing-updates","current":3,"total":6,"progress":99}
[2026-03-31 22:57:50.306] [info]  DiscordSplash.onStateUpdate: {"status":"installing-updates","current":3,"total":6,"progress":99}
[2026-03-31 22:57:50.306] [info]  Splash.onStateUpdate: {"status":"installing-updates","current":3,"total":6,"progress":99}
[2026-03-31 22:57:50.307] [info]  DiscordSplash.onStateUpdate: {"status":"installing-updates","current":3,"total":6,"progress":99}
[2026-03-31 22:57:50.307] [info]  Splash.onStateUpdate: {"status":"installing-updates","current":3,"total":6,"progress":99}
[2026-03-31 22:57:50.307] [info]  DiscordSplash.onStateUpdate: {"status":"installing-updates","current":3,"total":6,"progress":100}
[2026-03-31 22:57:50.307] [info]  Splash.onStateUpdate: {"status":"installing-updates","current":3,"total":6,"progress":100}
[2026-03-31 22:57:50.308] [info]  DiscordSplash.onStateUpdate: {"status":"installing-updates","current":4,"total":6}
[2026-03-31 22:57:50.308] [info]  Splash.onStateUpdate: {"status":"installing-updates","current":4,"total":6}
[2026-03-31 22:57:50.309] [info]  DiscordSplash.onStateUpdate: {"status":"installing-updates","current":4,"total":6,"progress":3}
[2026-03-31 22:57:50.309] [info]  Splash.onStateUpdate: {"status":"installing-updates","current":4,"total":6,"progress":3}
[2026-03-31 22:57:50.309] [info]  DiscordSplash.onStateUpdate: {"status":"installing-updates","current":4,"total":6,"progress":6}
[2026-03-31 22:57:50.309] [info]  Splash.onStateUpdate: {"status":"installing-updates","current":4,"total":6,"progress":6}
[2026-03-31 22:57:50.310] [info]  DiscordSplash.onStateUpdate: {"status":"installing-updates","current":4,"total":6,"progress":9}
[2026-03-31 22:57:50.310] [info]  Splash.onStateUpdate: {"status":"installing-updates","current":4,"total":6,"progress":9}
[2026-03-31 22:57:50.310] [info]  DiscordSplash.onStateUpdate: {"status":"installing-updates","current":4,"total":6,"progress":12}
[2026-03-31 22:57:50.310] [info]  Splash.onStateUpdate: {"status":"installing-updates","current":4,"total":6,"progress":12}
[2026-03-31 22:57:50.311] [info]  DiscordSplash.onStateUpdate: {"status":"installing-updates","current":4,"total":6,"progress":15}
[2026-03-31 22:57:50.311] [info]  Splash.onStateUpdate: {"status":"installing-updates","current":4,"total":6,"progress":15}
[2026-03-31 22:57:50.311] [info]  DiscordSplash.onStateUpdate: {"status":"installing-updates","current":4,"total":6,"progress":18}
[2026-03-31 22:57:50.312] [info]  Splash.onStateUpdate: {"status":"installing-updates","current":4,"total":6,"progress":18}
[2026-03-31 22:57:50.312] [info]  DiscordSplash.onStateUpdate: {"status":"installing-updates","current":4,"total":6,"progress":21}
[2026-03-31 22:57:50.312] [info]  Splash.onStateUpdate: {"status":"installing-updates","current":4,"total":6,"progress":21}
[2026-03-31 22:57:50.313] [info]  DiscordSplash.onStateUpdate: {"status":"installing-updates","current":4,"total":6,"progress":24}
[2026-03-31 22:57:50.313] [info]  Splash.onStateUpdate: {"status":"installing-updates","current":4,"total":6,"progress":24}
[2026-03-31 22:57:50.313] [info]  DiscordSplash.onStateUpdate: {"status":"installing-updates","current":4,"total":6,"progress":27}
[2026-03-31 22:57:50.313] [info]  Splash.onStateUpdate: {"status":"installing-updates","current":4,"total":6,"progress":27}
[2026-03-31 22:57:50.314] [info]  DiscordSplash.onStateUpdate: {"status":"installing-updates","current":4,"total":6,"progress":30}
[2026-03-31 22:57:50.314] [info]  Splash.onStateUpdate: {"status":"installing-updates","current":4,"total":6,"progress":30}
[2026-03-31 22:57:50.314] [info]  DiscordSplash.onStateUpdate: {"status":"installing-updates","current":4,"total":6,"progress":33}
[2026-03-31 22:57:50.314] [info]  Splash.onStateUpdate: {"status":"installing-updates","current":4,"total":6,"progress":33}
[2026-03-31 22:57:50.315] [info]  DiscordSplash.onStateUpdate: {"status":"installing-updates","current":4,"total":6,"progress":36}
[2026-03-31 22:57:50.315] [info]  Splash.onStateUpdate: {"status":"installing-updates","current":4,"total":6,"progress":36}
[2026-03-31 22:57:50.316] [info]  DiscordSplash.onStateUpdate: {"status":"installing-updates","current":4,"total":6,"progress":39}
[2026-03-31 22:57:50.316] [info]  Splash.onStateUpdate: {"status":"installing-updates","current":4,"total":6,"progress":39}
[2026-03-31 22:57:50.316] [info]  DiscordSplash.onStateUpdate: {"status":"installing-updates","current":4,"total":6,"progress":42}
[2026-03-31 22:57:50.317] [info]  Splash.onStateUpdate: {"status":"installing-updates","current":4,"total":6,"progress":42}
[2026-03-31 22:57:50.317] [info]  DiscordSplash.onStateUpdate: {"status":"installing-updates","current":4,"total":6,"progress":45}
[2026-03-31 22:57:50.317] [info]  Splash.onStateUpdate: {"status":"installing-updates","current":4,"total":6,"progress":45}
[2026-03-31 22:57:50.317] [info]  DiscordSplash.onStateUpdate: {"status":"installing-updates","current":4,"total":6,"progress":48}
[2026-03-31 22:57:50.318] [info]  Splash.onStateUpdate: {"status":"installing-updates","current":4,"total":6,"progress":48}
[2026-03-31 22:57:50.318] [info]  DiscordSplash.onStateUpdate: {"status":"installing-updates","current":4,"total":6,"progress":51}
[2026-03-31 22:57:50.318] [info]  Splash.onStateUpdate: {"status":"installing-updates","current":4,"total":6,"progress":51}
[2026-03-31 22:57:50.319] [info]  DiscordSplash.onStateUpdate: {"status":"installing-updates","current":4,"total":6,"progress":54}
[2026-03-31 22:57:50.319] [info]  Splash.onStateUpdate: {"status":"installing-updates","current":4,"total":6,"progress":54}
[2026-03-31 22:57:50.319] [info]  DiscordSplash.onStateUpdate: {"status":"installing-updates","current":4,"total":6,"progress":57}
[2026-03-31 22:57:50.319] [info]  Splash.onStateUpdate: {"status":"installing-updates","current":4,"total":6,"progress":57}
[2026-03-31 22:57:50.320] [info]  DiscordSplash.onStateUpdate: {"status":"installing-updates","current":4,"total":6,"progress":60}
[2026-03-31 22:57:50.320] [info]  Splash.onStateUpdate: {"status":"installing-updates","current":4,"total":6,"progress":60}
[2026-03-31 22:57:50.320] [info]  DiscordSplash.onStateUpdate: {"status":"installing-updates","current":4,"total":6,"progress":63}
[2026-03-31 22:57:50.320] [info]  Splash.onStateUpdate: {"status":"installing-updates","current":4,"total":6,"progress":63}
[2026-03-31 22:57:50.321] [info]  DiscordSplash.onStateUpdate: {"status":"installing-updates","current":4,"total":6,"progress":66}
[2026-03-31 22:57:50.321] [info]  Splash.onStateUpdate: {"status":"installing-updates","current":4,"total":6,"progress":66}
[2026-03-31 22:57:50.321] [info]  DiscordSplash.onStateUpdate: {"status":"installing-updates","current":4,"total":6,"progress":69}
[2026-03-31 22:57:50.321] [info]  Splash.onStateUpdate: {"status":"installing-updates","current":4,"total":6,"progress":69}
[2026-03-31 22:57:50.322] [info]  DiscordSplash.onStateUpdate: {"status":"installing-updates","current":4,"total":6,"progress":72}
[2026-03-31 22:57:50.322] [info]  Splash.onStateUpdate: {"status":"installing-updates","current":4,"total":6,"progress":72}
[2026-03-31 22:57:50.322] [info]  DiscordSplash.onStateUpdate: {"status":"installing-updates","current":4,"total":6,"progress":75}
[2026-03-31 22:57:50.322] [info]  Splash.onStateUpdate: {"status":"installing-updates","current":4,"total":6,"progress":75}
[2026-03-31 22:57:50.323] [info]  DiscordSplash.onStateUpdate: {"status":"installing-updates","current":4,"total":6,"progress":78}
[2026-03-31 22:57:50.323] [info]  Splash.onStateUpdate: {"status":"installing-updates","current":4,"total":6,"progress":78}
[2026-03-31 22:57:50.323] [info]  DiscordSplash.onStateUpdate: {"status":"installing-updates","current":4,"total":6,"progress":81}
[2026-03-31 22:57:50.323] [info]  Splash.onStateUpdate: {"status":"installing-updates","current":4,"total":6,"progress":81}
[2026-03-31 22:57:50.323] [info]  DiscordSplash.onStateUpdate: {"status":"installing-updates","current":4,"total":6,"progress":84}
[2026-03-31 22:57:50.324] [info]  Splash.onStateUpdate: {"status":"installing-updates","current":4,"total":6,"progress":84}
[2026-03-31 22:57:50.324] [info]  DiscordSplash.onStateUpdate: {"status":"installing-updates","current":4,"total":6,"progress":87}
[2026-03-31 22:57:50.324] [info]  Splash.onStateUpdate: {"status":"installing-updates","current":4,"total":6,"progress":87}
[2026-03-31 22:57:50.324] [info]  DiscordSplash.onStateUpdate: {"status":"installing-updates","current":4,"total":6,"progress":90}
[2026-03-31 22:57:50.324] [info]  Splash.onStateUpdate: {"status":"installing-updates","current":4,"total":6,"progress":90}
[2026-03-31 22:57:50.325] [info]  DiscordSplash.onStateUpdate: {"status":"installing-updates","current":4,"total":6,"progress":93}
[2026-03-31 22:57:50.325] [info]  Splash.onStateUpdate: {"status":"installing-updates","current":4,"total":6,"progress":93}
[2026-03-31 22:57:50.325] [info]  DiscordSplash.onStateUpdate: {"status":"installing-updates","current":4,"total":6,"progress":96}
[2026-03-31 22:57:50.325] [info]  Splash.onStateUpdate: {"status":"installing-updates","current":4,"total":6,"progress":96}
[2026-03-31 22:57:50.396] [info]  DiscordSplash.onStateUpdate: {"status":"installing-updates","current":4,"total":6,"progress":100}
[2026-03-31 22:57:50.396] [info]  Splash.onStateUpdate: {"status":"installing-updates","current":4,"total":6,"progress":100}
[2026-03-31 22:57:50.397] [info]  DiscordSplash.onStateUpdate: {"status":"installing-updates","current":5,"total":6}
[2026-03-31 22:57:50.397] [info]  Splash.onStateUpdate: {"status":"installing-updates","current":5,"total":6}
[2026-03-31 22:57:50.397] [info]  DiscordSplash.onStateUpdate: {"status":"installing-updates","current":5,"total":6,"progress":12}
[2026-03-31 22:57:50.397] [info]  Splash.onStateUpdate: {"status":"installing-updates","current":5,"total":6,"progress":12}
[2026-03-31 22:57:50.398] [info]  DiscordSplash.onStateUpdate: {"status":"installing-updates","current":5,"total":6,"progress":25}
[2026-03-31 22:57:50.398] [info]  Splash.onStateUpdate: {"status":"installing-updates","current":5,"total":6,"progress":25}
[2026-03-31 22:57:50.399] [info]  DiscordSplash.onStateUpdate: {"status":"installing-updates","current":5,"total":6,"progress":37}
[2026-03-31 22:57:50.399] [info]  Splash.onStateUpdate: {"status":"installing-updates","current":5,"total":6,"progress":37}
[2026-03-31 22:57:50.485] [info]  DiscordSplash.onStateUpdate: {"status":"installing-updates","current":5,"total":6,"progress":50}
[2026-03-31 22:57:50.485] [info]  Splash.onStateUpdate: {"status":"installing-updates","current":5,"total":6,"progress":50}
[2026-03-31 22:57:50.869] [info]  Splash.updateCountdownSeconds: undefined
[2026-03-31 22:57:50.920] [info]  DiscordSplash.onStateUpdate: {"status":"installing-updates","current":5,"total":6,"progress":62}
[2026-03-31 22:57:50.920] [info]  Splash.onStateUpdate: {"status":"installing-updates","current":5,"total":6,"progress":62}
[2026-03-31 22:57:50.924] [info]  DiscordSplash.onStateUpdate: {"status":"installing-updates","current":5,"total":6,"progress":75}
[2026-03-31 22:57:50.925] [info]  Splash.onStateUpdate: {"status":"installing-updates","current":5,"total":6,"progress":75}
[2026-03-31 22:57:50.930] [info]  DiscordSplash.onStateUpdate: {"status":"installing-updates","current":5,"total":6,"progress":87}
[2026-03-31 22:57:50.930] [info]  Splash.onStateUpdate: {"status":"installing-updates","current":5,"total":6,"progress":87}
[2026-03-31 22:57:50.931] [info]  DiscordSplash.onStateUpdate: {"status":"installing-updates","current":5,"total":6,"progress":100}
[2026-03-31 22:57:50.931] [info]  Splash.onStateUpdate: {"status":"installing-updates","current":5,"total":6,"progress":100}
[2026-03-31 22:57:50.933] [info]  DiscordSplash.onStateUpdate: {"status":"installing-updates","current":6,"total":6}
[2026-03-31 22:57:50.933] [info]  Splash.onStateUpdate: {"status":"installing-updates","current":6,"total":6}
[2026-03-31 22:57:50.934] [info]  DiscordSplash.onStateUpdate: {"status":"installing-updates","current":6,"total":6,"progress":25}
[2026-03-31 22:57:50.934] [info]  Splash.onStateUpdate: {"status":"installing-updates","current":6,"total":6,"progress":25}
[2026-03-31 22:57:50.934] [info]  DiscordSplash.onStateUpdate: {"status":"installing-updates","current":6,"total":6,"progress":50}
[2026-03-31 22:57:50.934] [info]  Splash.onStateUpdate: {"status":"installing-updates","current":6,"total":6,"progress":50}
[2026-03-31 22:57:50.935] [info]  DiscordSplash.onStateUpdate: {"status":"installing-updates","current":6,"total":6,"progress":75}
[2026-03-31 22:57:50.935] [info]  Splash.onStateUpdate: {"status":"installing-updates","current":6,"total":6,"progress":75}
[2026-03-31 22:57:50.939] [info]  DiscordSplash.onStateUpdate: {"status":"installing-updates","current":6,"total":6,"progress":100}
[2026-03-31 22:57:50.940] [info]  Splash.onStateUpdate: {"status":"installing-updates","current":6,"total":6,"progress":100}
[2026-03-31 22:57:50.941] [info]  DiscordSplash.onStateUpdate: {"status":"checking-for-updates","current":6,"total":6}
[2026-03-31 22:57:50.941] [info]  Splash.onStateUpdate: {"status":"checking-for-updates","current":6,"total":6}
[2026-03-31 22:57:51.325] [info]  DiscordSplash.onStateUpdate: {"status":"launching","current":6,"total":6}
[2026-03-31 22:57:51.325] [info]  Splash.onStateUpdate: {"status":"launching","current":6,"total":6}
[2026-03-31 22:57:51.869] [info]  Splash.updateCountdownSeconds: undefined
[2026-03-31 22:57:52.871] [info]  Splash.updateCountdownSeconds: undefined
[2026-03-31 22:57:52.880] [info]  [libdiscore] [experiment_manager] Loaded experiments from cache
[2026-03-31 22:57:53.177] [info]  Initializing voice engine with audio subsystem: standard
[2026-03-31 22:57:53.302] [info]  [default] [BUILD INFO] Release Channel: stable, Build Number: 519006, Version Hash: 817ed0c3d2ce0770b66515e9005c2a2b45eaeea8
[2026-03-31 22:57:53.516] [warn]  [CloudSyncUtils] CloudSync is not supported on this platform
[2026-03-31 22:57:53.528] [info]  [default] [NATIVE INFO] host 0.0.131, modules: discord_desktop_core: 1, discord_erlpack: 1, discord_spellcheck: 1, discord_utils: 1, discord_voice: 1, discord_zstd: 1, build: null
[2026-03-31 22:57:53.533] [info]  [libdiscore] The answer for life the universe and everything is: 42
[2026-03-31 22:57:53.560] [error] [Spellchecker] sh is not a valid locale.
[2026-03-31 22:57:53.600] [info]  [Spellchecker] Switching to en-US (available)
[2026-03-31 22:57:55.397] [info]  [MediaEngineStore] OpenH264 download status [object Object]
[2026-03-31 22:57:55.598] [info]  [MediaEngineStore] OpenH264 download status [object Object]
[2026-03-31 22:57:55.746] [info]  [MediaEngineStore] OpenH264 download status [object Object]
[2026-03-31 22:57:55.965] [info]  [MediaEngineStore] OpenH264 is ready [object Object]
[2026-03-31 22:57:55.967] [info]  OpenH264 cleanup: Deleted unused file "libopenh264-2.5.1-linux64.7.so.bz2"
[2026-03-31 22:57:55.968] [info]  OpenH264 cleanup: Deleted 1 unused files
[2026-03-31 22:57:55.968] [info]  [MediaEngineStore] OpenH264 cleanup [object Object]
[2026-03-31 22:57:57.946] [warn]  The resource https://discordapp.com/assets/189422196a4f8b53.woff2 was preloaded using link preload but not used within a few seconds from the window's load event. Please make sure it has an appropriate `as` value and it is preloaded intentionally.
[2026-03-31 22:57:57.946] [warn]  The resource https://discordapp.com/assets/dd24010f3cf7def7.woff2 was preloaded using link preload but not used within a few seconds from the window's load event. Please make sure it has an appropriate `as` value and it is preloaded intentionally.
[2026-03-31 22:57:57.946] [warn]  The resource https://discordapp.com/assets/7a6a566c2e88a35d.woff2 was preloaded using link preload but not used within a few seconds from the window's load event. Please make sure it has an appropriate `as` value and it is preloaded intentionally.
[2026-03-31 22:57:57.946] [warn]  The resource https://discordapp.com/assets/e52f0cba712e2fb4.woff2 was preloaded using link preload but not used within a few seconds from the window's load event. Please make sure it has an appropriate `as` value and it is preloaded intentionally.
[2026-03-31 22:57:57.946] [warn]  The resource https://discordapp.com/assets/ce3b8055f5114434.woff2 was preloaded using link preload but not used within a few seconds from the window's load event. Please make sure it has an appropriate `as` value and it is preloaded intentionally.
[2026-03-31 22:57:57.946] [warn]  The resource https://discordapp.com/assets/cb2006dbced0e246.woff2 was preloaded using link preload but not used within a few seconds from the window's load event. Please make sure it has an appropriate `as` value and it is preloaded intentionally.
[2026-03-31 22:57:58.996] [info]  [RPCServer:WSS] Starting on 6463
[2026-03-31 22:57:59.000] [info]  [RPCServer:IPC] Starting on /run/user/1000/discord-ipc-0
[2026-03-31 22:58:04.649] [info]  [useAuthWebsocket] [0ms] connecting to wss://remote-auth-gateway.discord.gg/?v=2
[2026-03-31 22:58:05.102] [info]  [useAuthWebsocket] [453ms] got hello, auth timeout=246084ms
[2026-03-31 22:58:05.156] [info]  [useAuthWebsocket] [507ms] connected, handshaking with fingerprint: rDb2eClntTYyJX5crCp5K0xgOwOIhrF22jXsyhU3toE
[2026-03-31 22:58:05.453] [info]  [useAuthWebsocket] [803ms] computed nonce proof
[2026-03-31 22:58:05.748] [info]  [useAuthWebsocket] [1097ms] handshake complete awaiting remote auth.
[2026-03-31 22:58:08.771] [warn]  The resource https://discordapp.com/assets/189422196a4f8b53.woff2 was preloaded using link preload but not used within a few seconds from the window's load event. Please make sure it has an appropriate `as` value and it is preloaded intentionally.
[2026-03-31 22:58:08.772] [warn]  The resource https://discordapp.com/assets/dd24010f3cf7def7.woff2 was preloaded using link preload but not used within a few seconds from the window's load event. Please make sure it has an appropriate `as` value and it is preloaded intentionally.
[2026-03-31 22:58:08.772] [warn]  The resource https://discordapp.com/assets/7a6a566c2e88a35d.woff2 was preloaded using link preload but not used within a few seconds from the window's load event. Please make sure it has an appropriate `as` value and it is preloaded intentionally.
[2026-03-31 22:58:08.773] [warn]  The resource https://discordapp.com/assets/e52f0cba712e2fb4.woff2 was preloaded using link preload but not used within a few seconds from the window's load event. Please make sure it has an appropriate `as` value and it is preloaded intentionally.
[2026-03-31 22:58:08.774] [warn]  The resource https://discordapp.com/assets/ce3b8055f5114434.woff2 was preloaded using link preload but not used within a few seconds from the window's load event. Please make sure it has an appropriate `as` value and it is preloaded intentionally.
[2026-03-31 22:58:08.774] [warn]  The resource https://discordapp.com/assets/cb2006dbced0e246.woff2 was preloaded using link preload but not used within a few seconds from the window's load event. Please make sure it has an appropriate `as` value and it is preloaded intentionally.
[2026-03-31 22:58:41.365] [info]  [useAuthWebsocket] [36715ms] remote auth handshake started, awaiting ticket/cancel.
[2026-03-31 22:58:44.491] [warn]  The resource https://discordapp.com/assets/189422196a4f8b53.woff2 was preloaded using link preload but not used within a few seconds from the window's load event. Please make sure it has an appropriate `as` value and it is preloaded intentionally.
[2026-03-31 22:58:44.491] [warn]  The resource https://discordapp.com/assets/dd24010f3cf7def7.woff2 was preloaded using link preload but not used within a few seconds from the window's load event. Please make sure it has an appropriate `as` value and it is preloaded intentionally.
[2026-03-31 22:58:44.492] [warn]  The resource https://discordapp.com/assets/7a6a566c2e88a35d.woff2 was preloaded using link preload but not used within a few seconds from the window's load event. Please make sure it has an appropriate `as` value and it is preloaded intentionally.
[2026-03-31 22:58:44.492] [warn]  The resource https://discordapp.com/assets/e52f0cba712e2fb4.woff2 was preloaded using link preload but not used within a few seconds from the window's load event. Please make sure it has an appropriate `as` value and it is preloaded intentionally.
[2026-03-31 22:58:44.493] [warn]  The resource https://discordapp.com/assets/ce3b8055f5114434.woff2 was preloaded using link preload but not used within a few seconds from the window's load event. Please make sure it has an appropriate `as` value and it is preloaded intentionally.
[2026-03-31 22:58:44.493] [warn]  The resource https://discordapp.com/assets/cb2006dbced0e246.woff2 was preloaded using link preload but not used within a few seconds from the window's load event. Please make sure it has an appropriate `as` value and it is preloaded intentionally.
[2026-03-31 22:58:44.852] [info]  [Flux] Dispatching LOGIN
[2026-03-31 22:58:44.863] [info]  [Flux] Dispatching LOGIN_SUCCESS
[2026-03-31 22:58:44.871] [info]  [Routing/Utils] transitionTo - Transitioning to /app
[2026-03-31 22:58:44.881] [info]  [GatewaySocket] [CONNECT] wss://gateway.discord.gg, encoding: etf, version: 9, compression: zstd-stream
[2026-03-31 22:58:44.882] [info]  [useAuthWebsocket] [40233ms] cleaning up
[2026-03-31 22:58:44.886] [error] [useAuthWebsocket] Could not complete Remote Auth login, trying to restart with a new Remote Auth session.
[2026-03-31 22:58:45.348] [info]  [GatewaySocket] [CONNECTED] wss://gateway.discord.gg/?encoding=etf&v=9&compress=zstd-stream in 468 ms
[2026-03-31 22:58:47.021] [info]  [GatewaySocket] [READY] took 2140ms, as 4906d60781673c81768febcbd741f834
[2026-03-31 22:58:47.037] [info]  [Flux] Dispatching CONNECTION_OPEN
[2026-03-31 22:58:47.045] [info]  [DatabaseManager] removing database (user: 891491713670066187, database: undefined)
[2026-03-31 22:58:47.070] [warn]  [NativeDispatchUtils] Tried getting Dispatch instance before instantiated
[2026-03-31 22:58:47.070] [info]  [Spotify] WS Connecting
[2026-03-31 22:58:47.070] [info]  [Spotify] Added account: 777k9eqztjxwkywl5ba3e0z75
[2026-03-31 22:58:47.362] [info]  [GatewaySocket] [READY_SUPPLEMENTAL] took 2482ms
[2026-03-31 22:58:47.601] [info]  [Spotify] WS Connected
[2026-03-31 22:58:47.745] [info]  [Spotify] Devices updated for 777k9eqztjxwkywl5ba3e0z75: 
[2026-03-31 22:58:47.794] [info]  [Spotify] Profile updated for 777k9eqztjxwkywl5ba3e0z75: isPremium = false
[2026-03-31 22:58:47.999] [warn]  The resource https://discordapp.com/assets/189422196a4f8b53.woff2 was preloaded using link preload but not used within a few seconds from the window's load event. Please make sure it has an appropriate `as` value and it is preloaded intentionally.
[2026-03-31 22:58:47.999] [warn]  The resource https://discordapp.com/assets/dd24010f3cf7def7.woff2 was preloaded using link preload but not used within a few seconds from the window's load event. Please make sure it has an appropriate `as` value and it is preloaded intentionally.
[2026-03-31 22:58:47.999] [warn]  The resource https://discordapp.com/assets/7a6a566c2e88a35d.woff2 was preloaded using link preload but not used within a few seconds from the window's load event. Please make sure it has an appropriate `as` value and it is preloaded intentionally.
[2026-03-31 22:58:47.999] [warn]  The resource https://discordapp.com/assets/e52f0cba712e2fb4.woff2 was preloaded using link preload but not used within a few seconds from the window's load event. Please make sure it has an appropriate `as` value and it is preloaded intentionally.
[2026-03-31 22:58:47.999] [warn]  The resource https://discordapp.com/assets/ce3b8055f5114434.woff2 was preloaded using link preload but not used within a few seconds from the window's load event. Please make sure it has an appropriate `as` value and it is preloaded intentionally.
[2026-03-31 22:58:48.000] [warn]  The resource https://discordapp.com/assets/cb2006dbced0e246.woff2 was preloaded using link preload but not used within a few seconds from the window's load event. Please make sure it has an appropriate `as` value and it is preloaded intentionally.
[2026-03-31 22:58:49.482] [info]  [OverlayKeybindExperimentManager] Experiments initializing...
[2026-03-31 22:58:49.506] [info]  [MessageActionCreators] Fetching messages for 1356550311124402186 between undefined and undefined. jump={"jumpType":"ANIMATED"}
[2026-03-31 22:58:49.508] [info]  [OverlayKeybindExperimentManager] Experiments initialized
[2026-03-31 22:58:49.821] [info]  [MessageActionCreators] Fetching messages for 899513140780343356 between undefined and undefined. jump={"jumpType":"ANIMATED"}
[2026-03-31 22:58:50.341] [info]  [Routing/Utils] transitionTo - Transitioning to /channels/890132499416612865/899513140780343356
[2026-03-31 22:58:50.530] [info]  [MessageActionCreators] Fetched 10 messages for 1356550311124402186 isBefore:false isAfter:false
[2026-03-31 22:58:50.533] [info]  [ChannelMessages] loadComplete: resetting state for channelId=1356550311124402186, sending.length=0
[2026-03-31 22:58:50.550] [info]  [discord_protos.discord_users.v1.PreloadedUserSettings] Updating userContent with delay 0
[2026-03-31 22:58:50.553] [info]  [discord_protos.discord_users.v1.PreloadedUserSettings] Scheduling save from markDirty
[2026-03-31 22:58:50.554] [info]  [MessageActionCreators] Fetched 10 messages for 899513140780343356 isBefore:false isAfter:false
[2026-03-31 22:58:50.555] [info]  [ChannelMessages] loadComplete: resetting state for channelId=899513140780343356, sending.length=0
[2026-03-31 22:58:50.806] [error] Uncaught (in promise) #<Object>
[2026-03-31 22:58:50.807] [info]  [discord_protos.discord_users.v1.PreloadedUserSettings] Persisting proto
[2026-03-31 22:58:51.499] [info]  [discord_protos.discord_users.v1.FrecencyUserSettings] Loading proto
[2026-03-31 22:58:52.755] [error] Could not find a View Model linked to Artboard BaseGlowRemapped.
[2026-03-31 22:58:52.757] [error] Could not find a View Model linked to Artboard BaseGlowRemapped.
[2026-03-31 22:58:57.362] [warn]  The resource https://discordapp.com/assets/189422196a4f8b53.woff2 was preloaded using link preload but not used within a few seconds from the window's load event. Please make sure it has an appropriate `as` value and it is preloaded intentionally.
[2026-03-31 22:58:57.363] [warn]  The resource https://discordapp.com/assets/dd24010f3cf7def7.woff2 was preloaded using link preload but not used within a few seconds from the window's load event. Please make sure it has an appropriate `as` value and it is preloaded intentionally.
[2026-03-31 22:58:57.363] [warn]  The resource https://discordapp.com/assets/7a6a566c2e88a35d.woff2 was preloaded using link preload but not used within a few seconds from the window's load event. Please make sure it has an appropriate `as` value and it is preloaded intentionally.
[2026-03-31 22:58:57.363] [warn]  The resource https://discordapp.com/assets/e52f0cba712e2fb4.woff2 was preloaded using link preload but not used within a few seconds from the window's load event. Please make sure it has an appropriate `as` value and it is preloaded intentionally.
[2026-03-31 22:58:57.364] [warn]  The resource https://discordapp.com/assets/ce3b8055f5114434.woff2 was preloaded using link preload but not used within a few seconds from the window's load event. Please make sure it has an appropriate `as` value and it is preloaded intentionally.
[2026-03-31 22:58:57.364] [warn]  The resource https://discordapp.com/assets/cb2006dbced0e246.woff2 was preloaded using link preload but not used within a few seconds from the window's load event. Please make sure it has an appropriate `as` value and it is preloaded intentionally.
[2026-03-31 22:58:57.813] [info]  [discord_protos.discord_users.v1.FrecencyUserSettings] Scheduling save from markDirty
[2026-03-31 22:58:57.816] [info]  [discord_protos.discord_users.v1.FrecencyUserSettings] Persisting proto
[2026-03-31 22:59:00.436] [info]  [libdiscore] [BlockedDomainsStore] Successfully fetched blocked domains
[2026-03-31 22:59:03.399] [warn]  The resource https://discordapp.com/assets/189422196a4f8b53.woff2 was preloaded using link preload but not used within a few seconds from the window's load event. Please make sure it has an appropriate `as` value and it is preloaded intentionally.
[2026-03-31 22:59:03.400] [warn]  The resource https://discordapp.com/assets/dd24010f3cf7def7.woff2 was preloaded using link preload but not used within a few seconds from the window's load event. Please make sure it has an appropriate `as` value and it is preloaded intentionally.
[2026-03-31 22:59:03.400] [warn]  The resource https://discordapp.com/assets/7a6a566c2e88a35d.woff2 was preloaded using link preload but not used within a few seconds from the window's load event. Please make sure it has an appropriate `as` value and it is preloaded intentionally.
[2026-03-31 22:59:03.401] [warn]  The resource https://discordapp.com/assets/e52f0cba712e2fb4.woff2 was preloaded using link preload but not used within a few seconds from the window's load event. Please make sure it has an appropriate `as` value and it is preloaded intentionally.
[2026-03-31 22:59:03.401] [warn]  The resource https://discordapp.com/assets/ce3b8055f5114434.woff2 was preloaded using link preload but not used within a few seconds from the window's load event. Please make sure it has an appropriate `as` value and it is preloaded intentionally.
[2026-03-31 22:59:03.401] [warn]  The resource https://discordapp.com/assets/cb2006dbced0e246.woff2 was preloaded using link preload but not used within a few seconds from the window's load event. Please make sure it has an appropriate `as` value and it is preloaded intentionally.
[2026-03-31 22:59:18.826] [warn]  The resource https://discordapp.com/assets/189422196a4f8b53.woff2 was preloaded using link preload but not used within a few seconds from the window's load event. Please make sure it has an appropriate `as` value and it is preloaded intentionally.
[2026-03-31 22:59:18.826] [warn]  The resource https://discordapp.com/assets/dd24010f3cf7def7.woff2 was preloaded using link preload but not used within a few seconds from the window's load event. Please make sure it has an appropriate `as` value and it is preloaded intentionally.
[2026-03-31 22:59:18.827] [warn]  The resource https://discordapp.com/assets/7a6a566c2e88a35d.woff2 was preloaded using link preload but not used within a few seconds from the window's load event. Please make sure it has an appropriate `as` value and it is preloaded intentionally.
[2026-03-31 22:59:18.827] [warn]  The resource https://discordapp.com/assets/e52f0cba712e2fb4.woff2 was preloaded using link preload but not used within a few seconds from the window's load event. Please make sure it has an appropriate `as` value and it is preloaded intentionally.
[2026-03-31 22:59:18.827] [warn]  The resource https://discordapp.com/assets/ce3b8055f5114434.woff2 was preloaded using link preload but not used within a few seconds from the window's load event. Please make sure it has an appropriate `as` value and it is preloaded intentionally.
[2026-03-31 22:59:18.827] [warn]  The resource https://discordapp.com/assets/cb2006dbced0e246.woff2 was preloaded using link preload but not used within a few seconds from the window's load event. Please make sure it has an appropriate `as` value and it is preloaded intentionally.
[2026-03-31 22:59:24.011] [warn]  The resource https://discordapp.com/assets/189422196a4f8b53.woff2 was preloaded using link preload but not used within a few seconds from the window's load event. Please make sure it has an appropriate `as` value and it is preloaded intentionally.
[2026-03-31 22:59:24.012] [warn]  The resource https://discordapp.com/assets/dd24010f3cf7def7.woff2 was preloaded using link preload but not used within a few seconds from the window's load event. Please make sure it has an appropriate `as` value and it is preloaded intentionally.
[2026-03-31 22:59:24.012] [warn]  The resource https://discordapp.com/assets/7a6a566c2e88a35d.woff2 was preloaded using link preload but not used within a few seconds from the window's load event. Please make sure it has an appropriate `as` value and it is preloaded intentionally.
[2026-03-31 22:59:24.013] [warn]  The resource https://discordapp.com/assets/e52f0cba712e2fb4.woff2 was preloaded using link preload but not used within a few seconds from the window's load event. Please make sure it has an appropriate `as` value and it is preloaded intentionally.
[2026-03-31 22:59:24.013] [warn]  The resource https://discordapp.com/assets/ce3b8055f5114434.woff2 was preloaded using link preload but not used within a few seconds from the window's load event. Please make sure it has an appropriate `as` value and it is preloaded intentionally.
[2026-03-31 22:59:24.013] [warn]  The resource https://discordapp.com/assets/cb2006dbced0e246.woff2 was preloaded using link preload but not used within a few seconds from the window's load event. Please make sure it has an appropriate `as` value and it is preloaded intentionally.
[2026-03-31 22:59:24.809] [info]  [WindowVisibilityVideoManager] Incoming video enabled changed, incomingVideoEnabled = false
[2026-03-31 22:59:36.814] [warn]  The resource https://discordapp.com/assets/189422196a4f8b53.woff2 was preloaded using link preload but not used within a few seconds from the window's load event. Please make sure it has an appropriate `as` value and it is preloaded intentionally.
[2026-03-31 22:59:36.815] [warn]  The resource https://discordapp.com/assets/dd24010f3cf7def7.woff2 was preloaded using link preload but not used within a few seconds from the window's load event. Please make sure it has an appropriate `as` value and it is preloaded intentionally.
[2026-03-31 22:59:36.815] [warn]  The resource https://discordapp.com/assets/7a6a566c2e88a35d.woff2 was preloaded using link preload but not used within a few seconds from the window's load event. Please make sure it has an appropriate `as` value and it is preloaded intentionally.
[2026-03-31 22:59:36.815] [warn]  The resource https://discordapp.com/assets/e52f0cba712e2fb4.woff2 was preloaded using link preload but not used within a few seconds from the window's load event. Please make sure it has an appropriate `as` value and it is preloaded intentionally.
[2026-03-31 22:59:36.815] [warn]  The resource https://discordapp.com/assets/ce3b8055f5114434.woff2 was preloaded using link preload but not used within a few seconds from the window's load event. Please make sure it has an appropriate `as` value and it is preloaded intentionally.
[2026-03-31 22:59:36.815] [warn]  The resource https://discordapp.com/assets/cb2006dbced0e246.woff2 was preloaded using link preload but not used within a few seconds from the window's load event. Please make sure it has an appropriate `as` value and it is preloaded intentionally.
[2026-03-31 22:59:46.822] [warn]  The resource https://discordapp.com/assets/189422196a4f8b53.woff2 was preloaded using link preload but not used within a few seconds from the window's load event. Please make sure it has an appropriate `as` value and it is preloaded intentionally.
[2026-03-31 22:59:46.823] [warn]  The resource https://discordapp.com/assets/dd24010f3cf7def7.woff2 was preloaded using link preload but not used within a few seconds from the window's load event. Please make sure it has an appropriate `as` value and it is preloaded intentionally.
[2026-03-31 22:59:46.824] [warn]  The resource https://discordapp.com/assets/7a6a566c2e88a35d.woff2 was preloaded using link preload but not used within a few seconds from the window's load event. Please make sure it has an appropriate `as` value and it is preloaded intentionally.
[2026-03-31 22:59:46.824] [warn]  The resource https://discordapp.com/assets/e52f0cba712e2fb4.woff2 was preloaded using link preload but not used within a few seconds from the window's load event. Please make sure it has an appropriate `as` value and it is preloaded intentionally.
[2026-03-31 22:59:46.825] [warn]  The resource https://discordapp.com/assets/ce3b8055f5114434.woff2 was preloaded using link preload but not used within a few seconds from the window's load event. Please make sure it has an appropriate `as` value and it is preloaded intentionally.
[2026-03-31 22:59:46.825] [warn]  The resource https://discordapp.com/assets/cb2006dbced0e246.woff2 was preloaded using link preload but not used within a few seconds from the window's load event. Please make sure it has an appropriate `as` value and it is preloaded intentionally.
[2026-03-31 23:00:22.826] [warn]  The resource https://discordapp.com/assets/189422196a4f8b53.woff2 was preloaded using link preload but not used within a few seconds from the window's load event. Please make sure it has an appropriate `as` value and it is preloaded intentionally.
[2026-03-31 23:00:22.827] [warn]  The resource https://discordapp.com/assets/dd24010f3cf7def7.woff2 was preloaded using link preload but not used within a few seconds from the window's load event. Please make sure it has an appropriate `as` value and it is preloaded intentionally.
[2026-03-31 23:00:22.827] [warn]  The resource https://discordapp.com/assets/7a6a566c2e88a35d.woff2 was preloaded using link preload but not used within a few seconds from the window's load event. Please make sure it has an appropriate `as` value and it is preloaded intentionally.
[2026-03-31 23:00:22.828] [warn]  The resource https://discordapp.com/assets/e52f0cba712e2fb4.woff2 was preloaded using link preload but not used within a few seconds from the window's load event. Please make sure it has an appropriate `as` value and it is preloaded intentionally.
[2026-03-31 23:00:22.828] [warn]  The resource https://discordapp.com/assets/ce3b8055f5114434.woff2 was preloaded using link preload but not used within a few seconds from the window's load event. Please make sure it has an appropriate `as` value and it is preloaded intentionally.
[2026-03-31 23:00:22.829] [warn]  The resource https://discordapp.com/assets/cb2006dbced0e246.woff2 was preloaded using link preload but not used within a few seconds from the window's load event. Please make sure it has an appropriate `as` value and it is preloaded intentionally.
[2026-03-31 23:03:45.816] [warn]  The resource https://discordapp.com/assets/189422196a4f8b53.woff2 was preloaded using link preload but not used within a few seconds from the window's load event. Please make sure it has an appropriate `as` value and it is preloaded intentionally.
[2026-03-31 23:03:45.817] [warn]  The resource https://discordapp.com/assets/dd24010f3cf7def7.woff2 was preloaded using link preload but not used within a few seconds from the window's load event. Please make sure it has an appropriate `as` value and it is preloaded intentionally.
[2026-03-31 23:03:45.818] [warn]  The resource https://discordapp.com/assets/7a6a566c2e88a35d.woff2 was preloaded using link preload but not used within a few seconds from the window's load event. Please make sure it has an appropriate `as` value and it is preloaded intentionally.
[2026-03-31 23:03:45.818] [warn]  The resource https://discordapp.com/assets/e52f0cba712e2fb4.woff2 was preloaded using link preload but not used within a few seconds from the window's load event. Please make sure it has an appropriate `as` value and it is preloaded intentionally.
[2026-03-31 23:03:45.819] [warn]  The resource https://discordapp.com/assets/ce3b8055f5114434.woff2 was preloaded using link preload but not used within a few seconds from the window's load event. Please make sure it has an appropriate `as` value and it is preloaded intentionally.
[2026-03-31 23:03:45.819] [warn]  The resource https://discordapp.com/assets/cb2006dbced0e246.woff2 was preloaded using link preload but not used within a few seconds from the window's load event. Please make sure it has an appropriate `as` value and it is preloaded intentionally.
[2026-03-31 23:03:55.149] [warn]  The resource https://discordapp.com/assets/189422196a4f8b53.woff2 was preloaded using link preload but not used within a few seconds from the window's load event. Please make sure it has an appropriate `as` value and it is preloaded intentionally.
[2026-03-31 23:03:55.150] [warn]  The resource https://discordapp.com/assets/dd24010f3cf7def7.woff2 was preloaded using link preload but not used within a few seconds from the window's load event. Please make sure it has an appropriate `as` value and it is preloaded intentionally.
[2026-03-31 23:03:55.151] [warn]  The resource https://discordapp.com/assets/7a6a566c2e88a35d.woff2 was preloaded using link preload but not used within a few seconds from the window's load event. Please make sure it has an appropriate `as` value and it is preloaded intentionally.
[2026-03-31 23:03:55.151] [warn]  The resource https://discordapp.com/assets/e52f0cba712e2fb4.woff2 was preloaded using link preload but not used within a few seconds from the window's load event. Please make sure it has an appropriate `as` value and it is preloaded intentionally.
[2026-03-31 23:03:55.152] [warn]  The resource https://discordapp.com/assets/ce3b8055f5114434.woff2 was preloaded using link preload but not used within a few seconds from the window's load event. Please make sure it has an appropriate `as` value and it is preloaded intentionally.
[2026-03-31 23:03:55.152] [warn]  The resource https://discordapp.com/assets/cb2006dbced0e246.woff2 was preloaded using link preload but not used within a few seconds from the window's load event. Please make sure it has an appropriate `as` value and it is preloaded intentionally.
[2026-03-31 23:08:55.127] [warn]  The resource https://discordapp.com/assets/189422196a4f8b53.woff2 was preloaded using link preload but not used within a few seconds from the window's load event. Please make sure it has an appropriate `as` value and it is preloaded intentionally.
[2026-03-31 23:08:55.128] [warn]  The resource https://discordapp.com/assets/dd24010f3cf7def7.woff2 was preloaded using link preload but not used within a few seconds from the window's load event. Please make sure it has an appropriate `as` value and it is preloaded intentionally.
[2026-03-31 23:08:55.129] [warn]  The resource https://discordapp.com/assets/7a6a566c2e88a35d.woff2 was preloaded using link preload but not used within a few seconds from the window's load event. Please make sure it has an appropriate `as` value and it is preloaded intentionally.
[2026-03-31 23:08:55.129] [warn]  The resource https://discordapp.com/assets/e52f0cba712e2fb4.woff2 was preloaded using link preload but not used within a few seconds from the window's load event. Please make sure it has an appropriate `as` value and it is preloaded intentionally.
[2026-03-31 23:08:55.130] [warn]  The resource https://discordapp.com/assets/ce3b8055f5114434.woff2 was preloaded using link preload but not used within a few seconds from the window's load event. Please make sure it has an appropriate `as` value and it is preloaded intentionally.
[2026-03-31 23:08:55.130] [warn]  The resource https://discordapp.com/assets/cb2006dbced0e246.woff2 was preloaded using link preload but not used within a few seconds from the window's load event. Please make sure it has an appropriate `as` value and it is preloaded intentionally.
[2026-03-31 23:12:59.126] [warn]  The resource https://discordapp.com/assets/189422196a4f8b53.woff2 was preloaded using link preload but not used within a few seconds from the window's load event. Please make sure it has an appropriate `as` value and it is preloaded intentionally.
[2026-03-31 23:12:59.126] [warn]  The resource https://discordapp.com/assets/dd24010f3cf7def7.woff2 was preloaded using link preload but not used within a few seconds from the window's load event. Please make sure it has an appropriate `as` value and it is preloaded intentionally.
[2026-03-31 23:12:59.127] [warn]  The resource https://discordapp.com/assets/7a6a566c2e88a35d.woff2 was preloaded using link preload but not used within a few seconds from the window's load event. Please make sure it has an appropriate `as` value and it is preloaded intentionally.
[2026-03-31 23:12:59.127] [warn]  The resource https://discordapp.com/assets/e52f0cba712e2fb4.woff2 was preloaded using link preload but not used within a few seconds from the window's load event. Please make sure it has an appropriate `as` value and it is preloaded intentionally.
[2026-03-31 23:12:59.128] [warn]  The resource https://discordapp.com/assets/ce3b8055f5114434.woff2 was preloaded using link preload but not used within a few seconds from the window's load event. Please make sure it has an appropriate `as` value and it is preloaded intentionally.
[2026-03-31 23:12:59.128] [warn]  The resource https://discordapp.com/assets/cb2006dbced0e246.woff2 was preloaded using link preload but not used within a few seconds from the window's load event. Please make sure it has an appropriate `as` value and it is preloaded intentionally.
[2026-03-31 23:13:31.819] [warn]  The resource https://discordapp.com/assets/189422196a4f8b53.woff2 was preloaded using link preload but not used within a few seconds from the window's load event. Please make sure it has an appropriate `as` value and it is preloaded intentionally.
[2026-03-31 23:13:31.820] [warn]  The resource https://discordapp.com/assets/dd24010f3cf7def7.woff2 was preloaded using link preload but not used within a few seconds from the window's load event. Please make sure it has an appropriate `as` value and it is preloaded intentionally.
[2026-03-31 23:13:31.820] [warn]  The resource https://discordapp.com/assets/7a6a566c2e88a35d.woff2 was preloaded using link preload but not used within a few seconds from the window's load event. Please make sure it has an appropriate `as` value and it is preloaded intentionally.
[2026-03-31 23:13:31.821] [warn]  The resource https://discordapp.com/assets/e52f0cba712e2fb4.woff2 was preloaded using link preload but not used within a few seconds from the window's load event. Please make sure it has an appropriate `as` value and it is preloaded intentionally.
[2026-03-31 23:13:31.821] [warn]  The resource https://discordapp.com/assets/ce3b8055f5114434.woff2 was preloaded using link preload but not used within a few seconds from the window's load event. Please make sure it has an appropriate `as` value and it is preloaded intentionally.
[2026-03-31 23:13:31.822] [warn]  The resource https://discordapp.com/assets/cb2006dbced0e246.woff2 was preloaded using link preload but not used within a few seconds from the window's load event. Please make sure it has an appropriate `as` value and it is preloaded intentionally.
[2026-03-31 23:13:55.147] [warn]  The resource https://discordapp.com/assets/189422196a4f8b53.woff2 was preloaded using link preload but not used within a few seconds from the window's load event. Please make sure it has an appropriate `as` value and it is preloaded intentionally.
[2026-03-31 23:13:55.147] [warn]  The resource https://discordapp.com/assets/dd24010f3cf7def7.woff2 was preloaded using link preload but not used within a few seconds from the window's load event. Please make sure it has an appropriate `as` value and it is preloaded intentionally.
[2026-03-31 23:13:55.148] [warn]  The resource https://discordapp.com/assets/7a6a566c2e88a35d.woff2 was preloaded using link preload but not used within a few seconds from the window's load event. Please make sure it has an appropriate `as` value and it is preloaded intentionally.
[2026-03-31 23:13:55.148] [warn]  The resource https://discordapp.com/assets/e52f0cba712e2fb4.woff2 was preloaded using link preload but not used within a few seconds from the window's load event. Please make sure it has an appropriate `as` value and it is preloaded intentionally.
[2026-03-31 23:13:55.149] [warn]  The resource https://discordapp.com/assets/ce3b8055f5114434.woff2 was preloaded using link preload but not used within a few seconds from the window's load event. Please make sure it has an appropriate `as` value and it is preloaded intentionally.
[2026-03-31 23:13:55.149] [warn]  The resource https://discordapp.com/assets/cb2006dbced0e246.woff2 was preloaded using link preload but not used within a few seconds from the window's load event. Please make sure it has an appropriate `as` value and it is preloaded intentionally.
[2026-03-31 23:18:55.160] [warn]  The resource https://discordapp.com/assets/189422196a4f8b53.woff2 was preloaded using link preload but not used within a few seconds from the window's load event. Please make sure it has an appropriate `as` value and it is preloaded intentionally.
[2026-03-31 23:18:55.161] [warn]  The resource https://discordapp.com/assets/dd24010f3cf7def7.woff2 was preloaded using link preload but not used within a few seconds from the window's load event. Please make sure it has an appropriate `as` value and it is preloaded intentionally.
[2026-03-31 23:18:55.162] [warn]  The resource https://discordapp.com/assets/7a6a566c2e88a35d.woff2 was preloaded using link preload but not used within a few seconds from the window's load event. Please make sure it has an appropriate `as` value and it is preloaded intentionally.
[2026-03-31 23:18:55.162] [warn]  The resource https://discordapp.com/assets/e52f0cba712e2fb4.woff2 was preloaded using link preload but not used within a few seconds from the window's load event. Please make sure it has an appropriate `as` value and it is preloaded intentionally.
[2026-03-31 23:18:55.163] [warn]  The resource https://discordapp.com/assets/ce3b8055f5114434.woff2 was preloaded using link preload but not used within a few seconds from the window's load event. Please make sure it has an appropriate `as` value and it is preloaded intentionally.
[2026-03-31 23:18:55.163] [warn]  The resource https://discordapp.com/assets/cb2006dbced0e246.woff2 was preloaded using link preload but not used within a few seconds from the window's load event. Please make sure it has an appropriate `as` value and it is preloaded intentionally.
[2026-03-31 23:23:55.151] [warn]  The resource https://discordapp.com/assets/189422196a4f8b53.woff2 was preloaded using link preload but not used within a few seconds from the window's load event. Please make sure it has an appropriate `as` value and it is preloaded intentionally.
[2026-03-31 23:23:55.152] [warn]  The resource https://discordapp.com/assets/dd24010f3cf7def7.woff2 was preloaded using link preload but not used within a few seconds from the window's load event. Please make sure it has an appropriate `as` value and it is preloaded intentionally.
[2026-03-31 23:23:55.153] [warn]  The resource https://discordapp.com/assets/7a6a566c2e88a35d.woff2 was preloaded using link preload but not used within a few seconds from the window's load event. Please make sure it has an appropriate `as` value and it is preloaded intentionally.
[2026-03-31 23:23:55.153] [warn]  The resource https://discordapp.com/assets/e52f0cba712e2fb4.woff2 was preloaded using link preload but not used within a few seconds from the window's load event. Please make sure it has an appropriate `as` value and it is preloaded intentionally.
[2026-03-31 23:23:55.153] [warn]  The resource https://discordapp.com/assets/ce3b8055f5114434.woff2 was preloaded using link preload but not used within a few seconds from the window's load event. Please make sure it has an appropriate `as` value and it is preloaded intentionally.
[2026-03-31 23:23:55.154] [warn]  The resource https://discordapp.com/assets/cb2006dbced0e246.woff2 was preloaded using link preload but not used within a few seconds from the window's load event. Please make sure it has an appropriate `as` value and it is preloaded intentionally.
[2026-03-31 23:27:07.819] [warn]  The resource https://discordapp.com/assets/189422196a4f8b53.woff2 was preloaded using link preload but not used within a few seconds from the window's load event. Please make sure it has an appropriate `as` value and it is preloaded intentionally.
[2026-03-31 23:27:07.820] [warn]  The resource https://discordapp.com/assets/dd24010f3cf7def7.woff2 was preloaded using link preload but not used within a few seconds from the window's load event. Please make sure it has an appropriate `as` value and it is preloaded intentionally.
[2026-03-31 23:27:07.820] [warn]  The resource https://discordapp.com/assets/7a6a566c2e88a35d.woff2 was preloaded using link preload but not used within a few seconds from the window's load event. Please make sure it has an appropriate `as` value and it is preloaded intentionally.
[2026-03-31 23:27:07.821] [warn]  The resource https://discordapp.com/assets/e52f0cba712e2fb4.woff2 was preloaded using link preload but not used within a few seconds from the window's load event. Please make sure it has an appropriate `as` value and it is preloaded intentionally.
[2026-03-31 23:27:07.821] [warn]  The resource https://discordapp.com/assets/ce3b8055f5114434.woff2 was preloaded using link preload but not used within a few seconds from the window's load event. Please make sure it has an appropriate `as` value and it is preloaded intentionally.
[2026-03-31 23:27:07.821] [warn]  The resource https://discordapp.com/assets/cb2006dbced0e246.woff2 was preloaded using link preload but not used within a few seconds from the window's load event. Please make sure it has an appropriate `as` value and it is preloaded intentionally.
[2026-03-31 23:28:00.157] [warn]  The resource https://discordapp.com/assets/189422196a4f8b53.woff2 was preloaded using link preload but not used within a few seconds from the window's load event. Please make sure it has an appropriate `as` value and it is preloaded intentionally.
[2026-03-31 23:28:00.157] [warn]  The resource https://discordapp.com/assets/dd24010f3cf7def7.woff2 was preloaded using link preload but not used within a few seconds from the window's load event. Please make sure it has an appropriate `as` value and it is preloaded intentionally.
[2026-03-31 23:28:00.158] [warn]  The resource https://discordapp.com/assets/7a6a566c2e88a35d.woff2 was preloaded using link preload but not used within a few seconds from the window's load event. Please make sure it has an appropriate `as` value and it is preloaded intentionally.
[2026-03-31 23:28:00.158] [warn]  The resource https://discordapp.com/assets/e52f0cba712e2fb4.woff2 was preloaded using link preload but not used within a few seconds from the window's load event. Please make sure it has an appropriate `as` value and it is preloaded intentionally.
[2026-03-31 23:28:00.159] [warn]  The resource https://discordapp.com/assets/ce3b8055f5114434.woff2 was preloaded using link preload but not used within a few seconds from the window's load event. Please make sure it has an appropriate `as` value and it is preloaded intentionally.
[2026-03-31 23:28:00.159] [warn]  The resource https://discordapp.com/assets/cb2006dbced0e246.woff2 was preloaded using link preload but not used within a few seconds from the window's load event. Please make sure it has an appropriate `as` value and it is preloaded intentionally.
[2026-03-31 23:28:55.161] [warn]  The resource https://discordapp.com/assets/189422196a4f8b53.woff2 was preloaded using link preload but not used within a few seconds from the window's load event. Please make sure it has an appropriate `as` value and it is preloaded intentionally.
[2026-03-31 23:28:55.161] [warn]  The resource https://discordapp.com/assets/dd24010f3cf7def7.woff2 was preloaded using link preload but not used within a few seconds from the window's load event. Please make sure it has an appropriate `as` value and it is preloaded intentionally.
[2026-03-31 23:28:55.162] [warn]  The resource https://discordapp.com/assets/7a6a566c2e88a35d.woff2 was preloaded using link preload but not used within a few seconds from the window's load event. Please make sure it has an appropriate `as` value and it is preloaded intentionally.
[2026-03-31 23:28:55.163] [warn]  The resource https://discordapp.com/assets/e52f0cba712e2fb4.woff2 was preloaded using link preload but not used within a few seconds from the window's load event. Please make sure it has an appropriate `as` value and it is preloaded intentionally.
[2026-03-31 23:28:55.163] [warn]  The resource https://discordapp.com/assets/ce3b8055f5114434.woff2 was preloaded using link preload but not used within a few seconds from the window's load event. Please make sure it has an appropriate `as` value and it is preloaded intentionally.
[2026-03-31 23:28:55.163] [warn]  The resource https://discordapp.com/assets/cb2006dbced0e246.woff2 was preloaded using link preload but not used within a few seconds from the window's load event. Please make sure it has an appropriate `as` value and it is preloaded intentionally.
[2026-03-31 23:33:55.180] [warn]  The resource https://discordapp.com/assets/189422196a4f8b53.woff2 was preloaded using link preload but not used within a few seconds from the window's load event. Please make sure it has an appropriate `as` value and it is preloaded intentionally.
[2026-03-31 23:33:55.181] [warn]  The resource https://discordapp.com/assets/dd24010f3cf7def7.woff2 was preloaded using link preload but not used within a few seconds from the window's load event. Please make sure it has an appropriate `as` value and it is preloaded intentionally.
[2026-03-31 23:33:55.182] [warn]  The resource https://discordapp.com/assets/7a6a566c2e88a35d.woff2 was preloaded using link preload but not used within a few seconds from the window's load event. Please make sure it has an appropriate `as` value and it is preloaded intentionally.
[2026-03-31 23:33:55.182] [warn]  The resource https://discordapp.com/assets/e52f0cba712e2fb4.woff2 was preloaded using link preload but not used within a few seconds from the window's load event. Please make sure it has an appropriate `as` value and it is preloaded intentionally.
[2026-03-31 23:33:55.183] [warn]  The resource https://discordapp.com/assets/ce3b8055f5114434.woff2 was preloaded using link preload but not used within a few seconds from the window's load event. Please make sure it has an appropriate `as` value and it is preloaded intentionally.
[2026-03-31 23:33:55.183] [warn]  The resource https://discordapp.com/assets/cb2006dbced0e246.woff2 was preloaded using link preload but not used within a few seconds from the window's load event. Please make sure it has an appropriate `as` value and it is preloaded intentionally.
[2026-03-31 23:38:55.146] [warn]  The resource https://discordapp.com/assets/189422196a4f8b53.woff2 was preloaded using link preload but not used within a few seconds from the window's load event. Please make sure it has an appropriate `as` value and it is preloaded intentionally.
[2026-03-31 23:38:55.147] [warn]  The resource https://discordapp.com/assets/dd24010f3cf7def7.woff2 was preloaded using link preload but not used within a few seconds from the window's load event. Please make sure it has an appropriate `as` value and it is preloaded intentionally.
[2026-03-31 23:38:55.147] [warn]  The resource https://discordapp.com/assets/7a6a566c2e88a35d.woff2 was preloaded using link preload but not used within a few seconds from the window's load event. Please make sure it has an appropriate `as` value and it is preloaded intentionally.
[2026-03-31 23:38:55.148] [warn]  The resource https://discordapp.com/assets/e52f0cba712e2fb4.woff2 was preloaded using link preload but not used within a few seconds from the window's load event. Please make sure it has an appropriate `as` value and it is preloaded intentionally.
[2026-03-31 23:38:55.148] [warn]  The resource https://discordapp.com/assets/ce3b8055f5114434.woff2 was preloaded using link preload but not used within a few seconds from the window's load event. Please make sure it has an appropriate `as` value and it is preloaded intentionally.
[2026-03-31 23:38:55.148] [warn]  The resource https://discordapp.com/assets/cb2006dbced0e246.woff2 was preloaded using link preload but not used within a few seconds from the window's load event. Please make sure it has an appropriate `as` value and it is preloaded intentionally.
[2026-03-31 23:43:01.133] [warn]  The resource https://discordapp.com/assets/189422196a4f8b53.woff2 was preloaded using link preload but not used within a few seconds from the window's load event. Please make sure it has an appropriate `as` value and it is preloaded intentionally.
[2026-03-31 23:43:01.134] [warn]  The resource https://discordapp.com/assets/dd24010f3cf7def7.woff2 was preloaded using link preload but not used within a few seconds from the window's load event. Please make sure it has an appropriate `as` value and it is preloaded intentionally.
[2026-03-31 23:43:01.135] [warn]  The resource https://discordapp.com/assets/7a6a566c2e88a35d.woff2 was preloaded using link preload but not used within a few seconds from the window's load event. Please make sure it has an appropriate `as` value and it is preloaded intentionally.
[2026-03-31 23:43:01.135] [warn]  The resource https://discordapp.com/assets/e52f0cba712e2fb4.woff2 was preloaded using link preload but not used within a few seconds from the window's load event. Please make sure it has an appropriate `as` value and it is preloaded intentionally.
[2026-03-31 23:43:01.136] [warn]  The resource https://discordapp.com/assets/ce3b8055f5114434.woff2 was preloaded using link preload but not used within a few seconds from the window's load event. Please make sure it has an appropriate `as` value and it is preloaded intentionally.
[2026-03-31 23:43:01.136] [warn]  The resource https://discordapp.com/assets/cb2006dbced0e246.woff2 was preloaded using link preload but not used within a few seconds from the window's load event. Please make sure it has an appropriate `as` value and it is preloaded intentionally.
[2026-03-31 23:43:55.154] [warn]  The resource https://discordapp.com/assets/189422196a4f8b53.woff2 was preloaded using link preload but not used within a few seconds from the window's load event. Please make sure it has an appropriate `as` value and it is preloaded intentionally.
[2026-03-31 23:43:55.155] [warn]  The resource https://discordapp.com/assets/dd24010f3cf7def7.woff2 was preloaded using link preload but not used within a few seconds from the window's load event. Please make sure it has an appropriate `as` value and it is preloaded intentionally.
[2026-03-31 23:43:55.155] [warn]  The resource https://discordapp.com/assets/7a6a566c2e88a35d.woff2 was preloaded using link preload but not used within a few seconds from the window's load event. Please make sure it has an appropriate `as` value and it is preloaded intentionally.
[2026-03-31 23:43:55.156] [warn]  The resource https://discordapp.com/assets/e52f0cba712e2fb4.woff2 was preloaded using link preload but not used within a few seconds from the window's load event. Please make sure it has an appropriate `as` value and it is preloaded intentionally.
[2026-03-31 23:43:55.156] [warn]  The resource https://discordapp.com/assets/ce3b8055f5114434.woff2 was preloaded using link preload but not used within a few seconds from the window's load event. Please make sure it has an appropriate `as` value and it is preloaded intentionally.
[2026-03-31 23:43:55.157] [warn]  The resource https://discordapp.com/assets/cb2006dbced0e246.woff2 was preloaded using link preload but not used within a few seconds from the window's load event. Please make sure it has an appropriate `as` value and it is preloaded intentionally.
[2026-03-31 23:48:30.817] [warn]  The resource https://discordapp.com/assets/189422196a4f8b53.woff2 was preloaded using link preload but not used within a few seconds from the window's load event. Please make sure it has an appropriate `as` value and it is preloaded intentionally.
[2026-03-31 23:48:30.818] [warn]  The resource https://discordapp.com/assets/dd24010f3cf7def7.woff2 was preloaded using link preload but not used within a few seconds from the window's load event. Please make sure it has an appropriate `as` value and it is preloaded intentionally.
[2026-03-31 23:48:30.819] [warn]  The resource https://discordapp.com/assets/7a6a566c2e88a35d.woff2 was preloaded using link preload but not used within a few seconds from the window's load event. Please make sure it has an appropriate `as` value and it is preloaded intentionally.
[2026-03-31 23:48:30.819] [warn]  The resource https://discordapp.com/assets/e52f0cba712e2fb4.woff2 was preloaded using link preload but not used within a few seconds from the window's load event. Please make sure it has an appropriate `as` value and it is preloaded intentionally.
[2026-03-31 23:48:30.820] [warn]  The resource https://discordapp.com/assets/ce3b8055f5114434.woff2 was preloaded using link preload but not used within a few seconds from the window's load event. Please make sure it has an appropriate `as` value and it is preloaded intentionally.
[2026-03-31 23:48:30.820] [warn]  The resource https://discordapp.com/assets/cb2006dbced0e246.woff2 was preloaded using link preload but not used within a few seconds from the window's load event. Please make sure it has an appropriate `as` value and it is preloaded intentionally.
[2026-03-31 23:48:35.179] [warn]  The resource https://discordapp.com/assets/189422196a4f8b53.woff2 was preloaded using link preload but not used within a few seconds from the window's load event. Please make sure it has an appropriate `as` value and it is preloaded intentionally.
[2026-03-31 23:48:35.180] [warn]  The resource https://discordapp.com/assets/dd24010f3cf7def7.woff2 was preloaded using link preload but not used within a few seconds from the window's load event. Please make sure it has an appropriate `as` value and it is preloaded intentionally.
[2026-03-31 23:48:35.180] [warn]  The resource https://discordapp.com/assets/7a6a566c2e88a35d.woff2 was preloaded using link preload but not used within a few seconds from the window's load event. Please make sure it has an appropriate `as` value and it is preloaded intentionally.
[2026-03-31 23:48:35.181] [warn]  The resource https://discordapp.com/assets/e52f0cba712e2fb4.woff2 was preloaded using link preload but not used within a few seconds from the window's load event. Please make sure it has an appropriate `as` value and it is preloaded intentionally.
[2026-03-31 23:48:35.181] [warn]  The resource https://discordapp.com/assets/ce3b8055f5114434.woff2 was preloaded using link preload but not used within a few seconds from the window's load event. Please make sure it has an appropriate `as` value and it is preloaded intentionally.
[2026-03-31 23:48:35.182] [warn]  The resource https://discordapp.com/assets/cb2006dbced0e246.woff2 was preloaded using link preload but not used within a few seconds from the window's load event. Please make sure it has an appropriate `as` value and it is preloaded intentionally.
[2026-03-31 23:48:55.156] [warn]  The resource https://discordapp.com/assets/189422196a4f8b53.woff2 was preloaded using link preload but not used within a few seconds from the window's load event. Please make sure it has an appropriate `as` value and it is preloaded intentionally.
[2026-03-31 23:48:55.157] [warn]  The resource https://discordapp.com/assets/dd24010f3cf7def7.woff2 was preloaded using link preload but not used within a few seconds from the window's load event. Please make sure it has an appropriate `as` value and it is preloaded intentionally.
[2026-03-31 23:48:55.157] [warn]  The resource https://discordapp.com/assets/7a6a566c2e88a35d.woff2 was preloaded using link preload but not used within a few seconds from the window's load event. Please make sure it has an appropriate `as` value and it is preloaded intentionally.
[2026-03-31 23:48:55.157] [warn]  The resource https://discordapp.com/assets/e52f0cba712e2fb4.woff2 was preloaded using link preload but not used within a few seconds from the window's load event. Please make sure it has an appropriate `as` value and it is preloaded intentionally.
[2026-03-31 23:48:55.158] [warn]  The resource https://discordapp.com/assets/ce3b8055f5114434.woff2 was preloaded using link preload but not used within a few seconds from the window's load event. Please make sure it has an appropriate `as` value and it is preloaded intentionally.
[2026-03-31 23:48:55.158] [warn]  The resource https://discordapp.com/assets/cb2006dbced0e246.woff2 was preloaded using link preload but not used within a few seconds from the window's load event. Please make sure it has an appropriate `as` value and it is preloaded intentionally.
[2026-03-31 23:49:22.819] [warn]  The resource https://discordapp.com/assets/189422196a4f8b53.woff2 was preloaded using link preload but not used within a few seconds from the window's load event. Please make sure it has an appropriate `as` value and it is preloaded intentionally.
[2026-03-31 23:49:22.819] [warn]  The resource https://discordapp.com/assets/dd24010f3cf7def7.woff2 was preloaded using link preload but not used within a few seconds from the window's load event. Please make sure it has an appropriate `as` value and it is preloaded intentionally.
[2026-03-31 23:49:22.820] [warn]  The resource https://discordapp.com/assets/7a6a566c2e88a35d.woff2 was preloaded using link preload but not used within a few seconds from the window's load event. Please make sure it has an appropriate `as` value and it is preloaded intentionally.
[2026-03-31 23:49:22.820] [warn]  The resource https://discordapp.com/assets/e52f0cba712e2fb4.woff2 was preloaded using link preload but not used within a few seconds from the window's load event. Please make sure it has an appropriate `as` value and it is preloaded intentionally.
[2026-03-31 23:49:22.821] [warn]  The resource https://discordapp.com/assets/ce3b8055f5114434.woff2 was preloaded using link preload but not used within a few seconds from the window's load event. Please make sure it has an appropriate `as` value and it is preloaded intentionally.
[2026-03-31 23:49:22.821] [warn]  The resource https://discordapp.com/assets/cb2006dbced0e246.woff2 was preloaded using link preload but not used within a few seconds from the window's load event. Please make sure it has an appropriate `as` value and it is preloaded intentionally.
[2026-03-31 23:50:30.500] [info]  [WindowVisibilityVideoManager] Incoming video enabled changed, incomingVideoEnabled = true
[2026-03-31 23:50:31.467] [info]  [MessageActionCreators] Fetching messages for 1230589200542339135 between undefined and undefined. jump={"jumpType":"ANIMATED"}
[2026-03-31 23:50:31.548] [info]  [Routing/Utils] transitionTo - Transitioning to /channels/1230589200542339132/1230589200542339135
[2026-03-31 23:50:32.612] [info]  [MessageActionCreators] Fetched 10 messages for 1230589200542339135 isBefore:false isAfter:false
[2026-03-31 23:50:32.616] [info]  [ChannelMessages] loadComplete: resetting state for channelId=1230589200542339135, sending.length=0
[2026-03-31 23:50:35.000] [info]  [MessageActionCreators] Fetching messages for 1231215373836357683 between undefined and undefined. jump={"jumpType":"ANIMATED"}
[2026-03-31 23:50:35.087] [info]  [Routing/Utils] transitionTo - Transitioning to /channels/1230589200542339132/1231215373836357683
[2026-03-31 23:50:35.513] [info]  [MessageActionCreators] Fetched 10 messages for 1231215373836357683 isBefore:false isAfter:false
[2026-03-31 23:50:35.516] [info]  [ChannelMessages] loadComplete: resetting state for channelId=1231215373836357683, sending.length=0
[2026-03-31 23:50:36.063] [info]  [MessageActionCreators] Fetching messages for 1232883225727074415 between undefined and undefined. jump={"jumpType":"ANIMATED"}
[2026-03-31 23:50:36.158] [info]  [Routing/Utils] transitionTo - Transitioning to /channels/1230589200542339132/1232883225727074415
[2026-03-31 23:50:37.974] [info]  [MessageActionCreators] Fetched 10 messages for 1232883225727074415 isBefore:false isAfter:false
[2026-03-31 23:50:37.974] [info]  [ChannelMessages] loadComplete: resetting state for channelId=1232883225727074415, sending.length=0
[2026-03-31 23:50:58.640] [warn]  The resource https://discordapp.com/assets/189422196a4f8b53.woff2 was preloaded using link preload but not used within a few seconds from the window's load event. Please make sure it has an appropriate `as` value and it is preloaded intentionally.
[2026-03-31 23:50:58.641] [warn]  The resource https://discordapp.com/assets/dd24010f3cf7def7.woff2 was preloaded using link preload but not used within a few seconds from the window's load event. Please make sure it has an appropriate `as` value and it is preloaded intentionally.
[2026-03-31 23:50:58.642] [warn]  The resource https://discordapp.com/assets/7a6a566c2e88a35d.woff2 was preloaded using link preload but not used within a few seconds from the window's load event. Please make sure it has an appropriate `as` value and it is preloaded intentionally.
[2026-03-31 23:50:58.642] [warn]  The resource https://discordapp.com/assets/e52f0cba712e2fb4.woff2 was preloaded using link preload but not used within a few seconds from the window's load event. Please make sure it has an appropriate `as` value and it is preloaded intentionally.
[2026-03-31 23:50:58.643] [warn]  The resource https://discordapp.com/assets/ce3b8055f5114434.woff2 was preloaded using link preload but not used within a few seconds from the window's load event. Please make sure it has an appropriate `as` value and it is preloaded intentionally.
[2026-03-31 23:50:58.643] [warn]  The resource https://discordapp.com/assets/cb2006dbced0e246.woff2 was preloaded using link preload but not used within a few seconds from the window's load event. Please make sure it has an appropriate `as` value and it is preloaded intentionally.
[2026-03-31 23:51:08.089] [warn]  The resource https://discordapp.com/assets/189422196a4f8b53.woff2 was preloaded using link preload but not used within a few seconds from the window's load event. Please make sure it has an appropriate `as` value and it is preloaded intentionally.
[2026-03-31 23:51:08.090] [warn]  The resource https://discordapp.com/assets/dd24010f3cf7def7.woff2 was preloaded using link preload but not used within a few seconds from the window's load event. Please make sure it has an appropriate `as` value and it is preloaded intentionally.
[2026-03-31 23:51:08.090] [warn]  The resource https://discordapp.com/assets/7a6a566c2e88a35d.woff2 was preloaded using link preload but not used within a few seconds from the window's load event. Please make sure it has an appropriate `as` value and it is preloaded intentionally.
[2026-03-31 23:51:08.090] [warn]  The resource https://discordapp.com/assets/e52f0cba712e2fb4.woff2 was preloaded using link preload but not used within a few seconds from the window's load event. Please make sure it has an appropriate `as` value and it is preloaded intentionally.
[2026-03-31 23:51:08.091] [warn]  The resource https://discordapp.com/assets/ce3b8055f5114434.woff2 was preloaded using link preload but not used within a few seconds from the window's load event. Please make sure it has an appropriate `as` value and it is preloaded intentionally.
[2026-03-31 23:51:08.091] [warn]  The resource https://discordapp.com/assets/cb2006dbced0e246.woff2 was preloaded using link preload but not used within a few seconds from the window's load event. Please make sure it has an appropriate `as` value and it is preloaded intentionally.
[2026-03-31 23:51:15.177] [warn]  The resource https://discordapp.com/assets/189422196a4f8b53.woff2 was preloaded using link preload but not used within a few seconds from the window's load event. Please make sure it has an appropriate `as` value and it is preloaded intentionally.
[2026-03-31 23:51:15.178] [warn]  The resource https://discordapp.com/assets/dd24010f3cf7def7.woff2 was preloaded using link preload but not used within a few seconds from the window's load event. Please make sure it has an appropriate `as` value and it is preloaded intentionally.
[2026-03-31 23:51:15.179] [warn]  The resource https://discordapp.com/assets/7a6a566c2e88a35d.woff2 was preloaded using link preload but not used within a few seconds from the window's load event. Please make sure it has an appropriate `as` value and it is preloaded intentionally.
[2026-03-31 23:51:15.179] [warn]  The resource https://discordapp.com/assets/e52f0cba712e2fb4.woff2 was preloaded using link preload but not used within a few seconds from the window's load event. Please make sure it has an appropriate `as` value and it is preloaded intentionally.
[2026-03-31 23:51:15.180] [warn]  The resource https://discordapp.com/assets/ce3b8055f5114434.woff2 was preloaded using link preload but not used within a few seconds from the window's load event. Please make sure it has an appropriate `as` value and it is preloaded intentionally.
[2026-03-31 23:51:15.180] [warn]  The resource https://discordapp.com/assets/cb2006dbced0e246.woff2 was preloaded using link preload but not used within a few seconds from the window's load event. Please make sure it has an appropriate `as` value and it is preloaded intentionally.
[2026-03-31 23:51:26.247] [warn]  The resource https://discordapp.com/assets/189422196a4f8b53.woff2 was preloaded using link preload but not used within a few seconds from the window's load event. Please make sure it has an appropriate `as` value and it is preloaded intentionally.
[2026-03-31 23:51:26.248] [warn]  The resource https://discordapp.com/assets/dd24010f3cf7def7.woff2 was preloaded using link preload but not used within a few seconds from the window's load event. Please make sure it has an appropriate `as` value and it is preloaded intentionally.
[2026-03-31 23:51:26.248] [warn]  The resource https://discordapp.com/assets/7a6a566c2e88a35d.woff2 was preloaded using link preload but not used within a few seconds from the window's load event. Please make sure it has an appropriate `as` value and it is preloaded intentionally.
[2026-03-31 23:51:26.248] [warn]  The resource https://discordapp.com/assets/e52f0cba712e2fb4.woff2 was preloaded using link preload but not used within a few seconds from the window's load event. Please make sure it has an appropriate `as` value and it is preloaded intentionally.
[2026-03-31 23:51:26.249] [warn]  The resource https://discordapp.com/assets/ce3b8055f5114434.woff2 was preloaded using link preload but not used within a few seconds from the window's load event. Please make sure it has an appropriate `as` value and it is preloaded intentionally.
[2026-03-31 23:51:26.249] [warn]  The resource https://discordapp.com/assets/cb2006dbced0e246.woff2 was preloaded using link preload but not used within a few seconds from the window's load event. Please make sure it has an appropriate `as` value and it is preloaded intentionally.
[2026-03-31 23:51:31.349] [warn]  The resource https://discordapp.com/assets/189422196a4f8b53.woff2 was preloaded using link preload but not used within a few seconds from the window's load event. Please make sure it has an appropriate `as` value and it is preloaded intentionally.
[2026-03-31 23:51:31.349] [warn]  The resource https://discordapp.com/assets/dd24010f3cf7def7.woff2 was preloaded using link preload but not used within a few seconds from the window's load event. Please make sure it has an appropriate `as` value and it is preloaded intentionally.
[2026-03-31 23:51:31.350] [warn]  The resource https://discordapp.com/assets/7a6a566c2e88a35d.woff2 was preloaded using link preload but not used within a few seconds from the window's load event. Please make sure it has an appropriate `as` value and it is preloaded intentionally.
[2026-03-31 23:51:31.350] [warn]  The resource https://discordapp.com/assets/e52f0cba712e2fb4.woff2 was preloaded using link preload but not used within a few seconds from the window's load event. Please make sure it has an appropriate `as` value and it is preloaded intentionally.
[2026-03-31 23:51:31.350] [warn]  The resource https://discordapp.com/assets/ce3b8055f5114434.woff2 was preloaded using link preload but not used within a few seconds from the window's load event. Please make sure it has an appropriate `as` value and it is preloaded intentionally.
[2026-03-31 23:51:31.350] [warn]  The resource https://discordapp.com/assets/cb2006dbced0e246.woff2 was preloaded using link preload but not used within a few seconds from the window's load event. Please make sure it has an appropriate `as` value and it is preloaded intentionally.
[2026-03-31 23:51:47.451] [warn]  The resource https://discordapp.com/assets/189422196a4f8b53.woff2 was preloaded using link preload but not used within a few seconds from the window's load event. Please make sure it has an appropriate `as` value and it is preloaded intentionally.
[2026-03-31 23:51:47.452] [warn]  The resource https://discordapp.com/assets/dd24010f3cf7def7.woff2 was preloaded using link preload but not used within a few seconds from the window's load event. Please make sure it has an appropriate `as` value and it is preloaded intentionally.
[2026-03-31 23:51:47.452] [warn]  The resource https://discordapp.com/assets/7a6a566c2e88a35d.woff2 was preloaded using link preload but not used within a few seconds from the window's load event. Please make sure it has an appropriate `as` value and it is preloaded intentionally.
[2026-03-31 23:51:47.453] [warn]  The resource https://discordapp.com/assets/e52f0cba712e2fb4.woff2 was preloaded using link preload but not used within a few seconds from the window's load event. Please make sure it has an appropriate `as` value and it is preloaded intentionally.
[2026-03-31 23:51:47.453] [warn]  The resource https://discordapp.com/assets/ce3b8055f5114434.woff2 was preloaded using link preload but not used within a few seconds from the window's load event. Please make sure it has an appropriate `as` value and it is preloaded intentionally.
[2026-03-31 23:51:47.454] [warn]  The resource https://discordapp.com/assets/cb2006dbced0e246.woff2 was preloaded using link preload but not used within a few seconds from the window's load event. Please make sure it has an appropriate `as` value and it is preloaded intentionally.
[2026-03-31 23:53:52.813] [warn]  The resource https://discordapp.com/assets/189422196a4f8b53.woff2 was preloaded using link preload but not used within a few seconds from the window's load event. Please make sure it has an appropriate `as` value and it is preloaded intentionally.
[2026-03-31 23:53:52.813] [warn]  The resource https://discordapp.com/assets/dd24010f3cf7def7.woff2 was preloaded using link preload but not used within a few seconds from the window's load event. Please make sure it has an appropriate `as` value and it is preloaded intentionally.
[2026-03-31 23:53:52.814] [warn]  The resource https://discordapp.com/assets/7a6a566c2e88a35d.woff2 was preloaded using link preload but not used within a few seconds from the window's load event. Please make sure it has an appropriate `as` value and it is preloaded intentionally.
[2026-03-31 23:53:52.814] [warn]  The resource https://discordapp.com/assets/e52f0cba712e2fb4.woff2 was preloaded using link preload but not used within a few seconds from the window's load event. Please make sure it has an appropriate `as` value and it is preloaded intentionally.
[2026-03-31 23:53:52.815] [warn]  The resource https://discordapp.com/assets/ce3b8055f5114434.woff2 was preloaded using link preload but not used within a few seconds from the window's load event. Please make sure it has an appropriate `as` value and it is preloaded intentionally.
[2026-03-31 23:53:52.815] [warn]  The resource https://discordapp.com/assets/cb2006dbced0e246.woff2 was preloaded using link preload but not used within a few seconds from the window's load event. Please make sure it has an appropriate `as` value and it is preloaded intentionally.
[2026-03-31 23:57:59.175] [warn]  The resource https://discordapp.com/assets/189422196a4f8b53.woff2 was preloaded using link preload but not used within a few seconds from the window's load event. Please make sure it has an appropriate `as` value and it is preloaded intentionally.
[2026-03-31 23:57:59.175] [warn]  The resource https://discordapp.com/assets/dd24010f3cf7def7.woff2 was preloaded using link preload but not used within a few seconds from the window's load event. Please make sure it has an appropriate `as` value and it is preloaded intentionally.
[2026-03-31 23:57:59.175] [warn]  The resource https://discordapp.com/assets/7a6a566c2e88a35d.woff2 was preloaded using link preload but not used within a few seconds from the window's load event. Please make sure it has an appropriate `as` value and it is preloaded intentionally.
[2026-03-31 23:57:59.175] [warn]  The resource https://discordapp.com/assets/e52f0cba712e2fb4.woff2 was preloaded using link preload but not used within a few seconds from the window's load event. Please make sure it has an appropriate `as` value and it is preloaded intentionally.
[2026-03-31 23:57:59.175] [warn]  The resource https://discordapp.com/assets/ce3b8055f5114434.woff2 was preloaded using link preload but not used within a few seconds from the window's load event. Please make sure it has an appropriate `as` value and it is preloaded intentionally.
[2026-03-31 23:57:59.175] [warn]  The resource https://discordapp.com/assets/cb2006dbced0e246.woff2 was preloaded using link preload but not used within a few seconds from the window's load event. Please make sure it has an appropriate `as` value and it is preloaded intentionally.
[2026-03-31 23:58:53.313] [warn]  The resource https://discordapp.com/assets/189422196a4f8b53.woff2 was preloaded using link preload but not used within a few seconds from the window's load event. Please make sure it has an appropriate `as` value and it is preloaded intentionally.
[2026-03-31 23:58:53.314] [warn]  The resource https://discordapp.com/assets/dd24010f3cf7def7.woff2 was preloaded using link preload but not used within a few seconds from the window's load event. Please make sure it has an appropriate `as` value and it is preloaded intentionally.
[2026-03-31 23:58:53.314] [warn]  The resource https://discordapp.com/assets/7a6a566c2e88a35d.woff2 was preloaded using link preload but not used within a few seconds from the window's load event. Please make sure it has an appropriate `as` value and it is preloaded intentionally.
[2026-03-31 23:58:53.315] [warn]  The resource https://discordapp.com/assets/e52f0cba712e2fb4.woff2 was preloaded using link preload but not used within a few seconds from the window's load event. Please make sure it has an appropriate `as` value and it is preloaded intentionally.
[2026-03-31 23:58:53.315] [warn]  The resource https://discordapp.com/assets/ce3b8055f5114434.woff2 was preloaded using link preload but not used within a few seconds from the window's load event. Please make sure it has an appropriate `as` value and it is preloaded intentionally.
[2026-03-31 23:58:53.315] [warn]  The resource https://discordapp.com/assets/cb2006dbced0e246.woff2 was preloaded using link preload but not used within a few seconds from the window's load event. Please make sure it has an appropriate `as` value and it is preloaded intentionally.
[2026-04-01 00:03:52.824] [warn]  The resource https://discordapp.com/assets/189422196a4f8b53.woff2 was preloaded using link preload but not used within a few seconds from the window's load event. Please make sure it has an appropriate `as` value and it is preloaded intentionally.
[2026-04-01 00:03:52.825] [warn]  The resource https://discordapp.com/assets/dd24010f3cf7def7.woff2 was preloaded using link preload but not used within a few seconds from the window's load event. Please make sure it has an appropriate `as` value and it is preloaded intentionally.
[2026-04-01 00:03:52.825] [warn]  The resource https://discordapp.com/assets/7a6a566c2e88a35d.woff2 was preloaded using link preload but not used within a few seconds from the window's load event. Please make sure it has an appropriate `as` value and it is preloaded intentionally.
[2026-04-01 00:03:52.825] [warn]  The resource https://discordapp.com/assets/e52f0cba712e2fb4.woff2 was preloaded using link preload but not used within a few seconds from the window's load event. Please make sure it has an appropriate `as` value and it is preloaded intentionally.
[2026-04-01 00:03:52.826] [warn]  The resource https://discordapp.com/assets/ce3b8055f5114434.woff2 was preloaded using link preload but not used within a few seconds from the window's load event. Please make sure it has an appropriate `as` value and it is preloaded intentionally.
[2026-04-01 00:03:52.826] [warn]  The resource https://discordapp.com/assets/cb2006dbced0e246.woff2 was preloaded using link preload but not used within a few seconds from the window's load event. Please make sure it has an appropriate `as` value and it is preloaded intentionally.
[2026-04-01 00:08:52.812] [warn]  The resource https://discordapp.com/assets/189422196a4f8b53.woff2 was preloaded using link preload but not used within a few seconds from the window's load event. Please make sure it has an appropriate `as` value and it is preloaded intentionally.
[2026-04-01 00:08:52.812] [warn]  The resource https://discordapp.com/assets/dd24010f3cf7def7.woff2 was preloaded using link preload but not used within a few seconds from the window's load event. Please make sure it has an appropriate `as` value and it is preloaded intentionally.
[2026-04-01 00:08:52.813] [warn]  The resource https://discordapp.com/assets/7a6a566c2e88a35d.woff2 was preloaded using link preload but not used within a few seconds from the window's load event. Please make sure it has an appropriate `as` value and it is preloaded intentionally.
[2026-04-01 00:08:52.813] [warn]  The resource https://discordapp.com/assets/e52f0cba712e2fb4.woff2 was preloaded using link preload but not used within a few seconds from the window's load event. Please make sure it has an appropriate `as` value and it is preloaded intentionally.
[2026-04-01 00:08:52.814] [warn]  The resource https://discordapp.com/assets/ce3b8055f5114434.woff2 was preloaded using link preload but not used within a few seconds from the window's load event. Please make sure it has an appropriate `as` value and it is preloaded intentionally.
[2026-04-01 00:08:52.814] [warn]  The resource https://discordapp.com/assets/cb2006dbced0e246.woff2 was preloaded using link preload but not used within a few seconds from the window's load event. Please make sure it has an appropriate `as` value and it is preloaded intentionally.
[2026-04-01 00:12:13.239] [warn]  The resource https://discordapp.com/assets/189422196a4f8b53.woff2 was preloaded using link preload but not used within a few seconds from the window's load event. Please make sure it has an appropriate `as` value and it is preloaded intentionally.
[2026-04-01 00:12:13.240] [warn]  The resource https://discordapp.com/assets/dd24010f3cf7def7.woff2 was preloaded using link preload but not used within a few seconds from the window's load event. Please make sure it has an appropriate `as` value and it is preloaded intentionally.
[2026-04-01 00:12:13.241] [warn]  The resource https://discordapp.com/assets/7a6a566c2e88a35d.woff2 was preloaded using link preload but not used within a few seconds from the window's load event. Please make sure it has an appropriate `as` value and it is preloaded intentionally.
[2026-04-01 00:12:13.241] [warn]  The resource https://discordapp.com/assets/e52f0cba712e2fb4.woff2 was preloaded using link preload but not used within a few seconds from the window's load event. Please make sure it has an appropriate `as` value and it is preloaded intentionally.
[2026-04-01 00:12:13.241] [warn]  The resource https://discordapp.com/assets/ce3b8055f5114434.woff2 was preloaded using link preload but not used within a few seconds from the window's load event. Please make sure it has an appropriate `as` value and it is preloaded intentionally.
[2026-04-01 00:12:13.242] [warn]  The resource https://discordapp.com/assets/cb2006dbced0e246.woff2 was preloaded using link preload but not used within a few seconds from the window's load event. Please make sure it has an appropriate `as` value and it is preloaded intentionally.
[2026-04-01 00:12:59.161] [warn]  The resource https://discordapp.com/assets/189422196a4f8b53.woff2 was preloaded using link preload but not used within a few seconds from the window's load event. Please make sure it has an appropriate `as` value and it is preloaded intentionally.
[2026-04-01 00:12:59.162] [warn]  The resource https://discordapp.com/assets/dd24010f3cf7def7.woff2 was preloaded using link preload but not used within a few seconds from the window's load event. Please make sure it has an appropriate `as` value and it is preloaded intentionally.
[2026-04-01 00:12:59.163] [warn]  The resource https://discordapp.com/assets/7a6a566c2e88a35d.woff2 was preloaded using link preload but not used within a few seconds from the window's load event. Please make sure it has an appropriate `as` value and it is preloaded intentionally.
[2026-04-01 00:12:59.163] [warn]  The resource https://discordapp.com/assets/e52f0cba712e2fb4.woff2 was preloaded using link preload but not used within a few seconds from the window's load event. Please make sure it has an appropriate `as` value and it is preloaded intentionally.
[2026-04-01 00:12:59.164] [warn]  The resource https://discordapp.com/assets/ce3b8055f5114434.woff2 was preloaded using link preload but not used within a few seconds from the window's load event. Please make sure it has an appropriate `as` value and it is preloaded intentionally.
[2026-04-01 00:12:59.164] [warn]  The resource https://discordapp.com/assets/cb2006dbced0e246.woff2 was preloaded using link preload but not used within a few seconds from the window's load event. Please make sure it has an appropriate `as` value and it is preloaded intentionally.
[2026-04-01 00:13:52.838] [warn]  The resource https://discordapp.com/assets/189422196a4f8b53.woff2 was preloaded using link preload but not used within a few seconds from the window's load event. Please make sure it has an appropriate `as` value and it is preloaded intentionally.
[2026-04-01 00:13:52.838] [warn]  The resource https://discordapp.com/assets/dd24010f3cf7def7.woff2 was preloaded using link preload but not used within a few seconds from the window's load event. Please make sure it has an appropriate `as` value and it is preloaded intentionally.
[2026-04-01 00:13:52.839] [warn]  The resource https://discordapp.com/assets/7a6a566c2e88a35d.woff2 was preloaded using link preload but not used within a few seconds from the window's load event. Please make sure it has an appropriate `as` value and it is preloaded intentionally.
[2026-04-01 00:13:52.839] [warn]  The resource https://discordapp.com/assets/e52f0cba712e2fb4.woff2 was preloaded using link preload but not used within a few seconds from the window's load event. Please make sure it has an appropriate `as` value and it is preloaded intentionally.
[2026-04-01 00:13:52.840] [warn]  The resource https://discordapp.com/assets/ce3b8055f5114434.woff2 was preloaded using link preload but not used within a few seconds from the window's load event. Please make sure it has an appropriate `as` value and it is preloaded intentionally.
[2026-04-01 00:13:52.840] [warn]  The resource https://discordapp.com/assets/cb2006dbced0e246.woff2 was preloaded using link preload but not used within a few seconds from the window's load event. Please make sure it has an appropriate `as` value and it is preloaded intentionally.
[2026-04-01 00:18:52.812] [warn]  The resource https://discordapp.com/assets/189422196a4f8b53.woff2 was preloaded using link preload but not used within a few seconds from the window's load event. Please make sure it has an appropriate `as` value and it is preloaded intentionally.
[2026-04-01 00:18:52.813] [warn]  The resource https://discordapp.com/assets/dd24010f3cf7def7.woff2 was preloaded using link preload but not used within a few seconds from the window's load event. Please make sure it has an appropriate `as` value and it is preloaded intentionally.
[2026-04-01 00:18:52.813] [warn]  The resource https://discordapp.com/assets/7a6a566c2e88a35d.woff2 was preloaded using link preload but not used within a few seconds from the window's load event. Please make sure it has an appropriate `as` value and it is preloaded intentionally.
[2026-04-01 00:18:52.814] [warn]  The resource https://discordapp.com/assets/e52f0cba712e2fb4.woff2 was preloaded using link preload but not used within a few seconds from the window's load event. Please make sure it has an appropriate `as` value and it is preloaded intentionally.
[2026-04-01 00:18:52.814] [warn]  The resource https://discordapp.com/assets/ce3b8055f5114434.woff2 was preloaded using link preload but not used within a few seconds from the window's load event. Please make sure it has an appropriate `as` value and it is preloaded intentionally.
[2026-04-01 00:18:52.815] [warn]  The resource https://discordapp.com/assets/cb2006dbced0e246.woff2 was preloaded using link preload but not used within a few seconds from the window's load event. Please make sure it has an appropriate `as` value and it is preloaded intentionally.
[2026-04-01 00:23:52.815] [warn]  The resource https://discordapp.com/assets/189422196a4f8b53.woff2 was preloaded using link preload but not used within a few seconds from the window's load event. Please make sure it has an appropriate `as` value and it is preloaded intentionally.
[2026-04-01 00:23:52.815] [warn]  The resource https://discordapp.com/assets/dd24010f3cf7def7.woff2 was preloaded using link preload but not used within a few seconds from the window's load event. Please make sure it has an appropriate `as` value and it is preloaded intentionally.
[2026-04-01 00:23:52.816] [warn]  The resource https://discordapp.com/assets/7a6a566c2e88a35d.woff2 was preloaded using link preload but not used within a few seconds from the window's load event. Please make sure it has an appropriate `as` value and it is preloaded intentionally.
[2026-04-01 00:23:52.816] [warn]  The resource https://discordapp.com/assets/e52f0cba712e2fb4.woff2 was preloaded using link preload but not used within a few seconds from the window's load event. Please make sure it has an appropriate `as` value and it is preloaded intentionally.
[2026-04-01 00:23:52.817] [warn]  The resource https://discordapp.com/assets/ce3b8055f5114434.woff2 was preloaded using link preload but not used within a few seconds from the window's load event. Please make sure it has an appropriate `as` value and it is preloaded intentionally.
[2026-04-01 00:23:52.817] [warn]  The resource https://discordapp.com/assets/cb2006dbced0e246.woff2 was preloaded using link preload but not used within a few seconds from the window's load event. Please make sure it has an appropriate `as` value and it is preloaded intentionally.
[2026-04-01 00:27:59.183] [warn]  The resource https://discordapp.com/assets/189422196a4f8b53.woff2 was preloaded using link preload but not used within a few seconds from the window's load event. Please make sure it has an appropriate `as` value and it is preloaded intentionally.
[2026-04-01 00:27:59.184] [warn]  The resource https://discordapp.com/assets/dd24010f3cf7def7.woff2 was preloaded using link preload but not used within a few seconds from the window's load event. Please make sure it has an appropriate `as` value and it is preloaded intentionally.
[2026-04-01 00:27:59.184] [warn]  The resource https://discordapp.com/assets/7a6a566c2e88a35d.woff2 was preloaded using link preload but not used within a few seconds from the window's load event. Please make sure it has an appropriate `as` value and it is preloaded intentionally.
[2026-04-01 00:27:59.185] [warn]  The resource https://discordapp.com/assets/e52f0cba712e2fb4.woff2 was preloaded using link preload but not used within a few seconds from the window's load event. Please make sure it has an appropriate `as` value and it is preloaded intentionally.
[2026-04-01 00:27:59.185] [warn]  The resource https://discordapp.com/assets/ce3b8055f5114434.woff2 was preloaded using link preload but not used within a few seconds from the window's load event. Please make sure it has an appropriate `as` value and it is preloaded intentionally.
[2026-04-01 00:27:59.186] [warn]  The resource https://discordapp.com/assets/cb2006dbced0e246.woff2 was preloaded using link preload but not used within a few seconds from the window's load event. Please make sure it has an appropriate `as` value and it is preloaded intentionally.
[2026-04-01 00:28:52.840] [warn]  The resource https://discordapp.com/assets/189422196a4f8b53.woff2 was preloaded using link preload but not used within a few seconds from the window's load event. Please make sure it has an appropriate `as` value and it is preloaded intentionally.
[2026-04-01 00:28:52.840] [warn]  The resource https://discordapp.com/assets/dd24010f3cf7def7.woff2 was preloaded using link preload but not used within a few seconds from the window's load event. Please make sure it has an appropriate `as` value and it is preloaded intentionally.
[2026-04-01 00:28:52.841] [warn]  The resource https://discordapp.com/assets/7a6a566c2e88a35d.woff2 was preloaded using link preload but not used within a few seconds from the window's load event. Please make sure it has an appropriate `as` value and it is preloaded intentionally.
[2026-04-01 00:28:52.841] [warn]  The resource https://discordapp.com/assets/e52f0cba712e2fb4.woff2 was preloaded using link preload but not used within a few seconds from the window's load event. Please make sure it has an appropriate `as` value and it is preloaded intentionally.
[2026-04-01 00:28:52.842] [warn]  The resource https://discordapp.com/assets/ce3b8055f5114434.woff2 was preloaded using link preload but not used within a few seconds from the window's load event. Please make sure it has an appropriate `as` value and it is preloaded intentionally.
[2026-04-01 00:28:52.842] [warn]  The resource https://discordapp.com/assets/cb2006dbced0e246.woff2 was preloaded using link preload but not used within a few seconds from the window's load event. Please make sure it has an appropriate `as` value and it is preloaded intentionally.
[2026-04-01 00:33:52.804] [warn]  The resource https://discordapp.com/assets/189422196a4f8b53.woff2 was preloaded using link preload but not used within a few seconds from the window's load event. Please make sure it has an appropriate `as` value and it is preloaded intentionally.
[2026-04-01 00:33:52.805] [warn]  The resource https://discordapp.com/assets/dd24010f3cf7def7.woff2 was preloaded using link preload but not used within a few seconds from the window's load event. Please make sure it has an appropriate `as` value and it is preloaded intentionally.
[2026-04-01 00:33:52.805] [warn]  The resource https://discordapp.com/assets/7a6a566c2e88a35d.woff2 was preloaded using link preload but not used within a few seconds from the window's load event. Please make sure it has an appropriate `as` value and it is preloaded intentionally.
[2026-04-01 00:33:52.805] [warn]  The resource https://discordapp.com/assets/e52f0cba712e2fb4.woff2 was preloaded using link preload but not used within a few seconds from the window's load event. Please make sure it has an appropriate `as` value and it is preloaded intentionally.
[2026-04-01 00:33:52.806] [warn]  The resource https://discordapp.com/assets/ce3b8055f5114434.woff2 was preloaded using link preload but not used within a few seconds from the window's load event. Please make sure it has an appropriate `as` value and it is preloaded intentionally.
[2026-04-01 00:33:52.806] [warn]  The resource https://discordapp.com/assets/cb2006dbced0e246.woff2 was preloaded using link preload but not used within a few seconds from the window's load event. Please make sure it has an appropriate `as` value and it is preloaded intentionally.
[2026-04-01 00:38:52.826] [warn]  The resource https://discordapp.com/assets/189422196a4f8b53.woff2 was preloaded using link preload but not used within a few seconds from the window's load event. Please make sure it has an appropriate `as` value and it is preloaded intentionally.
[2026-04-01 00:38:52.827] [warn]  The resource https://discordapp.com/assets/dd24010f3cf7def7.woff2 was preloaded using link preload but not used within a few seconds from the window's load event. Please make sure it has an appropriate `as` value and it is preloaded intentionally.
[2026-04-01 00:38:52.827] [warn]  The resource https://discordapp.com/assets/7a6a566c2e88a35d.woff2 was preloaded using link preload but not used within a few seconds from the window's load event. Please make sure it has an appropriate `as` value and it is preloaded intentionally.
[2026-04-01 00:38:52.828] [warn]  The resource https://discordapp.com/assets/e52f0cba712e2fb4.woff2 was preloaded using link preload but not used within a few seconds from the window's load event. Please make sure it has an appropriate `as` value and it is preloaded intentionally.
[2026-04-01 00:38:52.828] [warn]  The resource https://discordapp.com/assets/ce3b8055f5114434.woff2 was preloaded using link preload but not used within a few seconds from the window's load event. Please make sure it has an appropriate `as` value and it is preloaded intentionally.
[2026-04-01 00:38:52.828] [warn]  The resource https://discordapp.com/assets/cb2006dbced0e246.woff2 was preloaded using link preload but not used within a few seconds from the window's load event. Please make sure it has an appropriate `as` value and it is preloaded intentionally.
[2026-04-01 00:42:59.185] [warn]  The resource https://discordapp.com/assets/189422196a4f8b53.woff2 was preloaded using link preload but not used within a few seconds from the window's load event. Please make sure it has an appropriate `as` value and it is preloaded intentionally.
[2026-04-01 00:42:59.186] [warn]  The resource https://discordapp.com/assets/dd24010f3cf7def7.woff2 was preloaded using link preload but not used within a few seconds from the window's load event. Please make sure it has an appropriate `as` value and it is preloaded intentionally.
[2026-04-01 00:42:59.187] [warn]  The resource https://discordapp.com/assets/7a6a566c2e88a35d.woff2 was preloaded using link preload but not used within a few seconds from the window's load event. Please make sure it has an appropriate `as` value and it is preloaded intentionally.
[2026-04-01 00:42:59.187] [warn]  The resource https://discordapp.com/assets/e52f0cba712e2fb4.woff2 was preloaded using link preload but not used within a few seconds from the window's load event. Please make sure it has an appropriate `as` value and it is preloaded intentionally.
[2026-04-01 00:42:59.187] [warn]  The resource https://discordapp.com/assets/ce3b8055f5114434.woff2 was preloaded using link preload but not used within a few seconds from the window's load event. Please make sure it has an appropriate `as` value and it is preloaded intentionally.
[2026-04-01 00:42:59.188] [warn]  The resource https://discordapp.com/assets/cb2006dbced0e246.woff2 was preloaded using link preload but not used within a few seconds from the window's load event. Please make sure it has an appropriate `as` value and it is preloaded intentionally.
[2026-04-01 00:43:52.838] [warn]  The resource https://discordapp.com/assets/189422196a4f8b53.woff2 was preloaded using link preload but not used within a few seconds from the window's load event. Please make sure it has an appropriate `as` value and it is preloaded intentionally.
[2026-04-01 00:43:52.839] [warn]  The resource https://discordapp.com/assets/dd24010f3cf7def7.woff2 was preloaded using link preload but not used within a few seconds from the window's load event. Please make sure it has an appropriate `as` value and it is preloaded intentionally.
[2026-04-01 00:43:52.840] [warn]  The resource https://discordapp.com/assets/7a6a566c2e88a35d.woff2 was preloaded using link preload but not used within a few seconds from the window's load event. Please make sure it has an appropriate `as` value and it is preloaded intentionally.
[2026-04-01 00:43:52.840] [warn]  The resource https://discordapp.com/assets/e52f0cba712e2fb4.woff2 was preloaded using link preload but not used within a few seconds from the window's load event. Please make sure it has an appropriate `as` value and it is preloaded intentionally.
[2026-04-01 00:43:52.841] [warn]  The resource https://discordapp.com/assets/ce3b8055f5114434.woff2 was preloaded using link preload but not used within a few seconds from the window's load event. Please make sure it has an appropriate `as` value and it is preloaded intentionally.
[2026-04-01 00:43:52.841] [warn]  The resource https://discordapp.com/assets/cb2006dbced0e246.woff2 was preloaded using link preload but not used within a few seconds from the window's load event. Please make sure it has an appropriate `as` value and it is preloaded intentionally.
[2026-04-01 00:48:52.831] [warn]  The resource https://discordapp.com/assets/189422196a4f8b53.woff2 was preloaded using link preload but not used within a few seconds from the window's load event. Please make sure it has an appropriate `as` value and it is preloaded intentionally.
[2026-04-01 00:48:52.832] [warn]  The resource https://discordapp.com/assets/dd24010f3cf7def7.woff2 was preloaded using link preload but not used within a few seconds from the window's load event. Please make sure it has an appropriate `as` value and it is preloaded intentionally.
[2026-04-01 00:48:52.833] [warn]  The resource https://discordapp.com/assets/7a6a566c2e88a35d.woff2 was preloaded using link preload but not used within a few seconds from the window's load event. Please make sure it has an appropriate `as` value and it is preloaded intentionally.
[2026-04-01 00:48:52.833] [warn]  The resource https://discordapp.com/assets/e52f0cba712e2fb4.woff2 was preloaded using link preload but not used within a few seconds from the window's load event. Please make sure it has an appropriate `as` value and it is preloaded intentionally.
[2026-04-01 00:48:52.834] [warn]  The resource https://discordapp.com/assets/ce3b8055f5114434.woff2 was preloaded using link preload but not used within a few seconds from the window's load event. Please make sure it has an appropriate `as` value and it is preloaded intentionally.
[2026-04-01 00:48:52.834] [warn]  The resource https://discordapp.com/assets/cb2006dbced0e246.woff2 was preloaded using link preload but not used within a few seconds from the window's load event. Please make sure it has an appropriate `as` value and it is preloaded intentionally.
[2026-04-01 00:51:19.262] [warn]  The resource https://discordapp.com/assets/189422196a4f8b53.woff2 was preloaded using link preload but not used within a few seconds from the window's load event. Please make sure it has an appropriate `as` value and it is preloaded intentionally.
[2026-04-01 00:51:19.263] [warn]  The resource https://discordapp.com/assets/dd24010f3cf7def7.woff2 was preloaded using link preload but not used within a few seconds from the window's load event. Please make sure it has an appropriate `as` value and it is preloaded intentionally.
[2026-04-01 00:51:19.264] [warn]  The resource https://discordapp.com/assets/7a6a566c2e88a35d.woff2 was preloaded using link preload but not used within a few seconds from the window's load event. Please make sure it has an appropriate `as` value and it is preloaded intentionally.
[2026-04-01 00:51:19.264] [warn]  The resource https://discordapp.com/assets/e52f0cba712e2fb4.woff2 was preloaded using link preload but not used within a few seconds from the window's load event. Please make sure it has an appropriate `as` value and it is preloaded intentionally.
[2026-04-01 00:51:19.264] [warn]  The resource https://discordapp.com/assets/ce3b8055f5114434.woff2 was preloaded using link preload but not used within a few seconds from the window's load event. Please make sure it has an appropriate `as` value and it is preloaded intentionally.
[2026-04-01 00:51:19.265] [warn]  The resource https://discordapp.com/assets/cb2006dbced0e246.woff2 was preloaded using link preload but not used within a few seconds from the window's load event. Please make sure it has an appropriate `as` value and it is preloaded intentionally.
[2026-04-01 00:53:52.809] [warn]  The resource https://discordapp.com/assets/189422196a4f8b53.woff2 was preloaded using link preload but not used within a few seconds from the window's load event. Please make sure it has an appropriate `as` value and it is preloaded intentionally.
[2026-04-01 00:53:52.810] [warn]  The resource https://discordapp.com/assets/dd24010f3cf7def7.woff2 was preloaded using link preload but not used within a few seconds from the window's load event. Please make sure it has an appropriate `as` value and it is preloaded intentionally.
[2026-04-01 00:53:52.811] [warn]  The resource https://discordapp.com/assets/7a6a566c2e88a35d.woff2 was preloaded using link preload but not used within a few seconds from the window's load event. Please make sure it has an appropriate `as` value and it is preloaded intentionally.
[2026-04-01 00:53:52.811] [warn]  The resource https://discordapp.com/assets/e52f0cba712e2fb4.woff2 was preloaded using link preload but not used within a few seconds from the window's load event. Please make sure it has an appropriate `as` value and it is preloaded intentionally.
[2026-04-01 00:53:52.811] [warn]  The resource https://discordapp.com/assets/ce3b8055f5114434.woff2 was preloaded using link preload but not used within a few seconds from the window's load event. Please make sure it has an appropriate `as` value and it is preloaded intentionally.
[2026-04-01 00:53:52.812] [warn]  The resource https://discordapp.com/assets/cb2006dbced0e246.woff2 was preloaded using link preload but not used within a few seconds from the window's load event. Please make sure it has an appropriate `as` value and it is preloaded intentionally.
[2026-04-01 00:57:59.189] [warn]  The resource https://discordapp.com/assets/189422196a4f8b53.woff2 was preloaded using link preload but not used within a few seconds from the window's load event. Please make sure it has an appropriate `as` value and it is preloaded intentionally.
[2026-04-01 00:57:59.190] [warn]  The resource https://discordapp.com/assets/dd24010f3cf7def7.woff2 was preloaded using link preload but not used within a few seconds from the window's load event. Please make sure it has an appropriate `as` value and it is preloaded intentionally.
[2026-04-01 00:57:59.191] [warn]  The resource https://discordapp.com/assets/7a6a566c2e88a35d.woff2 was preloaded using link preload but not used within a few seconds from the window's load event. Please make sure it has an appropriate `as` value and it is preloaded intentionally.
[2026-04-01 00:57:59.191] [warn]  The resource https://discordapp.com/assets/e52f0cba712e2fb4.woff2 was preloaded using link preload but not used within a few seconds from the window's load event. Please make sure it has an appropriate `as` value and it is preloaded intentionally.
[2026-04-01 00:57:59.192] [warn]  The resource https://discordapp.com/assets/ce3b8055f5114434.woff2 was preloaded using link preload but not used within a few seconds from the window's load event. Please make sure it has an appropriate `as` value and it is preloaded intentionally.
[2026-04-01 00:57:59.192] [warn]  The resource https://discordapp.com/assets/cb2006dbced0e246.woff2 was preloaded using link preload but not used within a few seconds from the window's load event. Please make sure it has an appropriate `as` value and it is preloaded intentionally.
[2026-04-01 00:58:53.304] [warn]  The resource https://discordapp.com/assets/189422196a4f8b53.woff2 was preloaded using link preload but not used within a few seconds from the window's load event. Please make sure it has an appropriate `as` value and it is preloaded intentionally.
[2026-04-01 00:58:53.304] [warn]  The resource https://discordapp.com/assets/dd24010f3cf7def7.woff2 was preloaded using link preload but not used within a few seconds from the window's load event. Please make sure it has an appropriate `as` value and it is preloaded intentionally.
[2026-04-01 00:58:53.305] [warn]  The resource https://discordapp.com/assets/7a6a566c2e88a35d.woff2 was preloaded using link preload but not used within a few seconds from the window's load event. Please make sure it has an appropriate `as` value and it is preloaded intentionally.
[2026-04-01 00:58:53.305] [warn]  The resource https://discordapp.com/assets/e52f0cba712e2fb4.woff2 was preloaded using link preload but not used within a few seconds from the window's load event. Please make sure it has an appropriate `as` value and it is preloaded intentionally.
[2026-04-01 00:58:53.306] [warn]  The resource https://discordapp.com/assets/ce3b8055f5114434.woff2 was preloaded using link preload but not used within a few seconds from the window's load event. Please make sure it has an appropriate `as` value and it is preloaded intentionally.
[2026-04-01 00:58:53.306] [warn]  The resource https://discordapp.com/assets/cb2006dbced0e246.woff2 was preloaded using link preload but not used within a few seconds from the window's load event. Please make sure it has an appropriate `as` value and it is preloaded intentionally.
[2026-04-01 01:03:52.837] [warn]  The resource https://discordapp.com/assets/189422196a4f8b53.woff2 was preloaded using link preload but not used within a few seconds from the window's load event. Please make sure it has an appropriate `as` value and it is preloaded intentionally.
[2026-04-01 01:03:52.838] [warn]  The resource https://discordapp.com/assets/dd24010f3cf7def7.woff2 was preloaded using link preload but not used within a few seconds from the window's load event. Please make sure it has an appropriate `as` value and it is preloaded intentionally.
[2026-04-01 01:03:52.838] [warn]  The resource https://discordapp.com/assets/7a6a566c2e88a35d.woff2 was preloaded using link preload but not used within a few seconds from the window's load event. Please make sure it has an appropriate `as` value and it is preloaded intentionally.
[2026-04-01 01:03:52.838] [warn]  The resource https://discordapp.com/assets/e52f0cba712e2fb4.woff2 was preloaded using link preload but not used within a few seconds from the window's load event. Please make sure it has an appropriate `as` value and it is preloaded intentionally.
[2026-04-01 01:03:52.839] [warn]  The resource https://discordapp.com/assets/ce3b8055f5114434.woff2 was preloaded using link preload but not used within a few seconds from the window's load event. Please make sure it has an appropriate `as` value and it is preloaded intentionally.
[2026-04-01 01:03:52.839] [warn]  The resource https://discordapp.com/assets/cb2006dbced0e246.woff2 was preloaded using link preload but not used within a few seconds from the window's load event. Please make sure it has an appropriate `as` value and it is preloaded intentionally.
[2026-04-01 01:06:45.131] [info]  [discord_protos.discord_users.v1.FrecencyUserSettings] Scheduling save from markDirty
[2026-04-01 01:06:45.132] [info]  [discord_protos.discord_users.v1.FrecencyUserSettings] Persisting proto
[2026-04-01 01:06:48.639] [warn]  The resource https://discordapp.com/assets/189422196a4f8b53.woff2 was preloaded using link preload but not used within a few seconds from the window's load event. Please make sure it has an appropriate `as` value and it is preloaded intentionally.
[2026-04-01 01:06:48.640] [warn]  The resource https://discordapp.com/assets/dd24010f3cf7def7.woff2 was preloaded using link preload but not used within a few seconds from the window's load event. Please make sure it has an appropriate `as` value and it is preloaded intentionally.
[2026-04-01 01:06:48.640] [warn]  The resource https://discordapp.com/assets/7a6a566c2e88a35d.woff2 was preloaded using link preload but not used within a few seconds from the window's load event. Please make sure it has an appropriate `as` value and it is preloaded intentionally.
[2026-04-01 01:06:48.641] [warn]  The resource https://discordapp.com/assets/e52f0cba712e2fb4.woff2 was preloaded using link preload but not used within a few seconds from the window's load event. Please make sure it has an appropriate `as` value and it is preloaded intentionally.
[2026-04-01 01:06:48.641] [warn]  The resource https://discordapp.com/assets/ce3b8055f5114434.woff2 was preloaded using link preload but not used within a few seconds from the window's load event. Please make sure it has an appropriate `as` value and it is preloaded intentionally.
[2026-04-01 01:06:48.642] [warn]  The resource https://discordapp.com/assets/cb2006dbced0e246.woff2 was preloaded using link preload but not used within a few seconds from the window's load event. Please make sure it has an appropriate `as` value and it is preloaded intentionally.
[2026-04-01 01:08:52.843] [warn]  The resource https://discordapp.com/assets/189422196a4f8b53.woff2 was preloaded using link preload but not used within a few seconds from the window's load event. Please make sure it has an appropriate `as` value and it is preloaded intentionally.
[2026-04-01 01:08:52.843] [warn]  The resource https://discordapp.com/assets/dd24010f3cf7def7.woff2 was preloaded using link preload but not used within a few seconds from the window's load event. Please make sure it has an appropriate `as` value and it is preloaded intentionally.
[2026-04-01 01:08:52.844] [warn]  The resource https://discordapp.com/assets/7a6a566c2e88a35d.woff2 was preloaded using link preload but not used within a few seconds from the window's load event. Please make sure it has an appropriate `as` value and it is preloaded intentionally.
[2026-04-01 01:08:52.844] [warn]  The resource https://discordapp.com/assets/e52f0cba712e2fb4.woff2 was preloaded using link preload but not used within a few seconds from the window's load event. Please make sure it has an appropriate `as` value and it is preloaded intentionally.
[2026-04-01 01:08:52.844] [warn]  The resource https://discordapp.com/assets/ce3b8055f5114434.woff2 was preloaded using link preload but not used within a few seconds from the window's load event. Please make sure it has an appropriate `as` value and it is preloaded intentionally.
[2026-04-01 01:08:52.844] [warn]  The resource https://discordapp.com/assets/cb2006dbced0e246.woff2 was preloaded using link preload but not used within a few seconds from the window's load event. Please make sure it has an appropriate `as` value and it is preloaded intentionally.
[2026-04-01 01:12:59.200] [warn]  The resource https://discordapp.com/assets/189422196a4f8b53.woff2 was preloaded using link preload but not used within a few seconds from the window's load event. Please make sure it has an appropriate `as` value and it is preloaded intentionally.
[2026-04-01 01:12:59.201] [warn]  The resource https://discordapp.com/assets/dd24010f3cf7def7.woff2 was preloaded using link preload but not used within a few seconds from the window's load event. Please make sure it has an appropriate `as` value and it is preloaded intentionally.
[2026-04-01 01:12:59.201] [warn]  The resource https://discordapp.com/assets/7a6a566c2e88a35d.woff2 was preloaded using link preload but not used within a few seconds from the window's load event. Please make sure it has an appropriate `as` value and it is preloaded intentionally.
[2026-04-01 01:12:59.202] [warn]  The resource https://discordapp.com/assets/e52f0cba712e2fb4.woff2 was preloaded using link preload but not used within a few seconds from the window's load event. Please make sure it has an appropriate `as` value and it is preloaded intentionally.
[2026-04-01 01:12:59.202] [warn]  The resource https://discordapp.com/assets/ce3b8055f5114434.woff2 was preloaded using link preload but not used within a few seconds from the window's load event. Please make sure it has an appropriate `as` value and it is preloaded intentionally.
[2026-04-01 01:12:59.203] [warn]  The resource https://discordapp.com/assets/cb2006dbced0e246.woff2 was preloaded using link preload but not used within a few seconds from the window's load event. Please make sure it has an appropriate `as` value and it is preloaded intentionally.
[2026-04-01 01:13:52.799] [warn]  The resource https://discordapp.com/assets/189422196a4f8b53.woff2 was preloaded using link preload but not used within a few seconds from the window's load event. Please make sure it has an appropriate `as` value and it is preloaded intentionally.
[2026-04-01 01:13:52.799] [warn]  The resource https://discordapp.com/assets/dd24010f3cf7def7.woff2 was preloaded using link preload but not used within a few seconds from the window's load event. Please make sure it has an appropriate `as` value and it is preloaded intentionally.
[2026-04-01 01:13:52.800] [warn]  The resource https://discordapp.com/assets/7a6a566c2e88a35d.woff2 was preloaded using link preload but not used within a few seconds from the window's load event. Please make sure it has an appropriate `as` value and it is preloaded intentionally.
[2026-04-01 01:13:52.800] [warn]  The resource https://discordapp.com/assets/e52f0cba712e2fb4.woff2 was preloaded using link preload but not used within a few seconds from the window's load event. Please make sure it has an appropriate `as` value and it is preloaded intentionally.
[2026-04-01 01:13:52.800] [warn]  The resource https://discordapp.com/assets/ce3b8055f5114434.woff2 was preloaded using link preload but not used within a few seconds from the window's load event. Please make sure it has an appropriate `as` value and it is preloaded intentionally.
[2026-04-01 01:13:52.800] [warn]  The resource https://discordapp.com/assets/cb2006dbced0e246.woff2 was preloaded using link preload but not used within a few seconds from the window's load event. Please make sure it has an appropriate `as` value and it is preloaded intentionally.
[2026-04-01 01:18:52.799] [warn]  The resource https://discordapp.com/assets/189422196a4f8b53.woff2 was preloaded using link preload but not used within a few seconds from the window's load event. Please make sure it has an appropriate `as` value and it is preloaded intentionally.
[2026-04-01 01:18:52.800] [warn]  The resource https://discordapp.com/assets/dd24010f3cf7def7.woff2 was preloaded using link preload but not used within a few seconds from the window's load event. Please make sure it has an appropriate `as` value and it is preloaded intentionally.
[2026-04-01 01:18:52.800] [warn]  The resource https://discordapp.com/assets/7a6a566c2e88a35d.woff2 was preloaded using link preload but not used within a few seconds from the window's load event. Please make sure it has an appropriate `as` value and it is preloaded intentionally.
[2026-04-01 01:18:52.801] [warn]  The resource https://discordapp.com/assets/e52f0cba712e2fb4.woff2 was preloaded using link preload but not used within a few seconds from the window's load event. Please make sure it has an appropriate `as` value and it is preloaded intentionally.
[2026-04-01 01:18:52.801] [warn]  The resource https://discordapp.com/assets/ce3b8055f5114434.woff2 was preloaded using link preload but not used within a few seconds from the window's load event. Please make sure it has an appropriate `as` value and it is preloaded intentionally.
[2026-04-01 01:18:52.801] [warn]  The resource https://discordapp.com/assets/cb2006dbced0e246.woff2 was preloaded using link preload but not used within a few seconds from the window's load event. Please make sure it has an appropriate `as` value and it is preloaded intentionally.
[2026-04-01 01:23:52.836] [warn]  The resource https://discordapp.com/assets/189422196a4f8b53.woff2 was preloaded using link preload but not used within a few seconds from the window's load event. Please make sure it has an appropriate `as` value and it is preloaded intentionally.
[2026-04-01 01:23:52.837] [warn]  The resource https://discordapp.com/assets/dd24010f3cf7def7.woff2 was preloaded using link preload but not used within a few seconds from the window's load event. Please make sure it has an appropriate `as` value and it is preloaded intentionally.
[2026-04-01 01:23:52.837] [warn]  The resource https://discordapp.com/assets/7a6a566c2e88a35d.woff2 was preloaded using link preload but not used within a few seconds from the window's load event. Please make sure it has an appropriate `as` value and it is preloaded intentionally.
[2026-04-01 01:23:52.838] [warn]  The resource https://discordapp.com/assets/e52f0cba712e2fb4.woff2 was preloaded using link preload but not used within a few seconds from the window's load event. Please make sure it has an appropriate `as` value and it is preloaded intentionally.
[2026-04-01 01:23:52.838] [warn]  The resource https://discordapp.com/assets/ce3b8055f5114434.woff2 was preloaded using link preload but not used within a few seconds from the window's load event. Please make sure it has an appropriate `as` value and it is preloaded intentionally.
[2026-04-01 01:23:52.839] [warn]  The resource https://discordapp.com/assets/cb2006dbced0e246.woff2 was preloaded using link preload but not used within a few seconds from the window's load event. Please make sure it has an appropriate `as` value and it is preloaded intentionally.
[2026-04-01 01:27:59.202] [warn]  The resource https://discordapp.com/assets/189422196a4f8b53.woff2 was preloaded using link preload but not used within a few seconds from the window's load event. Please make sure it has an appropriate `as` value and it is preloaded intentionally.
[2026-04-01 01:27:59.203] [warn]  The resource https://discordapp.com/assets/dd24010f3cf7def7.woff2 was preloaded using link preload but not used within a few seconds from the window's load event. Please make sure it has an appropriate `as` value and it is preloaded intentionally.
[2026-04-01 01:27:59.205] [warn]  The resource https://discordapp.com/assets/7a6a566c2e88a35d.woff2 was preloaded using link preload but not used within a few seconds from the window's load event. Please make sure it has an appropriate `as` value and it is preloaded intentionally.
[2026-04-01 01:27:59.206] [warn]  The resource https://discordapp.com/assets/e52f0cba712e2fb4.woff2 was preloaded using link preload but not used within a few seconds from the window's load event. Please make sure it has an appropriate `as` value and it is preloaded intentionally.
[2026-04-01 01:27:59.206] [warn]  The resource https://discordapp.com/assets/ce3b8055f5114434.woff2 was preloaded using link preload but not used within a few seconds from the window's load event. Please make sure it has an appropriate `as` value and it is preloaded intentionally.
[2026-04-01 01:27:59.207] [warn]  The resource https://discordapp.com/assets/cb2006dbced0e246.woff2 was preloaded using link preload but not used within a few seconds from the window's load event. Please make sure it has an appropriate `as` value and it is preloaded intentionally.
[2026-04-01 01:28:52.798] [warn]  The resource https://discordapp.com/assets/189422196a4f8b53.woff2 was preloaded using link preload but not used within a few seconds from the window's load event. Please make sure it has an appropriate `as` value and it is preloaded intentionally.
[2026-04-01 01:28:52.799] [warn]  The resource https://discordapp.com/assets/dd24010f3cf7def7.woff2 was preloaded using link preload but not used within a few seconds from the window's load event. Please make sure it has an appropriate `as` value and it is preloaded intentionally.
[2026-04-01 01:28:52.800] [warn]  The resource https://discordapp.com/assets/7a6a566c2e88a35d.woff2 was preloaded using link preload but not used within a few seconds from the window's load event. Please make sure it has an appropriate `as` value and it is preloaded intentionally.
[2026-04-01 01:28:52.800] [warn]  The resource https://discordapp.com/assets/e52f0cba712e2fb4.woff2 was preloaded using link preload but not used within a few seconds from the window's load event. Please make sure it has an appropriate `as` value and it is preloaded intentionally.
[2026-04-01 01:28:52.801] [warn]  The resource https://discordapp.com/assets/ce3b8055f5114434.woff2 was preloaded using link preload but not used within a few seconds from the window's load event. Please make sure it has an appropriate `as` value and it is preloaded intentionally.
[2026-04-01 01:28:52.801] [warn]  The resource https://discordapp.com/assets/cb2006dbced0e246.woff2 was preloaded using link preload but not used within a few seconds from the window's load event. Please make sure it has an appropriate `as` value and it is preloaded intentionally.
[2026-04-01 01:30:03.231] [warn]  The resource https://discordapp.com/assets/189422196a4f8b53.woff2 was preloaded using link preload but not used within a few seconds from the window's load event. Please make sure it has an appropriate `as` value and it is preloaded intentionally.
[2026-04-01 01:30:03.232] [warn]  The resource https://discordapp.com/assets/dd24010f3cf7def7.woff2 was preloaded using link preload but not used within a few seconds from the window's load event. Please make sure it has an appropriate `as` value and it is preloaded intentionally.
[2026-04-01 01:30:03.233] [warn]  The resource https://discordapp.com/assets/7a6a566c2e88a35d.woff2 was preloaded using link preload but not used within a few seconds from the window's load event. Please make sure it has an appropriate `as` value and it is preloaded intentionally.
[2026-04-01 01:30:03.234] [warn]  The resource https://discordapp.com/assets/e52f0cba712e2fb4.woff2 was preloaded using link preload but not used within a few seconds from the window's load event. Please make sure it has an appropriate `as` value and it is preloaded intentionally.
[2026-04-01 01:30:03.234] [warn]  The resource https://discordapp.com/assets/ce3b8055f5114434.woff2 was preloaded using link preload but not used within a few seconds from the window's load event. Please make sure it has an appropriate `as` value and it is preloaded intentionally.
[2026-04-01 01:30:03.235] [warn]  The resource https://discordapp.com/assets/cb2006dbced0e246.woff2 was preloaded using link preload but not used within a few seconds from the window's load event. Please make sure it has an appropriate `as` value and it is preloaded intentionally.
[2026-04-01 01:33:52.829] [warn]  The resource https://discordapp.com/assets/189422196a4f8b53.woff2 was preloaded using link preload but not used within a few seconds from the window's load event. Please make sure it has an appropriate `as` value and it is preloaded intentionally.
[2026-04-01 01:33:52.830] [warn]  The resource https://discordapp.com/assets/dd24010f3cf7def7.woff2 was preloaded using link preload but not used within a few seconds from the window's load event. Please make sure it has an appropriate `as` value and it is preloaded intentionally.
[2026-04-01 01:33:52.831] [warn]  The resource https://discordapp.com/assets/7a6a566c2e88a35d.woff2 was preloaded using link preload but not used within a few seconds from the window's load event. Please make sure it has an appropriate `as` value and it is preloaded intentionally.
[2026-04-01 01:33:52.831] [warn]  The resource https://discordapp.com/assets/e52f0cba712e2fb4.woff2 was preloaded using link preload but not used within a few seconds from the window's load event. Please make sure it has an appropriate `as` value and it is preloaded intentionally.
[2026-04-01 01:33:52.832] [warn]  The resource https://discordapp.com/assets/ce3b8055f5114434.woff2 was preloaded using link preload but not used within a few seconds from the window's load event. Please make sure it has an appropriate `as` value and it is preloaded intentionally.
[2026-04-01 01:33:52.832] [warn]  The resource https://discordapp.com/assets/cb2006dbced0e246.woff2 was preloaded using link preload but not used within a few seconds from the window's load event. Please make sure it has an appropriate `as` value and it is preloaded intentionally.
[2026-04-01 01:38:52.838] [warn]  The resource https://discordapp.com/assets/189422196a4f8b53.woff2 was preloaded using link preload but not used within a few seconds from the window's load event. Please make sure it has an appropriate `as` value and it is preloaded intentionally.
[2026-04-01 01:38:52.839] [warn]  The resource https://discordapp.com/assets/dd24010f3cf7def7.woff2 was preloaded using link preload but not used within a few seconds from the window's load event. Please make sure it has an appropriate `as` value and it is preloaded intentionally.
[2026-04-01 01:38:52.840] [warn]  The resource https://discordapp.com/assets/7a6a566c2e88a35d.woff2 was preloaded using link preload but not used within a few seconds from the window's load event. Please make sure it has an appropriate `as` value and it is preloaded intentionally.
[2026-04-01 01:38:52.840] [warn]  The resource https://discordapp.com/assets/e52f0cba712e2fb4.woff2 was preloaded using link preload but not used within a few seconds from the window's load event. Please make sure it has an appropriate `as` value and it is preloaded intentionally.
[2026-04-01 01:38:52.840] [warn]  The resource https://discordapp.com/assets/ce3b8055f5114434.woff2 was preloaded using link preload but not used within a few seconds from the window's load event. Please make sure it has an appropriate `as` value and it is preloaded intentionally.
[2026-04-01 01:38:52.841] [warn]  The resource https://discordapp.com/assets/cb2006dbced0e246.woff2 was preloaded using link preload but not used within a few seconds from the window's load event. Please make sure it has an appropriate `as` value and it is preloaded intentionally.
[2026-04-01 01:42:59.217] [warn]  The resource https://discordapp.com/assets/189422196a4f8b53.woff2 was preloaded using link preload but not used within a few seconds from the window's load event. Please make sure it has an appropriate `as` value and it is preloaded intentionally.
[2026-04-01 01:42:59.218] [warn]  The resource https://discordapp.com/assets/dd24010f3cf7def7.woff2 was preloaded using link preload but not used within a few seconds from the window's load event. Please make sure it has an appropriate `as` value and it is preloaded intentionally.
[2026-04-01 01:42:59.218] [warn]  The resource https://discordapp.com/assets/7a6a566c2e88a35d.woff2 was preloaded using link preload but not used within a few seconds from the window's load event. Please make sure it has an appropriate `as` value and it is preloaded intentionally.
[2026-04-01 01:42:59.218] [warn]  The resource https://discordapp.com/assets/e52f0cba712e2fb4.woff2 was preloaded using link preload but not used within a few seconds from the window's load event. Please make sure it has an appropriate `as` value and it is preloaded intentionally.
[2026-04-01 01:42:59.218] [warn]  The resource https://discordapp.com/assets/ce3b8055f5114434.woff2 was preloaded using link preload but not used within a few seconds from the window's load event. Please make sure it has an appropriate `as` value and it is preloaded intentionally.
[2026-04-01 01:42:59.218] [warn]  The resource https://discordapp.com/assets/cb2006dbced0e246.woff2 was preloaded using link preload but not used within a few seconds from the window's load event. Please make sure it has an appropriate `as` value and it is preloaded intentionally.
[2026-04-01 01:43:52.819] [warn]  The resource https://discordapp.com/assets/189422196a4f8b53.woff2 was preloaded using link preload but not used within a few seconds from the window's load event. Please make sure it has an appropriate `as` value and it is preloaded intentionally.
[2026-04-01 01:43:52.820] [warn]  The resource https://discordapp.com/assets/dd24010f3cf7def7.woff2 was preloaded using link preload but not used within a few seconds from the window's load event. Please make sure it has an appropriate `as` value and it is preloaded intentionally.
[2026-04-01 01:43:52.821] [warn]  The resource https://discordapp.com/assets/7a6a566c2e88a35d.woff2 was preloaded using link preload but not used within a few seconds from the window's load event. Please make sure it has an appropriate `as` value and it is preloaded intentionally.
[2026-04-01 01:43:52.822] [warn]  The resource https://discordapp.com/assets/e52f0cba712e2fb4.woff2 was preloaded using link preload but not used within a few seconds from the window's load event. Please make sure it has an appropriate `as` value and it is preloaded intentionally.
[2026-04-01 01:43:52.822] [warn]  The resource https://discordapp.com/assets/ce3b8055f5114434.woff2 was preloaded using link preload but not used within a few seconds from the window's load event. Please make sure it has an appropriate `as` value and it is preloaded intentionally.
[2026-04-01 01:43:52.822] [warn]  The resource https://discordapp.com/assets/cb2006dbced0e246.woff2 was preloaded using link preload but not used within a few seconds from the window's load event. Please make sure it has an appropriate `as` value and it is preloaded intentionally.
[2026-04-01 01:48:52.835] [warn]  The resource https://discordapp.com/assets/189422196a4f8b53.woff2 was preloaded using link preload but not used within a few seconds from the window's load event. Please make sure it has an appropriate `as` value and it is preloaded intentionally.
[2026-04-01 01:48:52.836] [warn]  The resource https://discordapp.com/assets/dd24010f3cf7def7.woff2 was preloaded using link preload but not used within a few seconds from the window's load event. Please make sure it has an appropriate `as` value and it is preloaded intentionally.
[2026-04-01 01:48:52.836] [warn]  The resource https://discordapp.com/assets/7a6a566c2e88a35d.woff2 was preloaded using link preload but not used within a few seconds from the window's load event. Please make sure it has an appropriate `as` value and it is preloaded intentionally.
[2026-04-01 01:48:52.836] [warn]  The resource https://discordapp.com/assets/e52f0cba712e2fb4.woff2 was preloaded using link preload but not used within a few seconds from the window's load event. Please make sure it has an appropriate `as` value and it is preloaded intentionally.
[2026-04-01 01:48:52.836] [warn]  The resource https://discordapp.com/assets/ce3b8055f5114434.woff2 was preloaded using link preload but not used within a few seconds from the window's load event. Please make sure it has an appropriate `as` value and it is preloaded intentionally.
[2026-04-01 01:48:52.836] [warn]  The resource https://discordapp.com/assets/cb2006dbced0e246.woff2 was preloaded using link preload but not used within a few seconds from the window's load event. Please make sure it has an appropriate `as` value and it is preloaded intentionally.
[2026-04-01 01:51:37.366] [info]  [GatewaySocket] [CONNECT] wss://gateway-us-east1-c.discord.gg, encoding: etf, version: 9, compression: zstd-stream
[2026-04-01 01:51:37.837] [info]  [GatewaySocket] [CONNECTED] wss://gateway-us-east1-c.discord.gg/?encoding=etf&v=9&compress=zstd-stream in 470 ms
[2026-04-01 01:51:37.838] [info]  [GatewaySocket] [RESUME] resuming session 4906d60781673c81768febcbd741f834, seq: 850
[2026-04-01 01:51:38.194] [info]  [Flux] Dispatching CONNECTION_RESUMED
[2026-04-01 01:51:38.197] [info]  [GatewaySocket] [RESUMED] took 831ms, replayed 0 events, new seq: 851
[2026-04-01 01:53:52.808] [warn]  The resource https://discordapp.com/assets/189422196a4f8b53.woff2 was preloaded using link preload but not used within a few seconds from the window's load event. Please make sure it has an appropriate `as` value and it is preloaded intentionally.
[2026-04-01 01:53:52.808] [warn]  The resource https://discordapp.com/assets/dd24010f3cf7def7.woff2 was preloaded using link preload but not used within a few seconds from the window's load event. Please make sure it has an appropriate `as` value and it is preloaded intentionally.
[2026-04-01 01:53:52.809] [warn]  The resource https://discordapp.com/assets/7a6a566c2e88a35d.woff2 was preloaded using link preload but not used within a few seconds from the window's load event. Please make sure it has an appropriate `as` value and it is preloaded intentionally.
[2026-04-01 01:53:52.809] [warn]  The resource https://discordapp.com/assets/e52f0cba712e2fb4.woff2 was preloaded using link preload but not used within a few seconds from the window's load event. Please make sure it has an appropriate `as` value and it is preloaded intentionally.
[2026-04-01 01:53:52.810] [warn]  The resource https://discordapp.com/assets/ce3b8055f5114434.woff2 was preloaded using link preload but not used within a few seconds from the window's load event. Please make sure it has an appropriate `as` value and it is preloaded intentionally.
[2026-04-01 01:53:52.810] [warn]  The resource https://discordapp.com/assets/cb2006dbced0e246.woff2 was preloaded using link preload but not used within a few seconds from the window's load event. Please make sure it has an appropriate `as` value and it is preloaded intentionally.
[2026-04-01 01:54:58.228] [warn]  The resource https://discordapp.com/assets/189422196a4f8b53.woff2 was preloaded using link preload but not used within a few seconds from the window's load event. Please make sure it has an appropriate `as` value and it is preloaded intentionally.
[2026-04-01 01:54:58.229] [warn]  The resource https://discordapp.com/assets/dd24010f3cf7def7.woff2 was preloaded using link preload but not used within a few seconds from the window's load event. Please make sure it has an appropriate `as` value and it is preloaded intentionally.
[2026-04-01 01:54:58.229] [warn]  The resource https://discordapp.com/assets/7a6a566c2e88a35d.woff2 was preloaded using link preload but not used within a few seconds from the window's load event. Please make sure it has an appropriate `as` value and it is preloaded intentionally.
[2026-04-01 01:54:58.230] [warn]  The resource https://discordapp.com/assets/e52f0cba712e2fb4.woff2 was preloaded using link preload but not used within a few seconds from the window's load event. Please make sure it has an appropriate `as` value and it is preloaded intentionally.
[2026-04-01 01:54:58.230] [warn]  The resource https://discordapp.com/assets/ce3b8055f5114434.woff2 was preloaded using link preload but not used within a few seconds from the window's load event. Please make sure it has an appropriate `as` value and it is preloaded intentionally.
[2026-04-01 01:54:58.230] [warn]  The resource https://discordapp.com/assets/cb2006dbced0e246.woff2 was preloaded using link preload but not used within a few seconds from the window's load event. Please make sure it has an appropriate `as` value and it is preloaded intentionally.
[2026-04-01 01:57:59.181] [warn]  The resource https://discordapp.com/assets/189422196a4f8b53.woff2 was preloaded using link preload but not used within a few seconds from the window's load event. Please make sure it has an appropriate `as` value and it is preloaded intentionally.
[2026-04-01 01:57:59.181] [warn]  The resource https://discordapp.com/assets/dd24010f3cf7def7.woff2 was preloaded using link preload but not used within a few seconds from the window's load event. Please make sure it has an appropriate `as` value and it is preloaded intentionally.
[2026-04-01 01:57:59.182] [warn]  The resource https://discordapp.com/assets/7a6a566c2e88a35d.woff2 was preloaded using link preload but not used within a few seconds from the window's load event. Please make sure it has an appropriate `as` value and it is preloaded intentionally.
[2026-04-01 01:57:59.182] [warn]  The resource https://discordapp.com/assets/e52f0cba712e2fb4.woff2 was preloaded using link preload but not used within a few seconds from the window's load event. Please make sure it has an appropriate `as` value and it is preloaded intentionally.
[2026-04-01 01:57:59.182] [warn]  The resource https://discordapp.com/assets/ce3b8055f5114434.woff2 was preloaded using link preload but not used within a few seconds from the window's load event. Please make sure it has an appropriate `as` value and it is preloaded intentionally.
[2026-04-01 01:57:59.182] [warn]  The resource https://discordapp.com/assets/cb2006dbced0e246.woff2 was preloaded using link preload but not used within a few seconds from the window's load event. Please make sure it has an appropriate `as` value and it is preloaded intentionally.
[2026-04-01 01:58:53.306] [warn]  The resource https://discordapp.com/assets/189422196a4f8b53.woff2 was preloaded using link preload but not used within a few seconds from the window's load event. Please make sure it has an appropriate `as` value and it is preloaded intentionally.
[2026-04-01 01:58:53.306] [warn]  The resource https://discordapp.com/assets/dd24010f3cf7def7.woff2 was preloaded using link preload but not used within a few seconds from the window's load event. Please make sure it has an appropriate `as` value and it is preloaded intentionally.
[2026-04-01 01:58:53.306] [warn]  The resource https://discordapp.com/assets/7a6a566c2e88a35d.woff2 was preloaded using link preload but not used within a few seconds from the window's load event. Please make sure it has an appropriate `as` value and it is preloaded intentionally.
[2026-04-01 01:58:53.307] [warn]  The resource https://discordapp.com/assets/e52f0cba712e2fb4.woff2 was preloaded using link preload but not used within a few seconds from the window's load event. Please make sure it has an appropriate `as` value and it is preloaded intentionally.
[2026-04-01 01:58:53.307] [warn]  The resource https://discordapp.com/assets/ce3b8055f5114434.woff2 was preloaded using link preload but not used within a few seconds from the window's load event. Please make sure it has an appropriate `as` value and it is preloaded intentionally.
[2026-04-01 01:58:53.307] [warn]  The resource https://discordapp.com/assets/cb2006dbced0e246.woff2 was preloaded using link preload but not used within a few seconds from the window's load event. Please make sure it has an appropriate `as` value and it is preloaded intentionally.
[2026-04-01 02:03:52.820] [warn]  The resource https://discordapp.com/assets/189422196a4f8b53.woff2 was preloaded using link preload but not used within a few seconds from the window's load event. Please make sure it has an appropriate `as` value and it is preloaded intentionally.
[2026-04-01 02:03:52.821] [warn]  The resource https://discordapp.com/assets/dd24010f3cf7def7.woff2 was preloaded using link preload but not used within a few seconds from the window's load event. Please make sure it has an appropriate `as` value and it is preloaded intentionally.
[2026-04-01 02:03:52.822] [warn]  The resource https://discordapp.com/assets/7a6a566c2e88a35d.woff2 was preloaded using link preload but not used within a few seconds from the window's load event. Please make sure it has an appropriate `as` value and it is preloaded intentionally.
[2026-04-01 02:03:52.822] [warn]  The resource https://discordapp.com/assets/e52f0cba712e2fb4.woff2 was preloaded using link preload but not used within a few seconds from the window's load event. Please make sure it has an appropriate `as` value and it is preloaded intentionally.
[2026-04-01 02:03:52.822] [warn]  The resource https://discordapp.com/assets/ce3b8055f5114434.woff2 was preloaded using link preload but not used within a few seconds from the window's load event. Please make sure it has an appropriate `as` value and it is preloaded intentionally.
[2026-04-01 02:03:52.823] [warn]  The resource https://discordapp.com/assets/cb2006dbced0e246.woff2 was preloaded using link preload but not used within a few seconds from the window's load event. Please make sure it has an appropriate `as` value and it is preloaded intentionally.
[2026-04-01 02:08:52.832] [warn]  The resource https://discordapp.com/assets/189422196a4f8b53.woff2 was preloaded using link preload but not used within a few seconds from the window's load event. Please make sure it has an appropriate `as` value and it is preloaded intentionally.
[2026-04-01 02:08:52.833] [warn]  The resource https://discordapp.com/assets/dd24010f3cf7def7.woff2 was preloaded using link preload but not used within a few seconds from the window's load event. Please make sure it has an appropriate `as` value and it is preloaded intentionally.
[2026-04-01 02:08:52.834] [warn]  The resource https://discordapp.com/assets/7a6a566c2e88a35d.woff2 was preloaded using link preload but not used within a few seconds from the window's load event. Please make sure it has an appropriate `as` value and it is preloaded intentionally.
[2026-04-01 02:08:52.834] [warn]  The resource https://discordapp.com/assets/e52f0cba712e2fb4.woff2 was preloaded using link preload but not used within a few seconds from the window's load event. Please make sure it has an appropriate `as` value and it is preloaded intentionally.
[2026-04-01 02:08:52.834] [warn]  The resource https://discordapp.com/assets/ce3b8055f5114434.woff2 was preloaded using link preload but not used within a few seconds from the window's load event. Please make sure it has an appropriate `as` value and it is preloaded intentionally.
[2026-04-01 02:08:52.835] [warn]  The resource https://discordapp.com/assets/cb2006dbced0e246.woff2 was preloaded using link preload but not used within a few seconds from the window's load event. Please make sure it has an appropriate `as` value and it is preloaded intentionally.
[2026-04-01 02:11:19.902] [info]  [GatewaySocket] [WS CLOSED] (false, 1006, ) retrying in 2.37 seconds.
[2026-04-01 02:11:22.277] [info]  [GatewaySocket] [CONNECT] wss://gateway-us-east1-c.discord.gg, encoding: etf, version: 9, compression: zstd-stream
[2026-04-01 02:11:22.715] [info]  [GatewaySocket] [CONNECTED] wss://gateway-us-east1-c.discord.gg/?encoding=etf&v=9&compress=zstd-stream in 438 ms
[2026-04-01 02:11:22.716] [info]  [GatewaySocket] [RESUME] resuming session 4906d60781673c81768febcbd741f834, seq: 894
[2026-04-01 02:11:23.066] [info]  [Flux] Dispatching CONNECTION_RESUMED
[2026-04-01 02:11:23.071] [info]  [GatewaySocket] [RESUMED] took 795ms, replayed 0 events, new seq: 895
[2026-04-01 02:11:26.472] [warn]  The resource https://discordapp.com/assets/189422196a4f8b53.woff2 was preloaded using link preload but not used within a few seconds from the window's load event. Please make sure it has an appropriate `as` value and it is preloaded intentionally.
[2026-04-01 02:11:26.473] [warn]  The resource https://discordapp.com/assets/dd24010f3cf7def7.woff2 was preloaded using link preload but not used within a few seconds from the window's load event. Please make sure it has an appropriate `as` value and it is preloaded intentionally.
[2026-04-01 02:11:26.474] [warn]  The resource https://discordapp.com/assets/7a6a566c2e88a35d.woff2 was preloaded using link preload but not used within a few seconds from the window's load event. Please make sure it has an appropriate `as` value and it is preloaded intentionally.
[2026-04-01 02:11:26.474] [warn]  The resource https://discordapp.com/assets/e52f0cba712e2fb4.woff2 was preloaded using link preload but not used within a few seconds from the window's load event. Please make sure it has an appropriate `as` value and it is preloaded intentionally.
[2026-04-01 02:11:26.475] [warn]  The resource https://discordapp.com/assets/ce3b8055f5114434.woff2 was preloaded using link preload but not used within a few seconds from the window's load event. Please make sure it has an appropriate `as` value and it is preloaded intentionally.
[2026-04-01 02:11:26.475] [warn]  The resource https://discordapp.com/assets/cb2006dbced0e246.woff2 was preloaded using link preload but not used within a few seconds from the window's load event. Please make sure it has an appropriate `as` value and it is preloaded intentionally.
[2026-04-01 02:12:59.235] [warn]  The resource https://discordapp.com/assets/189422196a4f8b53.woff2 was preloaded using link preload but not used within a few seconds from the window's load event. Please make sure it has an appropriate `as` value and it is preloaded intentionally.
[2026-04-01 02:12:59.235] [warn]  The resource https://discordapp.com/assets/dd24010f3cf7def7.woff2 was preloaded using link preload but not used within a few seconds from the window's load event. Please make sure it has an appropriate `as` value and it is preloaded intentionally.
[2026-04-01 02:12:59.236] [warn]  The resource https://discordapp.com/assets/7a6a566c2e88a35d.woff2 was preloaded using link preload but not used within a few seconds from the window's load event. Please make sure it has an appropriate `as` value and it is preloaded intentionally.
[2026-04-01 02:12:59.236] [warn]  The resource https://discordapp.com/assets/e52f0cba712e2fb4.woff2 was preloaded using link preload but not used within a few seconds from the window's load event. Please make sure it has an appropriate `as` value and it is preloaded intentionally.
[2026-04-01 02:12:59.236] [warn]  The resource https://discordapp.com/assets/ce3b8055f5114434.woff2 was preloaded using link preload but not used within a few seconds from the window's load event. Please make sure it has an appropriate `as` value and it is preloaded intentionally.
[2026-04-01 02:12:59.236] [warn]  The resource https://discordapp.com/assets/cb2006dbced0e246.woff2 was preloaded using link preload but not used within a few seconds from the window's load event. Please make sure it has an appropriate `as` value and it is preloaded intentionally.
[2026-04-01 02:13:53.038] [warn]  The resource https://discordapp.com/assets/189422196a4f8b53.woff2 was preloaded using link preload but not used within a few seconds from the window's load event. Please make sure it has an appropriate `as` value and it is preloaded intentionally.
[2026-04-01 02:13:53.038] [warn]  The resource https://discordapp.com/assets/dd24010f3cf7def7.woff2 was preloaded using link preload but not used within a few seconds from the window's load event. Please make sure it has an appropriate `as` value and it is preloaded intentionally.
[2026-04-01 02:13:53.039] [warn]  The resource https://discordapp.com/assets/7a6a566c2e88a35d.woff2 was preloaded using link preload but not used within a few seconds from the window's load event. Please make sure it has an appropriate `as` value and it is preloaded intentionally.
[2026-04-01 02:13:53.039] [warn]  The resource https://discordapp.com/assets/e52f0cba712e2fb4.woff2 was preloaded using link preload but not used within a few seconds from the window's load event. Please make sure it has an appropriate `as` value and it is preloaded intentionally.
[2026-04-01 02:13:53.040] [warn]  The resource https://discordapp.com/assets/ce3b8055f5114434.woff2 was preloaded using link preload but not used within a few seconds from the window's load event. Please make sure it has an appropriate `as` value and it is preloaded intentionally.
[2026-04-01 02:13:53.040] [warn]  The resource https://discordapp.com/assets/cb2006dbced0e246.woff2 was preloaded using link preload but not used within a few seconds from the window's load event. Please make sure it has an appropriate `as` value and it is preloaded intentionally.
[2026-04-01 02:18:52.823] [warn]  The resource https://discordapp.com/assets/189422196a4f8b53.woff2 was preloaded using link preload but not used within a few seconds from the window's load event. Please make sure it has an appropriate `as` value and it is preloaded intentionally.
[2026-04-01 02:18:52.824] [warn]  The resource https://discordapp.com/assets/dd24010f3cf7def7.woff2 was preloaded using link preload but not used within a few seconds from the window's load event. Please make sure it has an appropriate `as` value and it is preloaded intentionally.
[2026-04-01 02:18:52.824] [warn]  The resource https://discordapp.com/assets/7a6a566c2e88a35d.woff2 was preloaded using link preload but not used within a few seconds from the window's load event. Please make sure it has an appropriate `as` value and it is preloaded intentionally.
[2026-04-01 02:18:52.824] [warn]  The resource https://discordapp.com/assets/e52f0cba712e2fb4.woff2 was preloaded using link preload but not used within a few seconds from the window's load event. Please make sure it has an appropriate `as` value and it is preloaded intentionally.
[2026-04-01 02:18:52.825] [warn]  The resource https://discordapp.com/assets/ce3b8055f5114434.woff2 was preloaded using link preload but not used within a few seconds from the window's load event. Please make sure it has an appropriate `as` value and it is preloaded intentionally.
[2026-04-01 02:18:52.825] [warn]  The resource https://discordapp.com/assets/cb2006dbced0e246.woff2 was preloaded using link preload but not used within a few seconds from the window's load event. Please make sure it has an appropriate `as` value and it is preloaded intentionally.
[2026-04-01 02:21:14.346] [info]  [GatewaySocket] [WS CLOSED] (false, 1006, ) retrying in 2.42 seconds.
[2026-04-01 02:21:16.770] [info]  [GatewaySocket] [CONNECT] wss://gateway-us-east1-c.discord.gg, encoding: etf, version: 9, compression: zstd-stream
[2026-04-01 02:21:17.235] [info]  [GatewaySocket] [CONNECTED] wss://gateway-us-east1-c.discord.gg/?encoding=etf&v=9&compress=zstd-stream in 465 ms
[2026-04-01 02:21:17.236] [info]  [GatewaySocket] [RESUME] resuming session 4906d60781673c81768febcbd741f834, seq: 915
[2026-04-01 02:21:17.600] [info]  [Flux] Dispatching CONNECTION_RESUMED
[2026-04-01 02:21:17.602] [info]  [GatewaySocket] [RESUMED] took 832ms, replayed 0 events, new seq: 916
[2026-04-01 02:21:33.756] [warn]  The resource https://discordapp.com/assets/189422196a4f8b53.woff2 was preloaded using link preload but not used within a few seconds from the window's load event. Please make sure it has an appropriate `as` value and it is preloaded intentionally.
[2026-04-01 02:21:33.757] [warn]  The resource https://discordapp.com/assets/dd24010f3cf7def7.woff2 was preloaded using link preload but not used within a few seconds from the window's load event. Please make sure it has an appropriate `as` value and it is preloaded intentionally.
[2026-04-01 02:21:33.757] [warn]  The resource https://discordapp.com/assets/7a6a566c2e88a35d.woff2 was preloaded using link preload but not used within a few seconds from the window's load event. Please make sure it has an appropriate `as` value and it is preloaded intentionally.
[2026-04-01 02:21:33.758] [warn]  The resource https://discordapp.com/assets/e52f0cba712e2fb4.woff2 was preloaded using link preload but not used within a few seconds from the window's load event. Please make sure it has an appropriate `as` value and it is preloaded intentionally.
[2026-04-01 02:21:33.758] [warn]  The resource https://discordapp.com/assets/ce3b8055f5114434.woff2 was preloaded using link preload but not used within a few seconds from the window's load event. Please make sure it has an appropriate `as` value and it is preloaded intentionally.
[2026-04-01 02:21:33.759] [warn]  The resource https://discordapp.com/assets/cb2006dbced0e246.woff2 was preloaded using link preload but not used within a few seconds from the window's load event. Please make sure it has an appropriate `as` value and it is preloaded intentionally.
[2026-04-01 02:23:52.825] [warn]  The resource https://discordapp.com/assets/189422196a4f8b53.woff2 was preloaded using link preload but not used within a few seconds from the window's load event. Please make sure it has an appropriate `as` value and it is preloaded intentionally.
[2026-04-01 02:23:52.826] [warn]  The resource https://discordapp.com/assets/dd24010f3cf7def7.woff2 was preloaded using link preload but not used within a few seconds from the window's load event. Please make sure it has an appropriate `as` value and it is preloaded intentionally.
[2026-04-01 02:23:52.827] [warn]  The resource https://discordapp.com/assets/7a6a566c2e88a35d.woff2 was preloaded using link preload but not used within a few seconds from the window's load event. Please make sure it has an appropriate `as` value and it is preloaded intentionally.
[2026-04-01 02:23:52.827] [warn]  The resource https://discordapp.com/assets/e52f0cba712e2fb4.woff2 was preloaded using link preload but not used within a few seconds from the window's load event. Please make sure it has an appropriate `as` value and it is preloaded intentionally.
[2026-04-01 02:23:52.827] [warn]  The resource https://discordapp.com/assets/ce3b8055f5114434.woff2 was preloaded using link preload but not used within a few seconds from the window's load event. Please make sure it has an appropriate `as` value and it is preloaded intentionally.
[2026-04-01 02:23:52.828] [warn]  The resource https://discordapp.com/assets/cb2006dbced0e246.woff2 was preloaded using link preload but not used within a few seconds from the window's load event. Please make sure it has an appropriate `as` value and it is preloaded intentionally.
[2026-04-01 02:27:59.222] [warn]  The resource https://discordapp.com/assets/189422196a4f8b53.woff2 was preloaded using link preload but not used within a few seconds from the window's load event. Please make sure it has an appropriate `as` value and it is preloaded intentionally.
[2026-04-01 02:27:59.223] [warn]  The resource https://discordapp.com/assets/dd24010f3cf7def7.woff2 was preloaded using link preload but not used within a few seconds from the window's load event. Please make sure it has an appropriate `as` value and it is preloaded intentionally.
[2026-04-01 02:27:59.224] [warn]  The resource https://discordapp.com/assets/7a6a566c2e88a35d.woff2 was preloaded using link preload but not used within a few seconds from the window's load event. Please make sure it has an appropriate `as` value and it is preloaded intentionally.
[2026-04-01 02:27:59.224] [warn]  The resource https://discordapp.com/assets/e52f0cba712e2fb4.woff2 was preloaded using link preload but not used within a few seconds from the window's load event. Please make sure it has an appropriate `as` value and it is preloaded intentionally.
[2026-04-01 02:27:59.225] [warn]  The resource https://discordapp.com/assets/ce3b8055f5114434.woff2 was preloaded using link preload but not used within a few seconds from the window's load event. Please make sure it has an appropriate `as` value and it is preloaded intentionally.
[2026-04-01 02:27:59.225] [warn]  The resource https://discordapp.com/assets/cb2006dbced0e246.woff2 was preloaded using link preload but not used within a few seconds from the window's load event. Please make sure it has an appropriate `as` value and it is preloaded intentionally.
[2026-04-01 02:28:52.833] [warn]  The resource https://discordapp.com/assets/189422196a4f8b53.woff2 was preloaded using link preload but not used within a few seconds from the window's load event. Please make sure it has an appropriate `as` value and it is preloaded intentionally.
[2026-04-01 02:28:52.833] [warn]  The resource https://discordapp.com/assets/dd24010f3cf7def7.woff2 was preloaded using link preload but not used within a few seconds from the window's load event. Please make sure it has an appropriate `as` value and it is preloaded intentionally.
[2026-04-01 02:28:52.834] [warn]  The resource https://discordapp.com/assets/7a6a566c2e88a35d.woff2 was preloaded using link preload but not used within a few seconds from the window's load event. Please make sure it has an appropriate `as` value and it is preloaded intentionally.
[2026-04-01 02:28:52.834] [warn]  The resource https://discordapp.com/assets/e52f0cba712e2fb4.woff2 was preloaded using link preload but not used within a few seconds from the window's load event. Please make sure it has an appropriate `as` value and it is preloaded intentionally.
[2026-04-01 02:28:52.835] [warn]  The resource https://discordapp.com/assets/ce3b8055f5114434.woff2 was preloaded using link preload but not used within a few seconds from the window's load event. Please make sure it has an appropriate `as` value and it is preloaded intentionally.
[2026-04-01 02:28:52.835] [warn]  The resource https://discordapp.com/assets/cb2006dbced0e246.woff2 was preloaded using link preload but not used within a few seconds from the window's load event. Please make sure it has an appropriate `as` value and it is preloaded intentionally.
[2026-04-01 02:33:52.824] [warn]  The resource https://discordapp.com/assets/189422196a4f8b53.woff2 was preloaded using link preload but not used within a few seconds from the window's load event. Please make sure it has an appropriate `as` value and it is preloaded intentionally.
[2026-04-01 02:33:52.825] [warn]  The resource https://discordapp.com/assets/dd24010f3cf7def7.woff2 was preloaded using link preload but not used within a few seconds from the window's load event. Please make sure it has an appropriate `as` value and it is preloaded intentionally.
[2026-04-01 02:33:52.825] [warn]  The resource https://discordapp.com/assets/7a6a566c2e88a35d.woff2 was preloaded using link preload but not used within a few seconds from the window's load event. Please make sure it has an appropriate `as` value and it is preloaded intentionally.
[2026-04-01 02:33:52.826] [warn]  The resource https://discordapp.com/assets/e52f0cba712e2fb4.woff2 was preloaded using link preload but not used within a few seconds from the window's load event. Please make sure it has an appropriate `as` value and it is preloaded intentionally.
[2026-04-01 02:33:52.826] [warn]  The resource https://discordapp.com/assets/ce3b8055f5114434.woff2 was preloaded using link preload but not used within a few seconds from the window's load event. Please make sure it has an appropriate `as` value and it is preloaded intentionally.
[2026-04-01 02:33:52.827] [warn]  The resource https://discordapp.com/assets/cb2006dbced0e246.woff2 was preloaded using link preload but not used within a few seconds from the window's load event. Please make sure it has an appropriate `as` value and it is preloaded intentionally.
[2026-04-01 02:38:52.820] [warn]  The resource https://discordapp.com/assets/189422196a4f8b53.woff2 was preloaded using link preload but not used within a few seconds from the window's load event. Please make sure it has an appropriate `as` value and it is preloaded intentionally.
[2026-04-01 02:38:52.821] [warn]  The resource https://discordapp.com/assets/dd24010f3cf7def7.woff2 was preloaded using link preload but not used within a few seconds from the window's load event. Please make sure it has an appropriate `as` value and it is preloaded intentionally.
[2026-04-01 02:38:52.821] [warn]  The resource https://discordapp.com/assets/7a6a566c2e88a35d.woff2 was preloaded using link preload but not used within a few seconds from the window's load event. Please make sure it has an appropriate `as` value and it is preloaded intentionally.
[2026-04-01 02:38:52.822] [warn]  The resource https://discordapp.com/assets/e52f0cba712e2fb4.woff2 was preloaded using link preload but not used within a few seconds from the window's load event. Please make sure it has an appropriate `as` value and it is preloaded intentionally.
[2026-04-01 02:38:52.822] [warn]  The resource https://discordapp.com/assets/ce3b8055f5114434.woff2 was preloaded using link preload but not used within a few seconds from the window's load event. Please make sure it has an appropriate `as` value and it is preloaded intentionally.
[2026-04-01 02:38:52.822] [warn]  The resource https://discordapp.com/assets/cb2006dbced0e246.woff2 was preloaded using link preload but not used within a few seconds from the window's load event. Please make sure it has an appropriate `as` value and it is preloaded intentionally.
[2026-04-01 02:42:59.251] [warn]  The resource https://discordapp.com/assets/189422196a4f8b53.woff2 was preloaded using link preload but not used within a few seconds from the window's load event. Please make sure it has an appropriate `as` value and it is preloaded intentionally.
[2026-04-01 02:42:59.251] [warn]  The resource https://discordapp.com/assets/dd24010f3cf7def7.woff2 was preloaded using link preload but not used within a few seconds from the window's load event. Please make sure it has an appropriate `as` value and it is preloaded intentionally.
[2026-04-01 02:42:59.252] [warn]  The resource https://discordapp.com/assets/7a6a566c2e88a35d.woff2 was preloaded using link preload but not used within a few seconds from the window's load event. Please make sure it has an appropriate `as` value and it is preloaded intentionally.
[2026-04-01 02:42:59.252] [warn]  The resource https://discordapp.com/assets/e52f0cba712e2fb4.woff2 was preloaded using link preload but not used within a few seconds from the window's load event. Please make sure it has an appropriate `as` value and it is preloaded intentionally.
[2026-04-01 02:42:59.252] [warn]  The resource https://discordapp.com/assets/ce3b8055f5114434.woff2 was preloaded using link preload but not used within a few seconds from the window's load event. Please make sure it has an appropriate `as` value and it is preloaded intentionally.
[2026-04-01 02:42:59.252] [warn]  The resource https://discordapp.com/assets/cb2006dbced0e246.woff2 was preloaded using link preload but not used within a few seconds from the window's load event. Please make sure it has an appropriate `as` value and it is preloaded intentionally.
[2026-04-01 02:43:45.195] [warn]  The resource https://discordapp.com/assets/189422196a4f8b53.woff2 was preloaded using link preload but not used within a few seconds from the window's load event. Please make sure it has an appropriate `as` value and it is preloaded intentionally.
[2026-04-01 02:43:45.196] [warn]  The resource https://discordapp.com/assets/dd24010f3cf7def7.woff2 was preloaded using link preload but not used within a few seconds from the window's load event. Please make sure it has an appropriate `as` value and it is preloaded intentionally.
[2026-04-01 02:43:45.196] [warn]  The resource https://discordapp.com/assets/7a6a566c2e88a35d.woff2 was preloaded using link preload but not used within a few seconds from the window's load event. Please make sure it has an appropriate `as` value and it is preloaded intentionally.
[2026-04-01 02:43:45.197] [warn]  The resource https://discordapp.com/assets/e52f0cba712e2fb4.woff2 was preloaded using link preload but not used within a few seconds from the window's load event. Please make sure it has an appropriate `as` value and it is preloaded intentionally.
[2026-04-01 02:43:45.197] [warn]  The resource https://discordapp.com/assets/ce3b8055f5114434.woff2 was preloaded using link preload but not used within a few seconds from the window's load event. Please make sure it has an appropriate `as` value and it is preloaded intentionally.
[2026-04-01 02:43:45.197] [warn]  The resource https://discordapp.com/assets/cb2006dbced0e246.woff2 was preloaded using link preload but not used within a few seconds from the window's load event. Please make sure it has an appropriate `as` value and it is preloaded intentionally.
[2026-04-01 02:43:52.830] [warn]  The resource https://discordapp.com/assets/189422196a4f8b53.woff2 was preloaded using link preload but not used within a few seconds from the window's load event. Please make sure it has an appropriate `as` value and it is preloaded intentionally.
[2026-04-01 02:43:52.831] [warn]  The resource https://discordapp.com/assets/dd24010f3cf7def7.woff2 was preloaded using link preload but not used within a few seconds from the window's load event. Please make sure it has an appropriate `as` value and it is preloaded intentionally.
[2026-04-01 02:43:52.831] [warn]  The resource https://discordapp.com/assets/7a6a566c2e88a35d.woff2 was preloaded using link preload but not used within a few seconds from the window's load event. Please make sure it has an appropriate `as` value and it is preloaded intentionally.
[2026-04-01 02:43:52.832] [warn]  The resource https://discordapp.com/assets/e52f0cba712e2fb4.woff2 was preloaded using link preload but not used within a few seconds from the window's load event. Please make sure it has an appropriate `as` value and it is preloaded intentionally.
[2026-04-01 02:43:52.832] [warn]  The resource https://discordapp.com/assets/ce3b8055f5114434.woff2 was preloaded using link preload but not used within a few seconds from the window's load event. Please make sure it has an appropriate `as` value and it is preloaded intentionally.
[2026-04-01 02:43:52.832] [warn]  The resource https://discordapp.com/assets/cb2006dbced0e246.woff2 was preloaded using link preload but not used within a few seconds from the window's load event. Please make sure it has an appropriate `as` value and it is preloaded intentionally.
[2026-04-01 02:48:52.819] [warn]  The resource https://discordapp.com/assets/189422196a4f8b53.woff2 was preloaded using link preload but not used within a few seconds from the window's load event. Please make sure it has an appropriate `as` value and it is preloaded intentionally.
[2026-04-01 02:48:52.820] [warn]  The resource https://discordapp.com/assets/dd24010f3cf7def7.woff2 was preloaded using link preload but not used within a few seconds from the window's load event. Please make sure it has an appropriate `as` value and it is preloaded intentionally.
[2026-04-01 02:48:52.820] [warn]  The resource https://discordapp.com/assets/7a6a566c2e88a35d.woff2 was preloaded using link preload but not used within a few seconds from the window's load event. Please make sure it has an appropriate `as` value and it is preloaded intentionally.
[2026-04-01 02:48:52.821] [warn]  The resource https://discordapp.com/assets/e52f0cba712e2fb4.woff2 was preloaded using link preload but not used within a few seconds from the window's load event. Please make sure it has an appropriate `as` value and it is preloaded intentionally.
[2026-04-01 02:48:52.821] [warn]  The resource https://discordapp.com/assets/ce3b8055f5114434.woff2 was preloaded using link preload but not used within a few seconds from the window's load event. Please make sure it has an appropriate `as` value and it is preloaded intentionally.
[2026-04-01 02:48:52.821] [warn]  The resource https://discordapp.com/assets/cb2006dbced0e246.woff2 was preloaded using link preload but not used within a few seconds from the window's load event. Please make sure it has an appropriate `as` value and it is preloaded intentionally.
[2026-04-01 02:53:52.816] [warn]  The resource https://discordapp.com/assets/189422196a4f8b53.woff2 was preloaded using link preload but not used within a few seconds from the window's load event. Please make sure it has an appropriate `as` value and it is preloaded intentionally.
[2026-04-01 02:53:52.817] [warn]  The resource https://discordapp.com/assets/dd24010f3cf7def7.woff2 was preloaded using link preload but not used within a few seconds from the window's load event. Please make sure it has an appropriate `as` value and it is preloaded intentionally.
[2026-04-01 02:53:52.817] [warn]  The resource https://discordapp.com/assets/7a6a566c2e88a35d.woff2 was preloaded using link preload but not used within a few seconds from the window's load event. Please make sure it has an appropriate `as` value and it is preloaded intentionally.
[2026-04-01 02:53:52.818] [warn]  The resource https://discordapp.com/assets/e52f0cba712e2fb4.woff2 was preloaded using link preload but not used within a few seconds from the window's load event. Please make sure it has an appropriate `as` value and it is preloaded intentionally.
[2026-04-01 02:53:52.818] [warn]  The resource https://discordapp.com/assets/ce3b8055f5114434.woff2 was preloaded using link preload but not used within a few seconds from the window's load event. Please make sure it has an appropriate `as` value and it is preloaded intentionally.
[2026-04-01 02:53:52.818] [warn]  The resource https://discordapp.com/assets/cb2006dbced0e246.woff2 was preloaded using link preload but not used within a few seconds from the window's load event. Please make sure it has an appropriate `as` value and it is preloaded intentionally.
[2026-04-01 02:57:21.411] [warn]  The resource https://discordapp.com/assets/189422196a4f8b53.woff2 was preloaded using link preload but not used within a few seconds from the window's load event. Please make sure it has an appropriate `as` value and it is preloaded intentionally.
[2026-04-01 02:57:21.412] [warn]  The resource https://discordapp.com/assets/dd24010f3cf7def7.woff2 was preloaded using link preload but not used within a few seconds from the window's load event. Please make sure it has an appropriate `as` value and it is preloaded intentionally.
[2026-04-01 02:57:21.412] [warn]  The resource https://discordapp.com/assets/7a6a566c2e88a35d.woff2 was preloaded using link preload but not used within a few seconds from the window's load event. Please make sure it has an appropriate `as` value and it is preloaded intentionally.
[2026-04-01 02:57:21.413] [warn]  The resource https://discordapp.com/assets/e52f0cba712e2fb4.woff2 was preloaded using link preload but not used within a few seconds from the window's load event. Please make sure it has an appropriate `as` value and it is preloaded intentionally.
[2026-04-01 02:57:21.413] [warn]  The resource https://discordapp.com/assets/ce3b8055f5114434.woff2 was preloaded using link preload but not used within a few seconds from the window's load event. Please make sure it has an appropriate `as` value and it is preloaded intentionally.
[2026-04-01 02:57:21.413] [warn]  The resource https://discordapp.com/assets/cb2006dbced0e246.woff2 was preloaded using link preload but not used within a few seconds from the window's load event. Please make sure it has an appropriate `as` value and it is preloaded intentionally.
[2026-04-01 02:57:59.235] [warn]  The resource https://discordapp.com/assets/189422196a4f8b53.woff2 was preloaded using link preload but not used within a few seconds from the window's load event. Please make sure it has an appropriate `as` value and it is preloaded intentionally.
[2026-04-01 02:57:59.236] [warn]  The resource https://discordapp.com/assets/dd24010f3cf7def7.woff2 was preloaded using link preload but not used within a few seconds from the window's load event. Please make sure it has an appropriate `as` value and it is preloaded intentionally.
[2026-04-01 02:57:59.237] [warn]  The resource https://discordapp.com/assets/7a6a566c2e88a35d.woff2 was preloaded using link preload but not used within a few seconds from the window's load event. Please make sure it has an appropriate `as` value and it is preloaded intentionally.
[2026-04-01 02:57:59.238] [warn]  The resource https://discordapp.com/assets/e52f0cba712e2fb4.woff2 was preloaded using link preload but not used within a few seconds from the window's load event. Please make sure it has an appropriate `as` value and it is preloaded intentionally.
[2026-04-01 02:57:59.238] [warn]  The resource https://discordapp.com/assets/ce3b8055f5114434.woff2 was preloaded using link preload but not used within a few seconds from the window's load event. Please make sure it has an appropriate `as` value and it is preloaded intentionally.
[2026-04-01 02:57:59.239] [warn]  The resource https://discordapp.com/assets/cb2006dbced0e246.woff2 was preloaded using link preload but not used within a few seconds from the window's load event. Please make sure it has an appropriate `as` value and it is preloaded intentionally.
[2026-04-01 02:58:53.348] [warn]  The resource https://discordapp.com/assets/189422196a4f8b53.woff2 was preloaded using link preload but not used within a few seconds from the window's load event. Please make sure it has an appropriate `as` value and it is preloaded intentionally.
[2026-04-01 02:58:53.349] [warn]  The resource https://discordapp.com/assets/dd24010f3cf7def7.woff2 was preloaded using link preload but not used within a few seconds from the window's load event. Please make sure it has an appropriate `as` value and it is preloaded intentionally.
[2026-04-01 02:58:53.349] [warn]  The resource https://discordapp.com/assets/7a6a566c2e88a35d.woff2 was preloaded using link preload but not used within a few seconds from the window's load event. Please make sure it has an appropriate `as` value and it is preloaded intentionally.
[2026-04-01 02:58:53.350] [warn]  The resource https://discordapp.com/assets/e52f0cba712e2fb4.woff2 was preloaded using link preload but not used within a few seconds from the window's load event. Please make sure it has an appropriate `as` value and it is preloaded intentionally.
[2026-04-01 02:58:53.350] [warn]  The resource https://discordapp.com/assets/ce3b8055f5114434.woff2 was preloaded using link preload but not used within a few seconds from the window's load event. Please make sure it has an appropriate `as` value and it is preloaded intentionally.
[2026-04-01 02:58:53.351] [warn]  The resource https://discordapp.com/assets/cb2006dbced0e246.woff2 was preloaded using link preload but not used within a few seconds from the window's load event. Please make sure it has an appropriate `as` value and it is preloaded intentionally.
[2026-04-01 02:59:00.766] [info]  [libdiscore] [BlockedDomainsStore] Successfully fetched blocked domains
[2026-04-01 02:59:03.753] [warn]  The resource https://discordapp.com/assets/189422196a4f8b53.woff2 was preloaded using link preload but not used within a few seconds from the window's load event. Please make sure it has an appropriate `as` value and it is preloaded intentionally.
[2026-04-01 02:59:03.754] [warn]  The resource https://discordapp.com/assets/dd24010f3cf7def7.woff2 was preloaded using link preload but not used within a few seconds from the window's load event. Please make sure it has an appropriate `as` value and it is preloaded intentionally.
[2026-04-01 02:59:03.754] [warn]  The resource https://discordapp.com/assets/7a6a566c2e88a35d.woff2 was preloaded using link preload but not used within a few seconds from the window's load event. Please make sure it has an appropriate `as` value and it is preloaded intentionally.
[2026-04-01 02:59:03.755] [warn]  The resource https://discordapp.com/assets/e52f0cba712e2fb4.woff2 was preloaded using link preload but not used within a few seconds from the window's load event. Please make sure it has an appropriate `as` value and it is preloaded intentionally.
[2026-04-01 02:59:03.755] [warn]  The resource https://discordapp.com/assets/ce3b8055f5114434.woff2 was preloaded using link preload but not used within a few seconds from the window's load event. Please make sure it has an appropriate `as` value and it is preloaded intentionally.
[2026-04-01 02:59:03.756] [warn]  The resource https://discordapp.com/assets/cb2006dbced0e246.woff2 was preloaded using link preload but not used within a few seconds from the window's load event. Please make sure it has an appropriate `as` value and it is preloaded intentionally.
[2026-04-01 03:03:52.819] [warn]  The resource https://discordapp.com/assets/189422196a4f8b53.woff2 was preloaded using link preload but not used within a few seconds from the window's load event. Please make sure it has an appropriate `as` value and it is preloaded intentionally.
[2026-04-01 03:03:52.819] [warn]  The resource https://discordapp.com/assets/dd24010f3cf7def7.woff2 was preloaded using link preload but not used within a few seconds from the window's load event. Please make sure it has an appropriate `as` value and it is preloaded intentionally.
[2026-04-01 03:03:52.820] [warn]  The resource https://discordapp.com/assets/7a6a566c2e88a35d.woff2 was preloaded using link preload but not used within a few seconds from the window's load event. Please make sure it has an appropriate `as` value and it is preloaded intentionally.
[2026-04-01 03:03:52.820] [warn]  The resource https://discordapp.com/assets/e52f0cba712e2fb4.woff2 was preloaded using link preload but not used within a few seconds from the window's load event. Please make sure it has an appropriate `as` value and it is preloaded intentionally.
[2026-04-01 03:03:52.821] [warn]  The resource https://discordapp.com/assets/ce3b8055f5114434.woff2 was preloaded using link preload but not used within a few seconds from the window's load event. Please make sure it has an appropriate `as` value and it is preloaded intentionally.
[2026-04-01 03:03:52.821] [warn]  The resource https://discordapp.com/assets/cb2006dbced0e246.woff2 was preloaded using link preload but not used within a few seconds from the window's load event. Please make sure it has an appropriate `as` value and it is preloaded intentionally.
[2026-04-01 03:08:52.824] [warn]  The resource https://discordapp.com/assets/189422196a4f8b53.woff2 was preloaded using link preload but not used within a few seconds from the window's load event. Please make sure it has an appropriate `as` value and it is preloaded intentionally.
[2026-04-01 03:08:52.825] [warn]  The resource https://discordapp.com/assets/dd24010f3cf7def7.woff2 was preloaded using link preload but not used within a few seconds from the window's load event. Please make sure it has an appropriate `as` value and it is preloaded intentionally.
[2026-04-01 03:08:52.826] [warn]  The resource https://discordapp.com/assets/7a6a566c2e88a35d.woff2 was preloaded using link preload but not used within a few seconds from the window's load event. Please make sure it has an appropriate `as` value and it is preloaded intentionally.
[2026-04-01 03:08:52.826] [warn]  The resource https://discordapp.com/assets/e52f0cba712e2fb4.woff2 was preloaded using link preload but not used within a few seconds from the window's load event. Please make sure it has an appropriate `as` value and it is preloaded intentionally.
[2026-04-01 03:08:52.826] [warn]  The resource https://discordapp.com/assets/ce3b8055f5114434.woff2 was preloaded using link preload but not used within a few seconds from the window's load event. Please make sure it has an appropriate `as` value and it is preloaded intentionally.
[2026-04-01 03:08:52.827] [warn]  The resource https://discordapp.com/assets/cb2006dbced0e246.woff2 was preloaded using link preload but not used within a few seconds from the window's load event. Please make sure it has an appropriate `as` value and it is preloaded intentionally.
[2026-04-01 03:12:59.279] [warn]  The resource https://discordapp.com/assets/189422196a4f8b53.woff2 was preloaded using link preload but not used within a few seconds from the window's load event. Please make sure it has an appropriate `as` value and it is preloaded intentionally.
[2026-04-01 03:12:59.280] [warn]  The resource https://discordapp.com/assets/dd24010f3cf7def7.woff2 was preloaded using link preload but not used within a few seconds from the window's load event. Please make sure it has an appropriate `as` value and it is preloaded intentionally.
[2026-04-01 03:12:59.280] [warn]  The resource https://discordapp.com/assets/7a6a566c2e88a35d.woff2 was preloaded using link preload but not used within a few seconds from the window's load event. Please make sure it has an appropriate `as` value and it is preloaded intentionally.
[2026-04-01 03:12:59.281] [warn]  The resource https://discordapp.com/assets/e52f0cba712e2fb4.woff2 was preloaded using link preload but not used within a few seconds from the window's load event. Please make sure it has an appropriate `as` value and it is preloaded intentionally.
[2026-04-01 03:12:59.281] [warn]  The resource https://discordapp.com/assets/ce3b8055f5114434.woff2 was preloaded using link preload but not used within a few seconds from the window's load event. Please make sure it has an appropriate `as` value and it is preloaded intentionally.
[2026-04-01 03:12:59.281] [warn]  The resource https://discordapp.com/assets/cb2006dbced0e246.woff2 was preloaded using link preload but not used within a few seconds from the window's load event. Please make sure it has an appropriate `as` value and it is preloaded intentionally.
[2026-04-01 03:13:52.839] [warn]  The resource https://discordapp.com/assets/189422196a4f8b53.woff2 was preloaded using link preload but not used within a few seconds from the window's load event. Please make sure it has an appropriate `as` value and it is preloaded intentionally.
[2026-04-01 03:13:52.839] [warn]  The resource https://discordapp.com/assets/dd24010f3cf7def7.woff2 was preloaded using link preload but not used within a few seconds from the window's load event. Please make sure it has an appropriate `as` value and it is preloaded intentionally.
[2026-04-01 03:13:52.840] [warn]  The resource https://discordapp.com/assets/7a6a566c2e88a35d.woff2 was preloaded using link preload but not used within a few seconds from the window's load event. Please make sure it has an appropriate `as` value and it is preloaded intentionally.
[2026-04-01 03:13:52.840] [warn]  The resource https://discordapp.com/assets/e52f0cba712e2fb4.woff2 was preloaded using link preload but not used within a few seconds from the window's load event. Please make sure it has an appropriate `as` value and it is preloaded intentionally.
[2026-04-01 03:13:52.841] [warn]  The resource https://discordapp.com/assets/ce3b8055f5114434.woff2 was preloaded using link preload but not used within a few seconds from the window's load event. Please make sure it has an appropriate `as` value and it is preloaded intentionally.
[2026-04-01 03:13:52.841] [warn]  The resource https://discordapp.com/assets/cb2006dbced0e246.woff2 was preloaded using link preload but not used within a few seconds from the window's load event. Please make sure it has an appropriate `as` value and it is preloaded intentionally.
[2026-04-01 03:18:52.826] [warn]  The resource https://discordapp.com/assets/189422196a4f8b53.woff2 was preloaded using link preload but not used within a few seconds from the window's load event. Please make sure it has an appropriate `as` value and it is preloaded intentionally.
[2026-04-01 03:18:52.827] [warn]  The resource https://discordapp.com/assets/dd24010f3cf7def7.woff2 was preloaded using link preload but not used within a few seconds from the window's load event. Please make sure it has an appropriate `as` value and it is preloaded intentionally.
[2026-04-01 03:18:52.828] [warn]  The resource https://discordapp.com/assets/7a6a566c2e88a35d.woff2 was preloaded using link preload but not used within a few seconds from the window's load event. Please make sure it has an appropriate `as` value and it is preloaded intentionally.
[2026-04-01 03:18:52.828] [warn]  The resource https://discordapp.com/assets/e52f0cba712e2fb4.woff2 was preloaded using link preload but not used within a few seconds from the window's load event. Please make sure it has an appropriate `as` value and it is preloaded intentionally.
[2026-04-01 03:18:52.829] [warn]  The resource https://discordapp.com/assets/ce3b8055f5114434.woff2 was preloaded using link preload but not used within a few seconds from the window's load event. Please make sure it has an appropriate `as` value and it is preloaded intentionally.
[2026-04-01 03:18:52.829] [warn]  The resource https://discordapp.com/assets/cb2006dbced0e246.woff2 was preloaded using link preload but not used within a few seconds from the window's load event. Please make sure it has an appropriate `as` value and it is preloaded intentionally.
[2026-04-01 03:23:52.794] [warn]  The resource https://discordapp.com/assets/189422196a4f8b53.woff2 was preloaded using link preload but not used within a few seconds from the window's load event. Please make sure it has an appropriate `as` value and it is preloaded intentionally.
[2026-04-01 03:23:52.795] [warn]  The resource https://discordapp.com/assets/dd24010f3cf7def7.woff2 was preloaded using link preload but not used within a few seconds from the window's load event. Please make sure it has an appropriate `as` value and it is preloaded intentionally.
[2026-04-01 03:23:52.795] [warn]  The resource https://discordapp.com/assets/7a6a566c2e88a35d.woff2 was preloaded using link preload but not used within a few seconds from the window's load event. Please make sure it has an appropriate `as` value and it is preloaded intentionally.
[2026-04-01 03:23:52.795] [warn]  The resource https://discordapp.com/assets/e52f0cba712e2fb4.woff2 was preloaded using link preload but not used within a few seconds from the window's load event. Please make sure it has an appropriate `as` value and it is preloaded intentionally.
[2026-04-01 03:23:52.796] [warn]  The resource https://discordapp.com/assets/ce3b8055f5114434.woff2 was preloaded using link preload but not used within a few seconds from the window's load event. Please make sure it has an appropriate `as` value and it is preloaded intentionally.
[2026-04-01 03:23:52.796] [warn]  The resource https://discordapp.com/assets/cb2006dbced0e246.woff2 was preloaded using link preload but not used within a few seconds from the window's load event. Please make sure it has an appropriate `as` value and it is preloaded intentionally.
[2026-04-01 03:27:59.270] [warn]  The resource https://discordapp.com/assets/189422196a4f8b53.woff2 was preloaded using link preload but not used within a few seconds from the window's load event. Please make sure it has an appropriate `as` value and it is preloaded intentionally.
[2026-04-01 03:27:59.271] [warn]  The resource https://discordapp.com/assets/dd24010f3cf7def7.woff2 was preloaded using link preload but not used within a few seconds from the window's load event. Please make sure it has an appropriate `as` value and it is preloaded intentionally.
[2026-04-01 03:27:59.271] [warn]  The resource https://discordapp.com/assets/7a6a566c2e88a35d.woff2 was preloaded using link preload but not used within a few seconds from the window's load event. Please make sure it has an appropriate `as` value and it is preloaded intentionally.
[2026-04-01 03:27:59.272] [warn]  The resource https://discordapp.com/assets/e52f0cba712e2fb4.woff2 was preloaded using link preload but not used within a few seconds from the window's load event. Please make sure it has an appropriate `as` value and it is preloaded intentionally.
[2026-04-01 03:27:59.272] [warn]  The resource https://discordapp.com/assets/ce3b8055f5114434.woff2 was preloaded using link preload but not used within a few seconds from the window's load event. Please make sure it has an appropriate `as` value and it is preloaded intentionally.
[2026-04-01 03:27:59.272] [warn]  The resource https://discordapp.com/assets/cb2006dbced0e246.woff2 was preloaded using link preload but not used within a few seconds from the window's load event. Please make sure it has an appropriate `as` value and it is preloaded intentionally.
[2026-04-01 03:28:52.828] [warn]  The resource https://discordapp.com/assets/189422196a4f8b53.woff2 was preloaded using link preload but not used within a few seconds from the window's load event. Please make sure it has an appropriate `as` value and it is preloaded intentionally.
[2026-04-01 03:28:52.829] [warn]  The resource https://discordapp.com/assets/dd24010f3cf7def7.woff2 was preloaded using link preload but not used within a few seconds from the window's load event. Please make sure it has an appropriate `as` value and it is preloaded intentionally.
[2026-04-01 03:28:52.830] [warn]  The resource https://discordapp.com/assets/7a6a566c2e88a35d.woff2 was preloaded using link preload but not used within a few seconds from the window's load event. Please make sure it has an appropriate `as` value and it is preloaded intentionally.
[2026-04-01 03:28:52.830] [warn]  The resource https://discordapp.com/assets/e52f0cba712e2fb4.woff2 was preloaded using link preload but not used within a few seconds from the window's load event. Please make sure it has an appropriate `as` value and it is preloaded intentionally.
[2026-04-01 03:28:52.830] [warn]  The resource https://discordapp.com/assets/ce3b8055f5114434.woff2 was preloaded using link preload but not used within a few seconds from the window's load event. Please make sure it has an appropriate `as` value and it is preloaded intentionally.
[2026-04-01 03:28:52.831] [warn]  The resource https://discordapp.com/assets/cb2006dbced0e246.woff2 was preloaded using link preload but not used within a few seconds from the window's load event. Please make sure it has an appropriate `as` value and it is preloaded intentionally.
[2026-04-01 03:33:52.799] [warn]  The resource https://discordapp.com/assets/189422196a4f8b53.woff2 was preloaded using link preload but not used within a few seconds from the window's load event. Please make sure it has an appropriate `as` value and it is preloaded intentionally.
[2026-04-01 03:33:52.800] [warn]  The resource https://discordapp.com/assets/dd24010f3cf7def7.woff2 was preloaded using link preload but not used within a few seconds from the window's load event. Please make sure it has an appropriate `as` value and it is preloaded intentionally.
[2026-04-01 03:33:52.800] [warn]  The resource https://discordapp.com/assets/7a6a566c2e88a35d.woff2 was preloaded using link preload but not used within a few seconds from the window's load event. Please make sure it has an appropriate `as` value and it is preloaded intentionally.
[2026-04-01 03:33:52.801] [warn]  The resource https://discordapp.com/assets/e52f0cba712e2fb4.woff2 was preloaded using link preload but not used within a few seconds from the window's load event. Please make sure it has an appropriate `as` value and it is preloaded intentionally.
[2026-04-01 03:33:52.801] [warn]  The resource https://discordapp.com/assets/ce3b8055f5114434.woff2 was preloaded using link preload but not used within a few seconds from the window's load event. Please make sure it has an appropriate `as` value and it is preloaded intentionally.
[2026-04-01 03:33:52.802] [warn]  The resource https://discordapp.com/assets/cb2006dbced0e246.woff2 was preloaded using link preload but not used within a few seconds from the window's load event. Please make sure it has an appropriate `as` value and it is preloaded intentionally.
[2026-04-01 03:38:52.827] [warn]  The resource https://discordapp.com/assets/189422196a4f8b53.woff2 was preloaded using link preload but not used within a few seconds from the window's load event. Please make sure it has an appropriate `as` value and it is preloaded intentionally.
[2026-04-01 03:38:52.828] [warn]  The resource https://discordapp.com/assets/dd24010f3cf7def7.woff2 was preloaded using link preload but not used within a few seconds from the window's load event. Please make sure it has an appropriate `as` value and it is preloaded intentionally.
[2026-04-01 03:38:52.829] [warn]  The resource https://discordapp.com/assets/7a6a566c2e88a35d.woff2 was preloaded using link preload but not used within a few seconds from the window's load event. Please make sure it has an appropriate `as` value and it is preloaded intentionally.
[2026-04-01 03:38:52.829] [warn]  The resource https://discordapp.com/assets/e52f0cba712e2fb4.woff2 was preloaded using link preload but not used within a few seconds from the window's load event. Please make sure it has an appropriate `as` value and it is preloaded intentionally.
[2026-04-01 03:38:52.830] [warn]  The resource https://discordapp.com/assets/ce3b8055f5114434.woff2 was preloaded using link preload but not used within a few seconds from the window's load event. Please make sure it has an appropriate `as` value and it is preloaded intentionally.
[2026-04-01 03:38:52.831] [warn]  The resource https://discordapp.com/assets/cb2006dbced0e246.woff2 was preloaded using link preload but not used within a few seconds from the window's load event. Please make sure it has an appropriate `as` value and it is preloaded intentionally.
[2026-04-01 03:42:59.262] [warn]  The resource https://discordapp.com/assets/189422196a4f8b53.woff2 was preloaded using link preload but not used within a few seconds from the window's load event. Please make sure it has an appropriate `as` value and it is preloaded intentionally.
[2026-04-01 03:42:59.263] [warn]  The resource https://discordapp.com/assets/dd24010f3cf7def7.woff2 was preloaded using link preload but not used within a few seconds from the window's load event. Please make sure it has an appropriate `as` value and it is preloaded intentionally.
[2026-04-01 03:42:59.263] [warn]  The resource https://discordapp.com/assets/7a6a566c2e88a35d.woff2 was preloaded using link preload but not used within a few seconds from the window's load event. Please make sure it has an appropriate `as` value and it is preloaded intentionally.
[2026-04-01 03:42:59.264] [warn]  The resource https://discordapp.com/assets/e52f0cba712e2fb4.woff2 was preloaded using link preload but not used within a few seconds from the window's load event. Please make sure it has an appropriate `as` value and it is preloaded intentionally.
[2026-04-01 03:42:59.264] [warn]  The resource https://discordapp.com/assets/ce3b8055f5114434.woff2 was preloaded using link preload but not used within a few seconds from the window's load event. Please make sure it has an appropriate `as` value and it is preloaded intentionally.
[2026-04-01 03:42:59.264] [warn]  The resource https://discordapp.com/assets/cb2006dbced0e246.woff2 was preloaded using link preload but not used within a few seconds from the window's load event. Please make sure it has an appropriate `as` value and it is preloaded intentionally.
[2026-04-01 03:43:52.805] [warn]  The resource https://discordapp.com/assets/189422196a4f8b53.woff2 was preloaded using link preload but not used within a few seconds from the window's load event. Please make sure it has an appropriate `as` value and it is preloaded intentionally.
[2026-04-01 03:43:52.805] [warn]  The resource https://discordapp.com/assets/dd24010f3cf7def7.woff2 was preloaded using link preload but not used within a few seconds from the window's load event. Please make sure it has an appropriate `as` value and it is preloaded intentionally.
[2026-04-01 03:43:52.805] [warn]  The resource https://discordapp.com/assets/7a6a566c2e88a35d.woff2 was preloaded using link preload but not used within a few seconds from the window's load event. Please make sure it has an appropriate `as` value and it is preloaded intentionally.
[2026-04-01 03:43:52.806] [warn]  The resource https://discordapp.com/assets/e52f0cba712e2fb4.woff2 was preloaded using link preload but not used within a few seconds from the window's load event. Please make sure it has an appropriate `as` value and it is preloaded intentionally.
[2026-04-01 03:43:52.806] [warn]  The resource https://discordapp.com/assets/ce3b8055f5114434.woff2 was preloaded using link preload but not used within a few seconds from the window's load event. Please make sure it has an appropriate `as` value and it is preloaded intentionally.
[2026-04-01 03:43:52.806] [warn]  The resource https://discordapp.com/assets/cb2006dbced0e246.woff2 was preloaded using link preload but not used within a few seconds from the window's load event. Please make sure it has an appropriate `as` value and it is preloaded intentionally.
[2026-04-01 03:48:52.822] [warn]  The resource https://discordapp.com/assets/189422196a4f8b53.woff2 was preloaded using link preload but not used within a few seconds from the window's load event. Please make sure it has an appropriate `as` value and it is preloaded intentionally.
[2026-04-01 03:48:52.823] [warn]  The resource https://discordapp.com/assets/dd24010f3cf7def7.woff2 was preloaded using link preload but not used within a few seconds from the window's load event. Please make sure it has an appropriate `as` value and it is preloaded intentionally.
[2026-04-01 03:48:52.823] [warn]  The resource https://discordapp.com/assets/7a6a566c2e88a35d.woff2 was preloaded using link preload but not used within a few seconds from the window's load event. Please make sure it has an appropriate `as` value and it is preloaded intentionally.
[2026-04-01 03:48:52.824] [warn]  The resource https://discordapp.com/assets/e52f0cba712e2fb4.woff2 was preloaded using link preload but not used within a few seconds from the window's load event. Please make sure it has an appropriate `as` value and it is preloaded intentionally.
[2026-04-01 03:48:52.824] [warn]  The resource https://discordapp.com/assets/ce3b8055f5114434.woff2 was preloaded using link preload but not used within a few seconds from the window's load event. Please make sure it has an appropriate `as` value and it is preloaded intentionally.
[2026-04-01 03:48:52.825] [warn]  The resource https://discordapp.com/assets/cb2006dbced0e246.woff2 was preloaded using link preload but not used within a few seconds from the window's load event. Please make sure it has an appropriate `as` value and it is preloaded intentionally.
[2026-04-01 03:53:52.799] [warn]  The resource https://discordapp.com/assets/189422196a4f8b53.woff2 was preloaded using link preload but not used within a few seconds from the window's load event. Please make sure it has an appropriate `as` value and it is preloaded intentionally.
[2026-04-01 03:53:52.800] [warn]  The resource https://discordapp.com/assets/dd24010f3cf7def7.woff2 was preloaded using link preload but not used within a few seconds from the window's load event. Please make sure it has an appropriate `as` value and it is preloaded intentionally.
[2026-04-01 03:53:52.800] [warn]  The resource https://discordapp.com/assets/7a6a566c2e88a35d.woff2 was preloaded using link preload but not used within a few seconds from the window's load event. Please make sure it has an appropriate `as` value and it is preloaded intentionally.
[2026-04-01 03:53:52.800] [warn]  The resource https://discordapp.com/assets/e52f0cba712e2fb4.woff2 was preloaded using link preload but not used within a few seconds from the window's load event. Please make sure it has an appropriate `as` value and it is preloaded intentionally.
[2026-04-01 03:53:52.801] [warn]  The resource https://discordapp.com/assets/ce3b8055f5114434.woff2 was preloaded using link preload but not used within a few seconds from the window's load event. Please make sure it has an appropriate `as` value and it is preloaded intentionally.
[2026-04-01 03:53:52.801] [warn]  The resource https://discordapp.com/assets/cb2006dbced0e246.woff2 was preloaded using link preload but not used within a few seconds from the window's load event. Please make sure it has an appropriate `as` value and it is preloaded intentionally.
[2026-04-01 03:57:59.294] [warn]  The resource https://discordapp.com/assets/189422196a4f8b53.woff2 was preloaded using link preload but not used within a few seconds from the window's load event. Please make sure it has an appropriate `as` value and it is preloaded intentionally.
[2026-04-01 03:57:59.294] [warn]  The resource https://discordapp.com/assets/dd24010f3cf7def7.woff2 was preloaded using link preload but not used within a few seconds from the window's load event. Please make sure it has an appropriate `as` value and it is preloaded intentionally.
[2026-04-01 03:57:59.295] [warn]  The resource https://discordapp.com/assets/7a6a566c2e88a35d.woff2 was preloaded using link preload but not used within a few seconds from the window's load event. Please make sure it has an appropriate `as` value and it is preloaded intentionally.
[2026-04-01 03:57:59.295] [warn]  The resource https://discordapp.com/assets/e52f0cba712e2fb4.woff2 was preloaded using link preload but not used within a few seconds from the window's load event. Please make sure it has an appropriate `as` value and it is preloaded intentionally.
[2026-04-01 03:57:59.296] [warn]  The resource https://discordapp.com/assets/ce3b8055f5114434.woff2 was preloaded using link preload but not used within a few seconds from the window's load event. Please make sure it has an appropriate `as` value and it is preloaded intentionally.
[2026-04-01 03:57:59.296] [warn]  The resource https://discordapp.com/assets/cb2006dbced0e246.woff2 was preloaded using link preload but not used within a few seconds from the window's load event. Please make sure it has an appropriate `as` value and it is preloaded intentionally.
[2026-04-01 03:58:53.341] [warn]  The resource https://discordapp.com/assets/189422196a4f8b53.woff2 was preloaded using link preload but not used within a few seconds from the window's load event. Please make sure it has an appropriate `as` value and it is preloaded intentionally.
[2026-04-01 03:58:53.342] [warn]  The resource https://discordapp.com/assets/dd24010f3cf7def7.woff2 was preloaded using link preload but not used within a few seconds from the window's load event. Please make sure it has an appropriate `as` value and it is preloaded intentionally.
[2026-04-01 03:58:53.343] [warn]  The resource https://discordapp.com/assets/7a6a566c2e88a35d.woff2 was preloaded using link preload but not used within a few seconds from the window's load event. Please make sure it has an appropriate `as` value and it is preloaded intentionally.
[2026-04-01 03:58:53.343] [warn]  The resource https://discordapp.com/assets/e52f0cba712e2fb4.woff2 was preloaded using link preload but not used within a few seconds from the window's load event. Please make sure it has an appropriate `as` value and it is preloaded intentionally.
[2026-04-01 03:58:53.344] [warn]  The resource https://discordapp.com/assets/ce3b8055f5114434.woff2 was preloaded using link preload but not used within a few seconds from the window's load event. Please make sure it has an appropriate `as` value and it is preloaded intentionally.
[2026-04-01 03:58:53.344] [warn]  The resource https://discordapp.com/assets/cb2006dbced0e246.woff2 was preloaded using link preload but not used within a few seconds from the window's load event. Please make sure it has an appropriate `as` value and it is preloaded intentionally.
[2026-04-01 04:01:10.992] [warn]  The resource https://discordapp.com/assets/189422196a4f8b53.woff2 was preloaded using link preload but not used within a few seconds from the window's load event. Please make sure it has an appropriate `as` value and it is preloaded intentionally.
[2026-04-01 04:01:10.992] [warn]  The resource https://discordapp.com/assets/dd24010f3cf7def7.woff2 was preloaded using link preload but not used within a few seconds from the window's load event. Please make sure it has an appropriate `as` value and it is preloaded intentionally.
[2026-04-01 04:01:10.993] [warn]  The resource https://discordapp.com/assets/7a6a566c2e88a35d.woff2 was preloaded using link preload but not used within a few seconds from the window's load event. Please make sure it has an appropriate `as` value and it is preloaded intentionally.
[2026-04-01 04:01:10.993] [warn]  The resource https://discordapp.com/assets/e52f0cba712e2fb4.woff2 was preloaded using link preload but not used within a few seconds from the window's load event. Please make sure it has an appropriate `as` value and it is preloaded intentionally.
[2026-04-01 04:01:10.994] [warn]  The resource https://discordapp.com/assets/ce3b8055f5114434.woff2 was preloaded using link preload but not used within a few seconds from the window's load event. Please make sure it has an appropriate `as` value and it is preloaded intentionally.
[2026-04-01 04:01:10.994] [warn]  The resource https://discordapp.com/assets/cb2006dbced0e246.woff2 was preloaded using link preload but not used within a few seconds from the window's load event. Please make sure it has an appropriate `as` value and it is preloaded intentionally.
[2026-04-01 04:03:52.802] [warn]  The resource https://discordapp.com/assets/189422196a4f8b53.woff2 was preloaded using link preload but not used within a few seconds from the window's load event. Please make sure it has an appropriate `as` value and it is preloaded intentionally.
[2026-04-01 04:03:52.803] [warn]  The resource https://discordapp.com/assets/dd24010f3cf7def7.woff2 was preloaded using link preload but not used within a few seconds from the window's load event. Please make sure it has an appropriate `as` value and it is preloaded intentionally.
[2026-04-01 04:03:52.804] [warn]  The resource https://discordapp.com/assets/7a6a566c2e88a35d.woff2 was preloaded using link preload but not used within a few seconds from the window's load event. Please make sure it has an appropriate `as` value and it is preloaded intentionally.
[2026-04-01 04:03:52.804] [warn]  The resource https://discordapp.com/assets/e52f0cba712e2fb4.woff2 was preloaded using link preload but not used within a few seconds from the window's load event. Please make sure it has an appropriate `as` value and it is preloaded intentionally.
[2026-04-01 04:03:52.805] [warn]  The resource https://discordapp.com/assets/ce3b8055f5114434.woff2 was preloaded using link preload but not used within a few seconds from the window's load event. Please make sure it has an appropriate `as` value and it is preloaded intentionally.
[2026-04-01 04:03:52.805] [warn]  The resource https://discordapp.com/assets/cb2006dbced0e246.woff2 was preloaded using link preload but not used within a few seconds from the window's load event. Please make sure it has an appropriate `as` value and it is preloaded intentionally.
[2026-04-01 04:08:52.806] [warn]  The resource https://discordapp.com/assets/189422196a4f8b53.woff2 was preloaded using link preload but not used within a few seconds from the window's load event. Please make sure it has an appropriate `as` value and it is preloaded intentionally.
[2026-04-01 04:08:52.806] [warn]  The resource https://discordapp.com/assets/dd24010f3cf7def7.woff2 was preloaded using link preload but not used within a few seconds from the window's load event. Please make sure it has an appropriate `as` value and it is preloaded intentionally.
[2026-04-01 04:08:52.807] [warn]  The resource https://discordapp.com/assets/7a6a566c2e88a35d.woff2 was preloaded using link preload but not used within a few seconds from the window's load event. Please make sure it has an appropriate `as` value and it is preloaded intentionally.
[2026-04-01 04:08:52.807] [warn]  The resource https://discordapp.com/assets/e52f0cba712e2fb4.woff2 was preloaded using link preload but not used within a few seconds from the window's load event. Please make sure it has an appropriate `as` value and it is preloaded intentionally.
[2026-04-01 04:08:52.808] [warn]  The resource https://discordapp.com/assets/ce3b8055f5114434.woff2 was preloaded using link preload but not used within a few seconds from the window's load event. Please make sure it has an appropriate `as` value and it is preloaded intentionally.
[2026-04-01 04:08:52.808] [warn]  The resource https://discordapp.com/assets/cb2006dbced0e246.woff2 was preloaded using link preload but not used within a few seconds from the window's load event. Please make sure it has an appropriate `as` value and it is preloaded intentionally.
[2026-04-01 04:12:22.552] [warn]  The resource https://discordapp.com/assets/189422196a4f8b53.woff2 was preloaded using link preload but not used within a few seconds from the window's load event. Please make sure it has an appropriate `as` value and it is preloaded intentionally.
[2026-04-01 04:12:22.553] [warn]  The resource https://discordapp.com/assets/dd24010f3cf7def7.woff2 was preloaded using link preload but not used within a few seconds from the window's load event. Please make sure it has an appropriate `as` value and it is preloaded intentionally.
[2026-04-01 04:12:22.554] [warn]  The resource https://discordapp.com/assets/7a6a566c2e88a35d.woff2 was preloaded using link preload but not used within a few seconds from the window's load event. Please make sure it has an appropriate `as` value and it is preloaded intentionally.
[2026-04-01 04:12:22.554] [warn]  The resource https://discordapp.com/assets/e52f0cba712e2fb4.woff2 was preloaded using link preload but not used within a few seconds from the window's load event. Please make sure it has an appropriate `as` value and it is preloaded intentionally.
[2026-04-01 04:12:22.555] [warn]  The resource https://discordapp.com/assets/ce3b8055f5114434.woff2 was preloaded using link preload but not used within a few seconds from the window's load event. Please make sure it has an appropriate `as` value and it is preloaded intentionally.
[2026-04-01 04:12:22.555] [warn]  The resource https://discordapp.com/assets/cb2006dbced0e246.woff2 was preloaded using link preload but not used within a few seconds from the window's load event. Please make sure it has an appropriate `as` value and it is preloaded intentionally.
[2026-04-01 04:12:59.276] [warn]  The resource https://discordapp.com/assets/189422196a4f8b53.woff2 was preloaded using link preload but not used within a few seconds from the window's load event. Please make sure it has an appropriate `as` value and it is preloaded intentionally.
[2026-04-01 04:12:59.276] [warn]  The resource https://discordapp.com/assets/dd24010f3cf7def7.woff2 was preloaded using link preload but not used within a few seconds from the window's load event. Please make sure it has an appropriate `as` value and it is preloaded intentionally.
[2026-04-01 04:12:59.277] [warn]  The resource https://discordapp.com/assets/7a6a566c2e88a35d.woff2 was preloaded using link preload but not used within a few seconds from the window's load event. Please make sure it has an appropriate `as` value and it is preloaded intentionally.
[2026-04-01 04:12:59.277] [warn]  The resource https://discordapp.com/assets/e52f0cba712e2fb4.woff2 was preloaded using link preload but not used within a few seconds from the window's load event. Please make sure it has an appropriate `as` value and it is preloaded intentionally.
[2026-04-01 04:12:59.278] [warn]  The resource https://discordapp.com/assets/ce3b8055f5114434.woff2 was preloaded using link preload but not used within a few seconds from the window's load event. Please make sure it has an appropriate `as` value and it is preloaded intentionally.
[2026-04-01 04:12:59.278] [warn]  The resource https://discordapp.com/assets/cb2006dbced0e246.woff2 was preloaded using link preload but not used within a few seconds from the window's load event. Please make sure it has an appropriate `as` value and it is preloaded intentionally.
[2026-04-01 04:13:52.823] [warn]  The resource https://discordapp.com/assets/189422196a4f8b53.woff2 was preloaded using link preload but not used within a few seconds from the window's load event. Please make sure it has an appropriate `as` value and it is preloaded intentionally.
[2026-04-01 04:13:52.824] [warn]  The resource https://discordapp.com/assets/dd24010f3cf7def7.woff2 was preloaded using link preload but not used within a few seconds from the window's load event. Please make sure it has an appropriate `as` value and it is preloaded intentionally.
[2026-04-01 04:13:52.824] [warn]  The resource https://discordapp.com/assets/7a6a566c2e88a35d.woff2 was preloaded using link preload but not used within a few seconds from the window's load event. Please make sure it has an appropriate `as` value and it is preloaded intentionally.
[2026-04-01 04:13:52.825] [warn]  The resource https://discordapp.com/assets/e52f0cba712e2fb4.woff2 was preloaded using link preload but not used within a few seconds from the window's load event. Please make sure it has an appropriate `as` value and it is preloaded intentionally.
[2026-04-01 04:13:52.826] [warn]  The resource https://discordapp.com/assets/ce3b8055f5114434.woff2 was preloaded using link preload but not used within a few seconds from the window's load event. Please make sure it has an appropriate `as` value and it is preloaded intentionally.
[2026-04-01 04:13:52.826] [warn]  The resource https://discordapp.com/assets/cb2006dbced0e246.woff2 was preloaded using link preload but not used within a few seconds from the window's load event. Please make sure it has an appropriate `as` value and it is preloaded intentionally.
[2026-04-01 04:18:52.820] [warn]  The resource https://discordapp.com/assets/189422196a4f8b53.woff2 was preloaded using link preload but not used within a few seconds from the window's load event. Please make sure it has an appropriate `as` value and it is preloaded intentionally.
[2026-04-01 04:18:52.821] [warn]  The resource https://discordapp.com/assets/dd24010f3cf7def7.woff2 was preloaded using link preload but not used within a few seconds from the window's load event. Please make sure it has an appropriate `as` value and it is preloaded intentionally.
[2026-04-01 04:18:52.822] [warn]  The resource https://discordapp.com/assets/7a6a566c2e88a35d.woff2 was preloaded using link preload but not used within a few seconds from the window's load event. Please make sure it has an appropriate `as` value and it is preloaded intentionally.
[2026-04-01 04:18:52.822] [warn]  The resource https://discordapp.com/assets/e52f0cba712e2fb4.woff2 was preloaded using link preload but not used within a few seconds from the window's load event. Please make sure it has an appropriate `as` value and it is preloaded intentionally.
[2026-04-01 04:18:52.823] [warn]  The resource https://discordapp.com/assets/ce3b8055f5114434.woff2 was preloaded using link preload but not used within a few seconds from the window's load event. Please make sure it has an appropriate `as` value and it is preloaded intentionally.
[2026-04-01 04:18:52.823] [warn]  The resource https://discordapp.com/assets/cb2006dbced0e246.woff2 was preloaded using link preload but not used within a few seconds from the window's load event. Please make sure it has an appropriate `as` value and it is preloaded intentionally.
[2026-04-01 04:21:13.600] [warn]  The resource https://discordapp.com/assets/189422196a4f8b53.woff2 was preloaded using link preload but not used within a few seconds from the window's load event. Please make sure it has an appropriate `as` value and it is preloaded intentionally.
[2026-04-01 04:21:13.601] [warn]  The resource https://discordapp.com/assets/dd24010f3cf7def7.woff2 was preloaded using link preload but not used within a few seconds from the window's load event. Please make sure it has an appropriate `as` value and it is preloaded intentionally.
[2026-04-01 04:21:13.601] [warn]  The resource https://discordapp.com/assets/7a6a566c2e88a35d.woff2 was preloaded using link preload but not used within a few seconds from the window's load event. Please make sure it has an appropriate `as` value and it is preloaded intentionally.
[2026-04-01 04:21:13.601] [warn]  The resource https://discordapp.com/assets/e52f0cba712e2fb4.woff2 was preloaded using link preload but not used within a few seconds from the window's load event. Please make sure it has an appropriate `as` value and it is preloaded intentionally.
[2026-04-01 04:21:13.602] [warn]  The resource https://discordapp.com/assets/ce3b8055f5114434.woff2 was preloaded using link preload but not used within a few seconds from the window's load event. Please make sure it has an appropriate `as` value and it is preloaded intentionally.
[2026-04-01 04:21:13.602] [warn]  The resource https://discordapp.com/assets/cb2006dbced0e246.woff2 was preloaded using link preload but not used within a few seconds from the window's load event. Please make sure it has an appropriate `as` value and it is preloaded intentionally.
[2026-04-01 04:23:52.802] [warn]  The resource https://discordapp.com/assets/189422196a4f8b53.woff2 was preloaded using link preload but not used within a few seconds from the window's load event. Please make sure it has an appropriate `as` value and it is preloaded intentionally.
[2026-04-01 04:23:52.803] [warn]  The resource https://discordapp.com/assets/dd24010f3cf7def7.woff2 was preloaded using link preload but not used within a few seconds from the window's load event. Please make sure it has an appropriate `as` value and it is preloaded intentionally.
[2026-04-01 04:23:52.804] [warn]  The resource https://discordapp.com/assets/7a6a566c2e88a35d.woff2 was preloaded using link preload but not used within a few seconds from the window's load event. Please make sure it has an appropriate `as` value and it is preloaded intentionally.
[2026-04-01 04:23:52.804] [warn]  The resource https://discordapp.com/assets/e52f0cba712e2fb4.woff2 was preloaded using link preload but not used within a few seconds from the window's load event. Please make sure it has an appropriate `as` value and it is preloaded intentionally.
[2026-04-01 04:23:52.804] [warn]  The resource https://discordapp.com/assets/ce3b8055f5114434.woff2 was preloaded using link preload but not used within a few seconds from the window's load event. Please make sure it has an appropriate `as` value and it is preloaded intentionally.
[2026-04-01 04:23:52.805] [warn]  The resource https://discordapp.com/assets/cb2006dbced0e246.woff2 was preloaded using link preload but not used within a few seconds from the window's load event. Please make sure it has an appropriate `as` value and it is preloaded intentionally.
[2026-04-01 04:27:59.280] [warn]  The resource https://discordapp.com/assets/189422196a4f8b53.woff2 was preloaded using link preload but not used within a few seconds from the window's load event. Please make sure it has an appropriate `as` value and it is preloaded intentionally.
[2026-04-01 04:27:59.280] [warn]  The resource https://discordapp.com/assets/dd24010f3cf7def7.woff2 was preloaded using link preload but not used within a few seconds from the window's load event. Please make sure it has an appropriate `as` value and it is preloaded intentionally.
[2026-04-01 04:27:59.280] [warn]  The resource https://discordapp.com/assets/7a6a566c2e88a35d.woff2 was preloaded using link preload but not used within a few seconds from the window's load event. Please make sure it has an appropriate `as` value and it is preloaded intentionally.
[2026-04-01 04:27:59.280] [warn]  The resource https://discordapp.com/assets/e52f0cba712e2fb4.woff2 was preloaded using link preload but not used within a few seconds from the window's load event. Please make sure it has an appropriate `as` value and it is preloaded intentionally.
[2026-04-01 04:27:59.280] [warn]  The resource https://discordapp.com/assets/ce3b8055f5114434.woff2 was preloaded using link preload but not used within a few seconds from the window's load event. Please make sure it has an appropriate `as` value and it is preloaded intentionally.
[2026-04-01 04:27:59.280] [warn]  The resource https://discordapp.com/assets/cb2006dbced0e246.woff2 was preloaded using link preload but not used within a few seconds from the window's load event. Please make sure it has an appropriate `as` value and it is preloaded intentionally.
[2026-04-01 04:28:52.801] [warn]  The resource https://discordapp.com/assets/189422196a4f8b53.woff2 was preloaded using link preload but not used within a few seconds from the window's load event. Please make sure it has an appropriate `as` value and it is preloaded intentionally.
[2026-04-01 04:28:52.801] [warn]  The resource https://discordapp.com/assets/dd24010f3cf7def7.woff2 was preloaded using link preload but not used within a few seconds from the window's load event. Please make sure it has an appropriate `as` value and it is preloaded intentionally.
[2026-04-01 04:28:52.802] [warn]  The resource https://discordapp.com/assets/7a6a566c2e88a35d.woff2 was preloaded using link preload but not used within a few seconds from the window's load event. Please make sure it has an appropriate `as` value and it is preloaded intentionally.
[2026-04-01 04:28:52.802] [warn]  The resource https://discordapp.com/assets/e52f0cba712e2fb4.woff2 was preloaded using link preload but not used within a few seconds from the window's load event. Please make sure it has an appropriate `as` value and it is preloaded intentionally.
[2026-04-01 04:28:52.802] [warn]  The resource https://discordapp.com/assets/ce3b8055f5114434.woff2 was preloaded using link preload but not used within a few seconds from the window's load event. Please make sure it has an appropriate `as` value and it is preloaded intentionally.
[2026-04-01 04:28:52.802] [warn]  The resource https://discordapp.com/assets/cb2006dbced0e246.woff2 was preloaded using link preload but not used within a few seconds from the window's load event. Please make sure it has an appropriate `as` value and it is preloaded intentionally.
[2026-04-01 04:33:52.804] [warn]  The resource https://discordapp.com/assets/189422196a4f8b53.woff2 was preloaded using link preload but not used within a few seconds from the window's load event. Please make sure it has an appropriate `as` value and it is preloaded intentionally.
[2026-04-01 04:33:52.805] [warn]  The resource https://discordapp.com/assets/dd24010f3cf7def7.woff2 was preloaded using link preload but not used within a few seconds from the window's load event. Please make sure it has an appropriate `as` value and it is preloaded intentionally.
[2026-04-01 04:33:52.805] [warn]  The resource https://discordapp.com/assets/7a6a566c2e88a35d.woff2 was preloaded using link preload but not used within a few seconds from the window's load event. Please make sure it has an appropriate `as` value and it is preloaded intentionally.
[2026-04-01 04:33:52.806] [warn]  The resource https://discordapp.com/assets/e52f0cba712e2fb4.woff2 was preloaded using link preload but not used within a few seconds from the window's load event. Please make sure it has an appropriate `as` value and it is preloaded intentionally.
[2026-04-01 04:33:52.806] [warn]  The resource https://discordapp.com/assets/ce3b8055f5114434.woff2 was preloaded using link preload but not used within a few seconds from the window's load event. Please make sure it has an appropriate `as` value and it is preloaded intentionally.
[2026-04-01 04:33:52.806] [warn]  The resource https://discordapp.com/assets/cb2006dbced0e246.woff2 was preloaded using link preload but not used within a few seconds from the window's load event. Please make sure it has an appropriate `as` value and it is preloaded intentionally.
[2026-04-01 04:38:52.802] [warn]  The resource https://discordapp.com/assets/189422196a4f8b53.woff2 was preloaded using link preload but not used within a few seconds from the window's load event. Please make sure it has an appropriate `as` value and it is preloaded intentionally.
[2026-04-01 04:38:52.803] [warn]  The resource https://discordapp.com/assets/dd24010f3cf7def7.woff2 was preloaded using link preload but not used within a few seconds from the window's load event. Please make sure it has an appropriate `as` value and it is preloaded intentionally.
[2026-04-01 04:38:52.803] [warn]  The resource https://discordapp.com/assets/7a6a566c2e88a35d.woff2 was preloaded using link preload but not used within a few seconds from the window's load event. Please make sure it has an appropriate `as` value and it is preloaded intentionally.
[2026-04-01 04:38:52.804] [warn]  The resource https://discordapp.com/assets/e52f0cba712e2fb4.woff2 was preloaded using link preload but not used within a few seconds from the window's load event. Please make sure it has an appropriate `as` value and it is preloaded intentionally.
[2026-04-01 04:38:52.804] [warn]  The resource https://discordapp.com/assets/ce3b8055f5114434.woff2 was preloaded using link preload but not used within a few seconds from the window's load event. Please make sure it has an appropriate `as` value and it is preloaded intentionally.
[2026-04-01 04:38:52.805] [warn]  The resource https://discordapp.com/assets/cb2006dbced0e246.woff2 was preloaded using link preload but not used within a few seconds from the window's load event. Please make sure it has an appropriate `as` value and it is preloaded intentionally.
[2026-04-01 04:42:59.291] [warn]  The resource https://discordapp.com/assets/189422196a4f8b53.woff2 was preloaded using link preload but not used within a few seconds from the window's load event. Please make sure it has an appropriate `as` value and it is preloaded intentionally.
[2026-04-01 04:42:59.292] [warn]  The resource https://discordapp.com/assets/dd24010f3cf7def7.woff2 was preloaded using link preload but not used within a few seconds from the window's load event. Please make sure it has an appropriate `as` value and it is preloaded intentionally.
[2026-04-01 04:42:59.292] [warn]  The resource https://discordapp.com/assets/7a6a566c2e88a35d.woff2 was preloaded using link preload but not used within a few seconds from the window's load event. Please make sure it has an appropriate `as` value and it is preloaded intentionally.
[2026-04-01 04:42:59.293] [warn]  The resource https://discordapp.com/assets/e52f0cba712e2fb4.woff2 was preloaded using link preload but not used within a few seconds from the window's load event. Please make sure it has an appropriate `as` value and it is preloaded intentionally.
[2026-04-01 04:42:59.293] [warn]  The resource https://discordapp.com/assets/ce3b8055f5114434.woff2 was preloaded using link preload but not used within a few seconds from the window's load event. Please make sure it has an appropriate `as` value and it is preloaded intentionally.
[2026-04-01 04:42:59.293] [warn]  The resource https://discordapp.com/assets/cb2006dbced0e246.woff2 was preloaded using link preload but not used within a few seconds from the window's load event. Please make sure it has an appropriate `as` value and it is preloaded intentionally.
[2026-04-01 04:43:52.827] [warn]  The resource https://discordapp.com/assets/189422196a4f8b53.woff2 was preloaded using link preload but not used within a few seconds from the window's load event. Please make sure it has an appropriate `as` value and it is preloaded intentionally.
[2026-04-01 04:43:52.828] [warn]  The resource https://discordapp.com/assets/dd24010f3cf7def7.woff2 was preloaded using link preload but not used within a few seconds from the window's load event. Please make sure it has an appropriate `as` value and it is preloaded intentionally.
[2026-04-01 04:43:52.829] [warn]  The resource https://discordapp.com/assets/7a6a566c2e88a35d.woff2 was preloaded using link preload but not used within a few seconds from the window's load event. Please make sure it has an appropriate `as` value and it is preloaded intentionally.
[2026-04-01 04:43:52.830] [warn]  The resource https://discordapp.com/assets/e52f0cba712e2fb4.woff2 was preloaded using link preload but not used within a few seconds from the window's load event. Please make sure it has an appropriate `as` value and it is preloaded intentionally.
[2026-04-01 04:43:52.830] [warn]  The resource https://discordapp.com/assets/ce3b8055f5114434.woff2 was preloaded using link preload but not used within a few seconds from the window's load event. Please make sure it has an appropriate `as` value and it is preloaded intentionally.
[2026-04-01 04:43:52.831] [warn]  The resource https://discordapp.com/assets/cb2006dbced0e246.woff2 was preloaded using link preload but not used within a few seconds from the window's load event. Please make sure it has an appropriate `as` value and it is preloaded intentionally.
[2026-04-01 04:48:52.814] [warn]  The resource https://discordapp.com/assets/189422196a4f8b53.woff2 was preloaded using link preload but not used within a few seconds from the window's load event. Please make sure it has an appropriate `as` value and it is preloaded intentionally.
[2026-04-01 04:48:52.814] [warn]  The resource https://discordapp.com/assets/dd24010f3cf7def7.woff2 was preloaded using link preload but not used within a few seconds from the window's load event. Please make sure it has an appropriate `as` value and it is preloaded intentionally.
[2026-04-01 04:48:52.814] [warn]  The resource https://discordapp.com/assets/7a6a566c2e88a35d.woff2 was preloaded using link preload but not used within a few seconds from the window's load event. Please make sure it has an appropriate `as` value and it is preloaded intentionally.
[2026-04-01 04:48:52.814] [warn]  The resource https://discordapp.com/assets/e52f0cba712e2fb4.woff2 was preloaded using link preload but not used within a few seconds from the window's load event. Please make sure it has an appropriate `as` value and it is preloaded intentionally.
[2026-04-01 04:48:52.814] [warn]  The resource https://discordapp.com/assets/ce3b8055f5114434.woff2 was preloaded using link preload but not used within a few seconds from the window's load event. Please make sure it has an appropriate `as` value and it is preloaded intentionally.
[2026-04-01 04:48:52.815] [warn]  The resource https://discordapp.com/assets/cb2006dbced0e246.woff2 was preloaded using link preload but not used within a few seconds from the window's load event. Please make sure it has an appropriate `as` value and it is preloaded intentionally.
[2026-04-01 04:53:52.828] [warn]  The resource https://discordapp.com/assets/189422196a4f8b53.woff2 was preloaded using link preload but not used within a few seconds from the window's load event. Please make sure it has an appropriate `as` value and it is preloaded intentionally.
[2026-04-01 04:53:52.829] [warn]  The resource https://discordapp.com/assets/dd24010f3cf7def7.woff2 was preloaded using link preload but not used within a few seconds from the window's load event. Please make sure it has an appropriate `as` value and it is preloaded intentionally.
[2026-04-01 04:53:52.829] [warn]  The resource https://discordapp.com/assets/7a6a566c2e88a35d.woff2 was preloaded using link preload but not used within a few seconds from the window's load event. Please make sure it has an appropriate `as` value and it is preloaded intentionally.
[2026-04-01 04:53:52.829] [warn]  The resource https://discordapp.com/assets/e52f0cba712e2fb4.woff2 was preloaded using link preload but not used within a few seconds from the window's load event. Please make sure it has an appropriate `as` value and it is preloaded intentionally.
[2026-04-01 04:53:52.830] [warn]  The resource https://discordapp.com/assets/ce3b8055f5114434.woff2 was preloaded using link preload but not used within a few seconds from the window's load event. Please make sure it has an appropriate `as` value and it is preloaded intentionally.
[2026-04-01 04:53:52.830] [warn]  The resource https://discordapp.com/assets/cb2006dbced0e246.woff2 was preloaded using link preload but not used within a few seconds from the window's load event. Please make sure it has an appropriate `as` value and it is preloaded intentionally.
[2026-04-01 04:57:59.293] [warn]  The resource https://discordapp.com/assets/189422196a4f8b53.woff2 was preloaded using link preload but not used within a few seconds from the window's load event. Please make sure it has an appropriate `as` value and it is preloaded intentionally.
[2026-04-01 04:57:59.294] [warn]  The resource https://discordapp.com/assets/dd24010f3cf7def7.woff2 was preloaded using link preload but not used within a few seconds from the window's load event. Please make sure it has an appropriate `as` value and it is preloaded intentionally.
[2026-04-01 04:57:59.295] [warn]  The resource https://discordapp.com/assets/7a6a566c2e88a35d.woff2 was preloaded using link preload but not used within a few seconds from the window's load event. Please make sure it has an appropriate `as` value and it is preloaded intentionally.
[2026-04-01 04:57:59.295] [warn]  The resource https://discordapp.com/assets/e52f0cba712e2fb4.woff2 was preloaded using link preload but not used within a few seconds from the window's load event. Please make sure it has an appropriate `as` value and it is preloaded intentionally.
[2026-04-01 04:57:59.296] [warn]  The resource https://discordapp.com/assets/ce3b8055f5114434.woff2 was preloaded using link preload but not used within a few seconds from the window's load event. Please make sure it has an appropriate `as` value and it is preloaded intentionally.
[2026-04-01 04:57:59.296] [warn]  The resource https://discordapp.com/assets/cb2006dbced0e246.woff2 was preloaded using link preload but not used within a few seconds from the window's load event. Please make sure it has an appropriate `as` value and it is preloaded intentionally.
[2026-04-01 04:58:53.351] [warn]  The resource https://discordapp.com/assets/189422196a4f8b53.woff2 was preloaded using link preload but not used within a few seconds from the window's load event. Please make sure it has an appropriate `as` value and it is preloaded intentionally.
[2026-04-01 04:58:53.352] [warn]  The resource https://discordapp.com/assets/dd24010f3cf7def7.woff2 was preloaded using link preload but not used within a few seconds from the window's load event. Please make sure it has an appropriate `as` value and it is preloaded intentionally.
[2026-04-01 04:58:53.352] [warn]  The resource https://discordapp.com/assets/7a6a566c2e88a35d.woff2 was preloaded using link preload but not used within a few seconds from the window's load event. Please make sure it has an appropriate `as` value and it is preloaded intentionally.
[2026-04-01 04:58:53.353] [warn]  The resource https://discordapp.com/assets/e52f0cba712e2fb4.woff2 was preloaded using link preload but not used within a few seconds from the window's load event. Please make sure it has an appropriate `as` value and it is preloaded intentionally.
[2026-04-01 04:58:53.353] [warn]  The resource https://discordapp.com/assets/ce3b8055f5114434.woff2 was preloaded using link preload but not used within a few seconds from the window's load event. Please make sure it has an appropriate `as` value and it is preloaded intentionally.
[2026-04-01 04:58:53.354] [warn]  The resource https://discordapp.com/assets/cb2006dbced0e246.woff2 was preloaded using link preload but not used within a few seconds from the window's load event. Please make sure it has an appropriate `as` value and it is preloaded intentionally.
[2026-04-01 04:59:23.971] [warn]  The resource https://discordapp.com/assets/189422196a4f8b53.woff2 was preloaded using link preload but not used within a few seconds from the window's load event. Please make sure it has an appropriate `as` value and it is preloaded intentionally.
[2026-04-01 04:59:23.972] [warn]  The resource https://discordapp.com/assets/dd24010f3cf7def7.woff2 was preloaded using link preload but not used within a few seconds from the window's load event. Please make sure it has an appropriate `as` value and it is preloaded intentionally.
[2026-04-01 04:59:23.972] [warn]  The resource https://discordapp.com/assets/7a6a566c2e88a35d.woff2 was preloaded using link preload but not used within a few seconds from the window's load event. Please make sure it has an appropriate `as` value and it is preloaded intentionally.
[2026-04-01 04:59:23.973] [warn]  The resource https://discordapp.com/assets/e52f0cba712e2fb4.woff2 was preloaded using link preload but not used within a few seconds from the window's load event. Please make sure it has an appropriate `as` value and it is preloaded intentionally.
[2026-04-01 04:59:23.973] [warn]  The resource https://discordapp.com/assets/ce3b8055f5114434.woff2 was preloaded using link preload but not used within a few seconds from the window's load event. Please make sure it has an appropriate `as` value and it is preloaded intentionally.
[2026-04-01 04:59:23.973] [warn]  The resource https://discordapp.com/assets/cb2006dbced0e246.woff2 was preloaded using link preload but not used within a few seconds from the window's load event. Please make sure it has an appropriate `as` value and it is preloaded intentionally.
[2026-04-01 05:03:52.825] [warn]  The resource https://discordapp.com/assets/189422196a4f8b53.woff2 was preloaded using link preload but not used within a few seconds from the window's load event. Please make sure it has an appropriate `as` value and it is preloaded intentionally.
[2026-04-01 05:03:52.826] [warn]  The resource https://discordapp.com/assets/dd24010f3cf7def7.woff2 was preloaded using link preload but not used within a few seconds from the window's load event. Please make sure it has an appropriate `as` value and it is preloaded intentionally.
[2026-04-01 05:03:52.827] [warn]  The resource https://discordapp.com/assets/7a6a566c2e88a35d.woff2 was preloaded using link preload but not used within a few seconds from the window's load event. Please make sure it has an appropriate `as` value and it is preloaded intentionally.
[2026-04-01 05:03:52.827] [warn]  The resource https://discordapp.com/assets/e52f0cba712e2fb4.woff2 was preloaded using link preload but not used within a few seconds from the window's load event. Please make sure it has an appropriate `as` value and it is preloaded intentionally.
[2026-04-01 05:03:52.827] [warn]  The resource https://discordapp.com/assets/ce3b8055f5114434.woff2 was preloaded using link preload but not used within a few seconds from the window's load event. Please make sure it has an appropriate `as` value and it is preloaded intentionally.
[2026-04-01 05:03:52.828] [warn]  The resource https://discordapp.com/assets/cb2006dbced0e246.woff2 was preloaded using link preload but not used within a few seconds from the window's load event. Please make sure it has an appropriate `as` value and it is preloaded intentionally.
[2026-04-01 05:04:49.522] [warn]  The resource https://discordapp.com/assets/189422196a4f8b53.woff2 was preloaded using link preload but not used within a few seconds from the window's load event. Please make sure it has an appropriate `as` value and it is preloaded intentionally.
[2026-04-01 05:04:49.523] [warn]  The resource https://discordapp.com/assets/dd24010f3cf7def7.woff2 was preloaded using link preload but not used within a few seconds from the window's load event. Please make sure it has an appropriate `as` value and it is preloaded intentionally.
[2026-04-01 05:04:49.523] [warn]  The resource https://discordapp.com/assets/7a6a566c2e88a35d.woff2 was preloaded using link preload but not used within a few seconds from the window's load event. Please make sure it has an appropriate `as` value and it is preloaded intentionally.
[2026-04-01 05:04:49.524] [warn]  The resource https://discordapp.com/assets/e52f0cba712e2fb4.woff2 was preloaded using link preload but not used within a few seconds from the window's load event. Please make sure it has an appropriate `as` value and it is preloaded intentionally.
[2026-04-01 05:04:49.524] [warn]  The resource https://discordapp.com/assets/ce3b8055f5114434.woff2 was preloaded using link preload but not used within a few seconds from the window's load event. Please make sure it has an appropriate `as` value and it is preloaded intentionally.
[2026-04-01 05:04:49.525] [warn]  The resource https://discordapp.com/assets/cb2006dbced0e246.woff2 was preloaded using link preload but not used within a few seconds from the window's load event. Please make sure it has an appropriate `as` value and it is preloaded intentionally.
[2026-04-01 05:08:52.804] [warn]  The resource https://discordapp.com/assets/189422196a4f8b53.woff2 was preloaded using link preload but not used within a few seconds from the window's load event. Please make sure it has an appropriate `as` value and it is preloaded intentionally.
[2026-04-01 05:08:52.805] [warn]  The resource https://discordapp.com/assets/dd24010f3cf7def7.woff2 was preloaded using link preload but not used within a few seconds from the window's load event. Please make sure it has an appropriate `as` value and it is preloaded intentionally.
[2026-04-01 05:08:52.805] [warn]  The resource https://discordapp.com/assets/7a6a566c2e88a35d.woff2 was preloaded using link preload but not used within a few seconds from the window's load event. Please make sure it has an appropriate `as` value and it is preloaded intentionally.
[2026-04-01 05:08:52.806] [warn]  The resource https://discordapp.com/assets/e52f0cba712e2fb4.woff2 was preloaded using link preload but not used within a few seconds from the window's load event. Please make sure it has an appropriate `as` value and it is preloaded intentionally.
[2026-04-01 05:08:52.806] [warn]  The resource https://discordapp.com/assets/ce3b8055f5114434.woff2 was preloaded using link preload but not used within a few seconds from the window's load event. Please make sure it has an appropriate `as` value and it is preloaded intentionally.
[2026-04-01 05:08:52.806] [warn]  The resource https://discordapp.com/assets/cb2006dbced0e246.woff2 was preloaded using link preload but not used within a few seconds from the window's load event. Please make sure it has an appropriate `as` value and it is preloaded intentionally.
[2026-04-01 05:12:59.331] [warn]  The resource https://discordapp.com/assets/189422196a4f8b53.woff2 was preloaded using link preload but not used within a few seconds from the window's load event. Please make sure it has an appropriate `as` value and it is preloaded intentionally.
[2026-04-01 05:12:59.332] [warn]  The resource https://discordapp.com/assets/dd24010f3cf7def7.woff2 was preloaded using link preload but not used within a few seconds from the window's load event. Please make sure it has an appropriate `as` value and it is preloaded intentionally.
[2026-04-01 05:12:59.332] [warn]  The resource https://discordapp.com/assets/7a6a566c2e88a35d.woff2 was preloaded using link preload but not used within a few seconds from the window's load event. Please make sure it has an appropriate `as` value and it is preloaded intentionally.
[2026-04-01 05:12:59.332] [warn]  The resource https://discordapp.com/assets/e52f0cba712e2fb4.woff2 was preloaded using link preload but not used within a few seconds from the window's load event. Please make sure it has an appropriate `as` value and it is preloaded intentionally.
[2026-04-01 05:12:59.333] [warn]  The resource https://discordapp.com/assets/ce3b8055f5114434.woff2 was preloaded using link preload but not used within a few seconds from the window's load event. Please make sure it has an appropriate `as` value and it is preloaded intentionally.
[2026-04-01 05:12:59.333] [warn]  The resource https://discordapp.com/assets/cb2006dbced0e246.woff2 was preloaded using link preload but not used within a few seconds from the window's load event. Please make sure it has an appropriate `as` value and it is preloaded intentionally.
[2026-04-01 05:13:52.804] [warn]  The resource https://discordapp.com/assets/189422196a4f8b53.woff2 was preloaded using link preload but not used within a few seconds from the window's load event. Please make sure it has an appropriate `as` value and it is preloaded intentionally.
[2026-04-01 05:13:52.804] [warn]  The resource https://discordapp.com/assets/dd24010f3cf7def7.woff2 was preloaded using link preload but not used within a few seconds from the window's load event. Please make sure it has an appropriate `as` value and it is preloaded intentionally.
[2026-04-01 05:13:52.804] [warn]  The resource https://discordapp.com/assets/7a6a566c2e88a35d.woff2 was preloaded using link preload but not used within a few seconds from the window's load event. Please make sure it has an appropriate `as` value and it is preloaded intentionally.
[2026-04-01 05:13:52.804] [warn]  The resource https://discordapp.com/assets/e52f0cba712e2fb4.woff2 was preloaded using link preload but not used within a few seconds from the window's load event. Please make sure it has an appropriate `as` value and it is preloaded intentionally.
[2026-04-01 05:13:52.804] [warn]  The resource https://discordapp.com/assets/ce3b8055f5114434.woff2 was preloaded using link preload but not used within a few seconds from the window's load event. Please make sure it has an appropriate `as` value and it is preloaded intentionally.
[2026-04-01 05:13:52.805] [warn]  The resource https://discordapp.com/assets/cb2006dbced0e246.woff2 was preloaded using link preload but not used within a few seconds from the window's load event. Please make sure it has an appropriate `as` value and it is preloaded intentionally.
[2026-04-01 05:18:52.802] [warn]  The resource https://discordapp.com/assets/189422196a4f8b53.woff2 was preloaded using link preload but not used within a few seconds from the window's load event. Please make sure it has an appropriate `as` value and it is preloaded intentionally.
[2026-04-01 05:18:52.803] [warn]  The resource https://discordapp.com/assets/dd24010f3cf7def7.woff2 was preloaded using link preload but not used within a few seconds from the window's load event. Please make sure it has an appropriate `as` value and it is preloaded intentionally.
[2026-04-01 05:18:52.804] [warn]  The resource https://discordapp.com/assets/7a6a566c2e88a35d.woff2 was preloaded using link preload but not used within a few seconds from the window's load event. Please make sure it has an appropriate `as` value and it is preloaded intentionally.
[2026-04-01 05:18:52.804] [warn]  The resource https://discordapp.com/assets/e52f0cba712e2fb4.woff2 was preloaded using link preload but not used within a few seconds from the window's load event. Please make sure it has an appropriate `as` value and it is preloaded intentionally.
[2026-04-01 05:18:52.805] [warn]  The resource https://discordapp.com/assets/ce3b8055f5114434.woff2 was preloaded using link preload but not used within a few seconds from the window's load event. Please make sure it has an appropriate `as` value and it is preloaded intentionally.
[2026-04-01 05:18:52.805] [warn]  The resource https://discordapp.com/assets/cb2006dbced0e246.woff2 was preloaded using link preload but not used within a few seconds from the window's load event. Please make sure it has an appropriate `as` value and it is preloaded intentionally.
[2026-04-01 05:23:52.827] [warn]  The resource https://discordapp.com/assets/189422196a4f8b53.woff2 was preloaded using link preload but not used within a few seconds from the window's load event. Please make sure it has an appropriate `as` value and it is preloaded intentionally.
[2026-04-01 05:23:52.828] [warn]  The resource https://discordapp.com/assets/dd24010f3cf7def7.woff2 was preloaded using link preload but not used within a few seconds from the window's load event. Please make sure it has an appropriate `as` value and it is preloaded intentionally.
[2026-04-01 05:23:52.829] [warn]  The resource https://discordapp.com/assets/7a6a566c2e88a35d.woff2 was preloaded using link preload but not used within a few seconds from the window's load event. Please make sure it has an appropriate `as` value and it is preloaded intentionally.
[2026-04-01 05:23:52.829] [warn]  The resource https://discordapp.com/assets/e52f0cba712e2fb4.woff2 was preloaded using link preload but not used within a few seconds from the window's load event. Please make sure it has an appropriate `as` value and it is preloaded intentionally.
[2026-04-01 05:23:52.829] [warn]  The resource https://discordapp.com/assets/ce3b8055f5114434.woff2 was preloaded using link preload but not used within a few seconds from the window's load event. Please make sure it has an appropriate `as` value and it is preloaded intentionally.
[2026-04-01 05:23:52.830] [warn]  The resource https://discordapp.com/assets/cb2006dbced0e246.woff2 was preloaded using link preload but not used within a few seconds from the window's load event. Please make sure it has an appropriate `as` value and it is preloaded intentionally.
[2026-04-01 05:27:59.327] [warn]  The resource https://discordapp.com/assets/189422196a4f8b53.woff2 was preloaded using link preload but not used within a few seconds from the window's load event. Please make sure it has an appropriate `as` value and it is preloaded intentionally.
[2026-04-01 05:27:59.327] [warn]  The resource https://discordapp.com/assets/dd24010f3cf7def7.woff2 was preloaded using link preload but not used within a few seconds from the window's load event. Please make sure it has an appropriate `as` value and it is preloaded intentionally.
[2026-04-01 05:27:59.330] [warn]  The resource https://discordapp.com/assets/7a6a566c2e88a35d.woff2 was preloaded using link preload but not used within a few seconds from the window's load event. Please make sure it has an appropriate `as` value and it is preloaded intentionally.
[2026-04-01 05:27:59.330] [warn]  The resource https://discordapp.com/assets/e52f0cba712e2fb4.woff2 was preloaded using link preload but not used within a few seconds from the window's load event. Please make sure it has an appropriate `as` value and it is preloaded intentionally.
[2026-04-01 05:27:59.331] [warn]  The resource https://discordapp.com/assets/ce3b8055f5114434.woff2 was preloaded using link preload but not used within a few seconds from the window's load event. Please make sure it has an appropriate `as` value and it is preloaded intentionally.
[2026-04-01 05:27:59.331] [warn]  The resource https://discordapp.com/assets/cb2006dbced0e246.woff2 was preloaded using link preload but not used within a few seconds from the window's load event. Please make sure it has an appropriate `as` value and it is preloaded intentionally.
[2026-04-01 05:28:52.804] [warn]  The resource https://discordapp.com/assets/189422196a4f8b53.woff2 was preloaded using link preload but not used within a few seconds from the window's load event. Please make sure it has an appropriate `as` value and it is preloaded intentionally.
[2026-04-01 05:28:52.804] [warn]  The resource https://discordapp.com/assets/dd24010f3cf7def7.woff2 was preloaded using link preload but not used within a few seconds from the window's load event. Please make sure it has an appropriate `as` value and it is preloaded intentionally.
[2026-04-01 05:28:52.805] [warn]  The resource https://discordapp.com/assets/7a6a566c2e88a35d.woff2 was preloaded using link preload but not used within a few seconds from the window's load event. Please make sure it has an appropriate `as` value and it is preloaded intentionally.
[2026-04-01 05:28:52.805] [warn]  The resource https://discordapp.com/assets/e52f0cba712e2fb4.woff2 was preloaded using link preload but not used within a few seconds from the window's load event. Please make sure it has an appropriate `as` value and it is preloaded intentionally.
[2026-04-01 05:28:52.806] [warn]  The resource https://discordapp.com/assets/ce3b8055f5114434.woff2 was preloaded using link preload but not used within a few seconds from the window's load event. Please make sure it has an appropriate `as` value and it is preloaded intentionally.
[2026-04-01 05:28:52.806] [warn]  The resource https://discordapp.com/assets/cb2006dbced0e246.woff2 was preloaded using link preload but not used within a few seconds from the window's load event. Please make sure it has an appropriate `as` value and it is preloaded intentionally.
[2026-04-01 05:33:52.810] [warn]  The resource https://discordapp.com/assets/189422196a4f8b53.woff2 was preloaded using link preload but not used within a few seconds from the window's load event. Please make sure it has an appropriate `as` value and it is preloaded intentionally.
[2026-04-01 05:33:52.811] [warn]  The resource https://discordapp.com/assets/dd24010f3cf7def7.woff2 was preloaded using link preload but not used within a few seconds from the window's load event. Please make sure it has an appropriate `as` value and it is preloaded intentionally.
[2026-04-01 05:33:52.811] [warn]  The resource https://discordapp.com/assets/7a6a566c2e88a35d.woff2 was preloaded using link preload but not used within a few seconds from the window's load event. Please make sure it has an appropriate `as` value and it is preloaded intentionally.
[2026-04-01 05:33:52.811] [warn]  The resource https://discordapp.com/assets/e52f0cba712e2fb4.woff2 was preloaded using link preload but not used within a few seconds from the window's load event. Please make sure it has an appropriate `as` value and it is preloaded intentionally.
[2026-04-01 05:33:52.812] [warn]  The resource https://discordapp.com/assets/ce3b8055f5114434.woff2 was preloaded using link preload but not used within a few seconds from the window's load event. Please make sure it has an appropriate `as` value and it is preloaded intentionally.
[2026-04-01 05:33:52.812] [warn]  The resource https://discordapp.com/assets/cb2006dbced0e246.woff2 was preloaded using link preload but not used within a few seconds from the window's load event. Please make sure it has an appropriate `as` value and it is preloaded intentionally.
[2026-04-01 05:36:56.372] [info]  [GatewaySocket] [CONNECT] wss://gateway-us-east1-c.discord.gg, encoding: etf, version: 9, compression: zstd-stream
[2026-04-01 05:36:56.860] [info]  [GatewaySocket] [CONNECTED] wss://gateway-us-east1-c.discord.gg/?encoding=etf&v=9&compress=zstd-stream in 488 ms
[2026-04-01 05:36:56.861] [info]  [GatewaySocket] [RESUME] resuming session 4906d60781673c81768febcbd741f834, seq: 1438
[2026-04-01 05:36:57.226] [info]  [Flux] Dispatching CONNECTION_RESUMED
[2026-04-01 05:36:57.232] [info]  [GatewaySocket] [RESUMED] took 861ms, replayed 0 events, new seq: 1439
[2026-04-01 05:37:00.585] [warn]  The resource https://discordapp.com/assets/189422196a4f8b53.woff2 was preloaded using link preload but not used within a few seconds from the window's load event. Please make sure it has an appropriate `as` value and it is preloaded intentionally.
[2026-04-01 05:37:00.585] [warn]  The resource https://discordapp.com/assets/dd24010f3cf7def7.woff2 was preloaded using link preload but not used within a few seconds from the window's load event. Please make sure it has an appropriate `as` value and it is preloaded intentionally.
[2026-04-01 05:37:00.586] [warn]  The resource https://discordapp.com/assets/7a6a566c2e88a35d.woff2 was preloaded using link preload but not used within a few seconds from the window's load event. Please make sure it has an appropriate `as` value and it is preloaded intentionally.
[2026-04-01 05:37:00.586] [warn]  The resource https://discordapp.com/assets/e52f0cba712e2fb4.woff2 was preloaded using link preload but not used within a few seconds from the window's load event. Please make sure it has an appropriate `as` value and it is preloaded intentionally.
[2026-04-01 05:37:00.587] [warn]  The resource https://discordapp.com/assets/ce3b8055f5114434.woff2 was preloaded using link preload but not used within a few seconds from the window's load event. Please make sure it has an appropriate `as` value and it is preloaded intentionally.
[2026-04-01 05:37:00.587] [warn]  The resource https://discordapp.com/assets/cb2006dbced0e246.woff2 was preloaded using link preload but not used within a few seconds from the window's load event. Please make sure it has an appropriate `as` value and it is preloaded intentionally.
[2026-04-01 05:38:52.804] [warn]  The resource https://discordapp.com/assets/189422196a4f8b53.woff2 was preloaded using link preload but not used within a few seconds from the window's load event. Please make sure it has an appropriate `as` value and it is preloaded intentionally.
[2026-04-01 05:38:52.804] [warn]  The resource https://discordapp.com/assets/dd24010f3cf7def7.woff2 was preloaded using link preload but not used within a few seconds from the window's load event. Please make sure it has an appropriate `as` value and it is preloaded intentionally.
[2026-04-01 05:38:52.804] [warn]  The resource https://discordapp.com/assets/7a6a566c2e88a35d.woff2 was preloaded using link preload but not used within a few seconds from the window's load event. Please make sure it has an appropriate `as` value and it is preloaded intentionally.
[2026-04-01 05:38:52.805] [warn]  The resource https://discordapp.com/assets/e52f0cba712e2fb4.woff2 was preloaded using link preload but not used within a few seconds from the window's load event. Please make sure it has an appropriate `as` value and it is preloaded intentionally.
[2026-04-01 05:38:52.805] [warn]  The resource https://discordapp.com/assets/ce3b8055f5114434.woff2 was preloaded using link preload but not used within a few seconds from the window's load event. Please make sure it has an appropriate `as` value and it is preloaded intentionally.
[2026-04-01 05:38:52.805] [warn]  The resource https://discordapp.com/assets/cb2006dbced0e246.woff2 was preloaded using link preload but not used within a few seconds from the window's load event. Please make sure it has an appropriate `as` value and it is preloaded intentionally.
[2026-04-01 05:42:00.600] [warn]  The resource https://discordapp.com/assets/189422196a4f8b53.woff2 was preloaded using link preload but not used within a few seconds from the window's load event. Please make sure it has an appropriate `as` value and it is preloaded intentionally.
[2026-04-01 05:42:00.600] [warn]  The resource https://discordapp.com/assets/dd24010f3cf7def7.woff2 was preloaded using link preload but not used within a few seconds from the window's load event. Please make sure it has an appropriate `as` value and it is preloaded intentionally.
[2026-04-01 05:42:00.601] [warn]  The resource https://discordapp.com/assets/7a6a566c2e88a35d.woff2 was preloaded using link preload but not used within a few seconds from the window's load event. Please make sure it has an appropriate `as` value and it is preloaded intentionally.
[2026-04-01 05:42:00.601] [warn]  The resource https://discordapp.com/assets/e52f0cba712e2fb4.woff2 was preloaded using link preload but not used within a few seconds from the window's load event. Please make sure it has an appropriate `as` value and it is preloaded intentionally.
[2026-04-01 05:42:00.602] [warn]  The resource https://discordapp.com/assets/ce3b8055f5114434.woff2 was preloaded using link preload but not used within a few seconds from the window's load event. Please make sure it has an appropriate `as` value and it is preloaded intentionally.
[2026-04-01 05:42:00.602] [warn]  The resource https://discordapp.com/assets/cb2006dbced0e246.woff2 was preloaded using link preload but not used within a few seconds from the window's load event. Please make sure it has an appropriate `as` value and it is preloaded intentionally.
[2026-04-01 05:42:59.349] [warn]  The resource https://discordapp.com/assets/189422196a4f8b53.woff2 was preloaded using link preload but not used within a few seconds from the window's load event. Please make sure it has an appropriate `as` value and it is preloaded intentionally.
[2026-04-01 05:42:59.350] [warn]  The resource https://discordapp.com/assets/dd24010f3cf7def7.woff2 was preloaded using link preload but not used within a few seconds from the window's load event. Please make sure it has an appropriate `as` value and it is preloaded intentionally.
[2026-04-01 05:42:59.351] [warn]  The resource https://discordapp.com/assets/7a6a566c2e88a35d.woff2 was preloaded using link preload but not used within a few seconds from the window's load event. Please make sure it has an appropriate `as` value and it is preloaded intentionally.
[2026-04-01 05:42:59.351] [warn]  The resource https://discordapp.com/assets/e52f0cba712e2fb4.woff2 was preloaded using link preload but not used within a few seconds from the window's load event. Please make sure it has an appropriate `as` value and it is preloaded intentionally.
[2026-04-01 05:42:59.351] [warn]  The resource https://discordapp.com/assets/ce3b8055f5114434.woff2 was preloaded using link preload but not used within a few seconds from the window's load event. Please make sure it has an appropriate `as` value and it is preloaded intentionally.
[2026-04-01 05:42:59.352] [warn]  The resource https://discordapp.com/assets/cb2006dbced0e246.woff2 was preloaded using link preload but not used within a few seconds from the window's load event. Please make sure it has an appropriate `as` value and it is preloaded intentionally.
[2026-04-01 05:43:52.806] [warn]  The resource https://discordapp.com/assets/189422196a4f8b53.woff2 was preloaded using link preload but not used within a few seconds from the window's load event. Please make sure it has an appropriate `as` value and it is preloaded intentionally.
[2026-04-01 05:43:52.807] [warn]  The resource https://discordapp.com/assets/dd24010f3cf7def7.woff2 was preloaded using link preload but not used within a few seconds from the window's load event. Please make sure it has an appropriate `as` value and it is preloaded intentionally.
[2026-04-01 05:43:52.808] [warn]  The resource https://discordapp.com/assets/7a6a566c2e88a35d.woff2 was preloaded using link preload but not used within a few seconds from the window's load event. Please make sure it has an appropriate `as` value and it is preloaded intentionally.
[2026-04-01 05:43:52.808] [warn]  The resource https://discordapp.com/assets/e52f0cba712e2fb4.woff2 was preloaded using link preload but not used within a few seconds from the window's load event. Please make sure it has an appropriate `as` value and it is preloaded intentionally.
[2026-04-01 05:43:52.809] [warn]  The resource https://discordapp.com/assets/ce3b8055f5114434.woff2 was preloaded using link preload but not used within a few seconds from the window's load event. Please make sure it has an appropriate `as` value and it is preloaded intentionally.
[2026-04-01 05:43:52.809] [warn]  The resource https://discordapp.com/assets/cb2006dbced0e246.woff2 was preloaded using link preload but not used within a few seconds from the window's load event. Please make sure it has an appropriate `as` value and it is preloaded intentionally.
[2026-04-01 05:48:52.827] [warn]  The resource https://discordapp.com/assets/189422196a4f8b53.woff2 was preloaded using link preload but not used within a few seconds from the window's load event. Please make sure it has an appropriate `as` value and it is preloaded intentionally.
[2026-04-01 05:48:52.828] [warn]  The resource https://discordapp.com/assets/dd24010f3cf7def7.woff2 was preloaded using link preload but not used within a few seconds from the window's load event. Please make sure it has an appropriate `as` value and it is preloaded intentionally.
[2026-04-01 05:48:52.828] [warn]  The resource https://discordapp.com/assets/7a6a566c2e88a35d.woff2 was preloaded using link preload but not used within a few seconds from the window's load event. Please make sure it has an appropriate `as` value and it is preloaded intentionally.
[2026-04-01 05:48:52.828] [warn]  The resource https://discordapp.com/assets/e52f0cba712e2fb4.woff2 was preloaded using link preload but not used within a few seconds from the window's load event. Please make sure it has an appropriate `as` value and it is preloaded intentionally.
[2026-04-01 05:48:52.829] [warn]  The resource https://discordapp.com/assets/ce3b8055f5114434.woff2 was preloaded using link preload but not used within a few seconds from the window's load event. Please make sure it has an appropriate `as` value and it is preloaded intentionally.
[2026-04-01 05:48:52.829] [warn]  The resource https://discordapp.com/assets/cb2006dbced0e246.woff2 was preloaded using link preload but not used within a few seconds from the window's load event. Please make sure it has an appropriate `as` value and it is preloaded intentionally.
[2026-04-01 05:53:52.800] [warn]  The resource https://discordapp.com/assets/189422196a4f8b53.woff2 was preloaded using link preload but not used within a few seconds from the window's load event. Please make sure it has an appropriate `as` value and it is preloaded intentionally.
[2026-04-01 05:53:52.800] [warn]  The resource https://discordapp.com/assets/dd24010f3cf7def7.woff2 was preloaded using link preload but not used within a few seconds from the window's load event. Please make sure it has an appropriate `as` value and it is preloaded intentionally.
[2026-04-01 05:53:52.801] [warn]  The resource https://discordapp.com/assets/7a6a566c2e88a35d.woff2 was preloaded using link preload but not used within a few seconds from the window's load event. Please make sure it has an appropriate `as` value and it is preloaded intentionally.
[2026-04-01 05:53:52.801] [warn]  The resource https://discordapp.com/assets/e52f0cba712e2fb4.woff2 was preloaded using link preload but not used within a few seconds from the window's load event. Please make sure it has an appropriate `as` value and it is preloaded intentionally.
[2026-04-01 05:53:52.801] [warn]  The resource https://discordapp.com/assets/ce3b8055f5114434.woff2 was preloaded using link preload but not used within a few seconds from the window's load event. Please make sure it has an appropriate `as` value and it is preloaded intentionally.
[2026-04-01 05:53:52.802] [warn]  The resource https://discordapp.com/assets/cb2006dbced0e246.woff2 was preloaded using link preload but not used within a few seconds from the window's load event. Please make sure it has an appropriate `as` value and it is preloaded intentionally.
[2026-04-01 05:57:59.332] [warn]  The resource https://discordapp.com/assets/189422196a4f8b53.woff2 was preloaded using link preload but not used within a few seconds from the window's load event. Please make sure it has an appropriate `as` value and it is preloaded intentionally.
[2026-04-01 05:57:59.332] [warn]  The resource https://discordapp.com/assets/dd24010f3cf7def7.woff2 was preloaded using link preload but not used within a few seconds from the window's load event. Please make sure it has an appropriate `as` value and it is preloaded intentionally.
[2026-04-01 05:57:59.333] [warn]  The resource https://discordapp.com/assets/7a6a566c2e88a35d.woff2 was preloaded using link preload but not used within a few seconds from the window's load event. Please make sure it has an appropriate `as` value and it is preloaded intentionally.
[2026-04-01 05:57:59.333] [warn]  The resource https://discordapp.com/assets/e52f0cba712e2fb4.woff2 was preloaded using link preload but not used within a few seconds from the window's load event. Please make sure it has an appropriate `as` value and it is preloaded intentionally.
[2026-04-01 05:57:59.334] [warn]  The resource https://discordapp.com/assets/ce3b8055f5114434.woff2 was preloaded using link preload but not used within a few seconds from the window's load event. Please make sure it has an appropriate `as` value and it is preloaded intentionally.
[2026-04-01 05:57:59.334] [warn]  The resource https://discordapp.com/assets/cb2006dbced0e246.woff2 was preloaded using link preload but not used within a few seconds from the window's load event. Please make sure it has an appropriate `as` value and it is preloaded intentionally.
[2026-04-01 05:58:53.317] [warn]  The resource https://discordapp.com/assets/189422196a4f8b53.woff2 was preloaded using link preload but not used within a few seconds from the window's load event. Please make sure it has an appropriate `as` value and it is preloaded intentionally.
[2026-04-01 05:58:53.317] [warn]  The resource https://discordapp.com/assets/dd24010f3cf7def7.woff2 was preloaded using link preload but not used within a few seconds from the window's load event. Please make sure it has an appropriate `as` value and it is preloaded intentionally.
[2026-04-01 05:58:53.318] [warn]  The resource https://discordapp.com/assets/7a6a566c2e88a35d.woff2 was preloaded using link preload but not used within a few seconds from the window's load event. Please make sure it has an appropriate `as` value and it is preloaded intentionally.
[2026-04-01 05:58:53.318] [warn]  The resource https://discordapp.com/assets/e52f0cba712e2fb4.woff2 was preloaded using link preload but not used within a few seconds from the window's load event. Please make sure it has an appropriate `as` value and it is preloaded intentionally.
[2026-04-01 05:58:53.319] [warn]  The resource https://discordapp.com/assets/ce3b8055f5114434.woff2 was preloaded using link preload but not used within a few seconds from the window's load event. Please make sure it has an appropriate `as` value and it is preloaded intentionally.
[2026-04-01 05:58:53.319] [warn]  The resource https://discordapp.com/assets/cb2006dbced0e246.woff2 was preloaded using link preload but not used within a few seconds from the window's load event. Please make sure it has an appropriate `as` value and it is preloaded intentionally.
[2026-04-01 06:03:52.804] [warn]  The resource https://discordapp.com/assets/189422196a4f8b53.woff2 was preloaded using link preload but not used within a few seconds from the window's load event. Please make sure it has an appropriate `as` value and it is preloaded intentionally.
[2026-04-01 06:03:52.804] [warn]  The resource https://discordapp.com/assets/dd24010f3cf7def7.woff2 was preloaded using link preload but not used within a few seconds from the window's load event. Please make sure it has an appropriate `as` value and it is preloaded intentionally.
[2026-04-01 06:03:52.804] [warn]  The resource https://discordapp.com/assets/7a6a566c2e88a35d.woff2 was preloaded using link preload but not used within a few seconds from the window's load event. Please make sure it has an appropriate `as` value and it is preloaded intentionally.
[2026-04-01 06:03:52.805] [warn]  The resource https://discordapp.com/assets/e52f0cba712e2fb4.woff2 was preloaded using link preload but not used within a few seconds from the window's load event. Please make sure it has an appropriate `as` value and it is preloaded intentionally.
[2026-04-01 06:03:52.805] [warn]  The resource https://discordapp.com/assets/ce3b8055f5114434.woff2 was preloaded using link preload but not used within a few seconds from the window's load event. Please make sure it has an appropriate `as` value and it is preloaded intentionally.
[2026-04-01 06:03:52.805] [warn]  The resource https://discordapp.com/assets/cb2006dbced0e246.woff2 was preloaded using link preload but not used within a few seconds from the window's load event. Please make sure it has an appropriate `as` value and it is preloaded intentionally.
[2026-04-01 06:08:52.803] [warn]  The resource https://discordapp.com/assets/189422196a4f8b53.woff2 was preloaded using link preload but not used within a few seconds from the window's load event. Please make sure it has an appropriate `as` value and it is preloaded intentionally.
[2026-04-01 06:08:52.804] [warn]  The resource https://discordapp.com/assets/dd24010f3cf7def7.woff2 was preloaded using link preload but not used within a few seconds from the window's load event. Please make sure it has an appropriate `as` value and it is preloaded intentionally.
[2026-04-01 06:08:52.804] [warn]  The resource https://discordapp.com/assets/7a6a566c2e88a35d.woff2 was preloaded using link preload but not used within a few seconds from the window's load event. Please make sure it has an appropriate `as` value and it is preloaded intentionally.
[2026-04-01 06:08:52.805] [warn]  The resource https://discordapp.com/assets/e52f0cba712e2fb4.woff2 was preloaded using link preload but not used within a few seconds from the window's load event. Please make sure it has an appropriate `as` value and it is preloaded intentionally.
[2026-04-01 06:08:52.805] [warn]  The resource https://discordapp.com/assets/ce3b8055f5114434.woff2 was preloaded using link preload but not used within a few seconds from the window's load event. Please make sure it has an appropriate `as` value and it is preloaded intentionally.
[2026-04-01 06:08:52.805] [warn]  The resource https://discordapp.com/assets/cb2006dbced0e246.woff2 was preloaded using link preload but not used within a few seconds from the window's load event. Please make sure it has an appropriate `as` value and it is preloaded intentionally.
[2026-04-01 06:09:00.664] [warn]  The resource https://discordapp.com/assets/189422196a4f8b53.woff2 was preloaded using link preload but not used within a few seconds from the window's load event. Please make sure it has an appropriate `as` value and it is preloaded intentionally.
[2026-04-01 06:09:00.664] [warn]  The resource https://discordapp.com/assets/dd24010f3cf7def7.woff2 was preloaded using link preload but not used within a few seconds from the window's load event. Please make sure it has an appropriate `as` value and it is preloaded intentionally.
[2026-04-01 06:09:00.665] [warn]  The resource https://discordapp.com/assets/7a6a566c2e88a35d.woff2 was preloaded using link preload but not used within a few seconds from the window's load event. Please make sure it has an appropriate `as` value and it is preloaded intentionally.
[2026-04-01 06:09:00.665] [warn]  The resource https://discordapp.com/assets/e52f0cba712e2fb4.woff2 was preloaded using link preload but not used within a few seconds from the window's load event. Please make sure it has an appropriate `as` value and it is preloaded intentionally.
[2026-04-01 06:09:00.666] [warn]  The resource https://discordapp.com/assets/ce3b8055f5114434.woff2 was preloaded using link preload but not used within a few seconds from the window's load event. Please make sure it has an appropriate `as` value and it is preloaded intentionally.
[2026-04-01 06:09:00.666] [warn]  The resource https://discordapp.com/assets/cb2006dbced0e246.woff2 was preloaded using link preload but not used within a few seconds from the window's load event. Please make sure it has an appropriate `as` value and it is preloaded intentionally.
[2026-04-01 06:12:59.343] [warn]  The resource https://discordapp.com/assets/189422196a4f8b53.woff2 was preloaded using link preload but not used within a few seconds from the window's load event. Please make sure it has an appropriate `as` value and it is preloaded intentionally.
[2026-04-01 06:12:59.344] [warn]  The resource https://discordapp.com/assets/dd24010f3cf7def7.woff2 was preloaded using link preload but not used within a few seconds from the window's load event. Please make sure it has an appropriate `as` value and it is preloaded intentionally.
[2026-04-01 06:12:59.345] [warn]  The resource https://discordapp.com/assets/7a6a566c2e88a35d.woff2 was preloaded using link preload but not used within a few seconds from the window's load event. Please make sure it has an appropriate `as` value and it is preloaded intentionally.
[2026-04-01 06:12:59.345] [warn]  The resource https://discordapp.com/assets/e52f0cba712e2fb4.woff2 was preloaded using link preload but not used within a few seconds from the window's load event. Please make sure it has an appropriate `as` value and it is preloaded intentionally.
[2026-04-01 06:12:59.345] [warn]  The resource https://discordapp.com/assets/ce3b8055f5114434.woff2 was preloaded using link preload but not used within a few seconds from the window's load event. Please make sure it has an appropriate `as` value and it is preloaded intentionally.
[2026-04-01 06:12:59.346] [warn]  The resource https://discordapp.com/assets/cb2006dbced0e246.woff2 was preloaded using link preload but not used within a few seconds from the window's load event. Please make sure it has an appropriate `as` value and it is preloaded intentionally.
[2026-04-01 06:13:52.822] [warn]  The resource https://discordapp.com/assets/189422196a4f8b53.woff2 was preloaded using link preload but not used within a few seconds from the window's load event. Please make sure it has an appropriate `as` value and it is preloaded intentionally.
[2026-04-01 06:13:52.823] [warn]  The resource https://discordapp.com/assets/dd24010f3cf7def7.woff2 was preloaded using link preload but not used within a few seconds from the window's load event. Please make sure it has an appropriate `as` value and it is preloaded intentionally.
[2026-04-01 06:13:52.824] [warn]  The resource https://discordapp.com/assets/7a6a566c2e88a35d.woff2 was preloaded using link preload but not used within a few seconds from the window's load event. Please make sure it has an appropriate `as` value and it is preloaded intentionally.
[2026-04-01 06:13:52.824] [warn]  The resource https://discordapp.com/assets/e52f0cba712e2fb4.woff2 was preloaded using link preload but not used within a few seconds from the window's load event. Please make sure it has an appropriate `as` value and it is preloaded intentionally.
[2026-04-01 06:13:52.825] [warn]  The resource https://discordapp.com/assets/ce3b8055f5114434.woff2 was preloaded using link preload but not used within a few seconds from the window's load event. Please make sure it has an appropriate `as` value and it is preloaded intentionally.
[2026-04-01 06:13:52.825] [warn]  The resource https://discordapp.com/assets/cb2006dbced0e246.woff2 was preloaded using link preload but not used within a few seconds from the window's load event. Please make sure it has an appropriate `as` value and it is preloaded intentionally.
[2026-04-01 06:18:52.803] [warn]  The resource https://discordapp.com/assets/189422196a4f8b53.woff2 was preloaded using link preload but not used within a few seconds from the window's load event. Please make sure it has an appropriate `as` value and it is preloaded intentionally.
[2026-04-01 06:18:52.803] [warn]  The resource https://discordapp.com/assets/dd24010f3cf7def7.woff2 was preloaded using link preload but not used within a few seconds from the window's load event. Please make sure it has an appropriate `as` value and it is preloaded intentionally.
[2026-04-01 06:18:52.804] [warn]  The resource https://discordapp.com/assets/7a6a566c2e88a35d.woff2 was preloaded using link preload but not used within a few seconds from the window's load event. Please make sure it has an appropriate `as` value and it is preloaded intentionally.
[2026-04-01 06:18:52.804] [warn]  The resource https://discordapp.com/assets/e52f0cba712e2fb4.woff2 was preloaded using link preload but not used within a few seconds from the window's load event. Please make sure it has an appropriate `as` value and it is preloaded intentionally.
[2026-04-01 06:18:52.805] [warn]  The resource https://discordapp.com/assets/ce3b8055f5114434.woff2 was preloaded using link preload but not used within a few seconds from the window's load event. Please make sure it has an appropriate `as` value and it is preloaded intentionally.
[2026-04-01 06:18:52.805] [warn]  The resource https://discordapp.com/assets/cb2006dbced0e246.woff2 was preloaded using link preload but not used within a few seconds from the window's load event. Please make sure it has an appropriate `as` value and it is preloaded intentionally.
[2026-04-01 06:21:50.616] [warn]  The resource https://discordapp.com/assets/189422196a4f8b53.woff2 was preloaded using link preload but not used within a few seconds from the window's load event. Please make sure it has an appropriate `as` value and it is preloaded intentionally.
[2026-04-01 06:21:50.617] [warn]  The resource https://discordapp.com/assets/dd24010f3cf7def7.woff2 was preloaded using link preload but not used within a few seconds from the window's load event. Please make sure it has an appropriate `as` value and it is preloaded intentionally.
[2026-04-01 06:21:50.618] [warn]  The resource https://discordapp.com/assets/7a6a566c2e88a35d.woff2 was preloaded using link preload but not used within a few seconds from the window's load event. Please make sure it has an appropriate `as` value and it is preloaded intentionally.
[2026-04-01 06:21:50.618] [warn]  The resource https://discordapp.com/assets/e52f0cba712e2fb4.woff2 was preloaded using link preload but not used within a few seconds from the window's load event. Please make sure it has an appropriate `as` value and it is preloaded intentionally.
[2026-04-01 06:21:50.619] [warn]  The resource https://discordapp.com/assets/ce3b8055f5114434.woff2 was preloaded using link preload but not used within a few seconds from the window's load event. Please make sure it has an appropriate `as` value and it is preloaded intentionally.
[2026-04-01 06:21:50.620] [warn]  The resource https://discordapp.com/assets/cb2006dbced0e246.woff2 was preloaded using link preload but not used within a few seconds from the window's load event. Please make sure it has an appropriate `as` value and it is preloaded intentionally.
[2026-04-01 06:23:52.842] [warn]  The resource https://discordapp.com/assets/189422196a4f8b53.woff2 was preloaded using link preload but not used within a few seconds from the window's load event. Please make sure it has an appropriate `as` value and it is preloaded intentionally.
[2026-04-01 06:23:52.842] [warn]  The resource https://discordapp.com/assets/dd24010f3cf7def7.woff2 was preloaded using link preload but not used within a few seconds from the window's load event. Please make sure it has an appropriate `as` value and it is preloaded intentionally.
[2026-04-01 06:23:52.843] [warn]  The resource https://discordapp.com/assets/7a6a566c2e88a35d.woff2 was preloaded using link preload but not used within a few seconds from the window's load event. Please make sure it has an appropriate `as` value and it is preloaded intentionally.
[2026-04-01 06:23:52.843] [warn]  The resource https://discordapp.com/assets/e52f0cba712e2fb4.woff2 was preloaded using link preload but not used within a few seconds from the window's load event. Please make sure it has an appropriate `as` value and it is preloaded intentionally.
[2026-04-01 06:23:52.844] [warn]  The resource https://discordapp.com/assets/ce3b8055f5114434.woff2 was preloaded using link preload but not used within a few seconds from the window's load event. Please make sure it has an appropriate `as` value and it is preloaded intentionally.
[2026-04-01 06:23:52.844] [warn]  The resource https://discordapp.com/assets/cb2006dbced0e246.woff2 was preloaded using link preload but not used within a few seconds from the window's load event. Please make sure it has an appropriate `as` value and it is preloaded intentionally.
[2026-04-01 06:27:59.345] [warn]  The resource https://discordapp.com/assets/189422196a4f8b53.woff2 was preloaded using link preload but not used within a few seconds from the window's load event. Please make sure it has an appropriate `as` value and it is preloaded intentionally.
[2026-04-01 06:27:59.345] [warn]  The resource https://discordapp.com/assets/dd24010f3cf7def7.woff2 was preloaded using link preload but not used within a few seconds from the window's load event. Please make sure it has an appropriate `as` value and it is preloaded intentionally.
[2026-04-01 06:27:59.346] [warn]  The resource https://discordapp.com/assets/7a6a566c2e88a35d.woff2 was preloaded using link preload but not used within a few seconds from the window's load event. Please make sure it has an appropriate `as` value and it is preloaded intentionally.
[2026-04-01 06:27:59.346] [warn]  The resource https://discordapp.com/assets/e52f0cba712e2fb4.woff2 was preloaded using link preload but not used within a few seconds from the window's load event. Please make sure it has an appropriate `as` value and it is preloaded intentionally.
[2026-04-01 06:27:59.347] [warn]  The resource https://discordapp.com/assets/ce3b8055f5114434.woff2 was preloaded using link preload but not used within a few seconds from the window's load event. Please make sure it has an appropriate `as` value and it is preloaded intentionally.
[2026-04-01 06:27:59.347] [warn]  The resource https://discordapp.com/assets/cb2006dbced0e246.woff2 was preloaded using link preload but not used within a few seconds from the window's load event. Please make sure it has an appropriate `as` value and it is preloaded intentionally.
[2026-04-01 06:28:52.813] [warn]  The resource https://discordapp.com/assets/189422196a4f8b53.woff2 was preloaded using link preload but not used within a few seconds from the window's load event. Please make sure it has an appropriate `as` value and it is preloaded intentionally.
[2026-04-01 06:28:52.813] [warn]  The resource https://discordapp.com/assets/dd24010f3cf7def7.woff2 was preloaded using link preload but not used within a few seconds from the window's load event. Please make sure it has an appropriate `as` value and it is preloaded intentionally.
[2026-04-01 06:28:52.816] [warn]  The resource https://discordapp.com/assets/7a6a566c2e88a35d.woff2 was preloaded using link preload but not used within a few seconds from the window's load event. Please make sure it has an appropriate `as` value and it is preloaded intentionally.
[2026-04-01 06:28:52.816] [warn]  The resource https://discordapp.com/assets/e52f0cba712e2fb4.woff2 was preloaded using link preload but not used within a few seconds from the window's load event. Please make sure it has an appropriate `as` value and it is preloaded intentionally.
[2026-04-01 06:28:52.817] [warn]  The resource https://discordapp.com/assets/ce3b8055f5114434.woff2 was preloaded using link preload but not used within a few seconds from the window's load event. Please make sure it has an appropriate `as` value and it is preloaded intentionally.
[2026-04-01 06:28:52.817] [warn]  The resource https://discordapp.com/assets/cb2006dbced0e246.woff2 was preloaded using link preload but not used within a few seconds from the window's load event. Please make sure it has an appropriate `as` value and it is preloaded intentionally.
[2026-04-01 06:33:52.810] [warn]  The resource https://discordapp.com/assets/189422196a4f8b53.woff2 was preloaded using link preload but not used within a few seconds from the window's load event. Please make sure it has an appropriate `as` value and it is preloaded intentionally.
[2026-04-01 06:33:52.811] [warn]  The resource https://discordapp.com/assets/dd24010f3cf7def7.woff2 was preloaded using link preload but not used within a few seconds from the window's load event. Please make sure it has an appropriate `as` value and it is preloaded intentionally.
[2026-04-01 06:33:52.812] [warn]  The resource https://discordapp.com/assets/7a6a566c2e88a35d.woff2 was preloaded using link preload but not used within a few seconds from the window's load event. Please make sure it has an appropriate `as` value and it is preloaded intentionally.
[2026-04-01 06:33:52.812] [warn]  The resource https://discordapp.com/assets/e52f0cba712e2fb4.woff2 was preloaded using link preload but not used within a few seconds from the window's load event. Please make sure it has an appropriate `as` value and it is preloaded intentionally.
[2026-04-01 06:33:52.812] [warn]  The resource https://discordapp.com/assets/ce3b8055f5114434.woff2 was preloaded using link preload but not used within a few seconds from the window's load event. Please make sure it has an appropriate `as` value and it is preloaded intentionally.
[2026-04-01 06:33:52.813] [warn]  The resource https://discordapp.com/assets/cb2006dbced0e246.woff2 was preloaded using link preload but not used within a few seconds from the window's load event. Please make sure it has an appropriate `as` value and it is preloaded intentionally.
[2026-04-01 06:38:52.796] [warn]  The resource https://discordapp.com/assets/189422196a4f8b53.woff2 was preloaded using link preload but not used within a few seconds from the window's load event. Please make sure it has an appropriate `as` value and it is preloaded intentionally.
[2026-04-01 06:38:52.797] [warn]  The resource https://discordapp.com/assets/dd24010f3cf7def7.woff2 was preloaded using link preload but not used within a few seconds from the window's load event. Please make sure it has an appropriate `as` value and it is preloaded intentionally.
[2026-04-01 06:38:52.798] [warn]  The resource https://discordapp.com/assets/7a6a566c2e88a35d.woff2 was preloaded using link preload but not used within a few seconds from the window's load event. Please make sure it has an appropriate `as` value and it is preloaded intentionally.
[2026-04-01 06:38:52.798] [warn]  The resource https://discordapp.com/assets/e52f0cba712e2fb4.woff2 was preloaded using link preload but not used within a few seconds from the window's load event. Please make sure it has an appropriate `as` value and it is preloaded intentionally.
[2026-04-01 06:38:52.799] [warn]  The resource https://discordapp.com/assets/ce3b8055f5114434.woff2 was preloaded using link preload but not used within a few seconds from the window's load event. Please make sure it has an appropriate `as` value and it is preloaded intentionally.
[2026-04-01 06:38:52.799] [warn]  The resource https://discordapp.com/assets/cb2006dbced0e246.woff2 was preloaded using link preload but not used within a few seconds from the window's load event. Please make sure it has an appropriate `as` value and it is preloaded intentionally.
[2026-04-01 06:42:59.377] [warn]  The resource https://discordapp.com/assets/189422196a4f8b53.woff2 was preloaded using link preload but not used within a few seconds from the window's load event. Please make sure it has an appropriate `as` value and it is preloaded intentionally.
[2026-04-01 06:42:59.378] [warn]  The resource https://discordapp.com/assets/dd24010f3cf7def7.woff2 was preloaded using link preload but not used within a few seconds from the window's load event. Please make sure it has an appropriate `as` value and it is preloaded intentionally.
[2026-04-01 06:42:59.378] [warn]  The resource https://discordapp.com/assets/7a6a566c2e88a35d.woff2 was preloaded using link preload but not used within a few seconds from the window's load event. Please make sure it has an appropriate `as` value and it is preloaded intentionally.
[2026-04-01 06:42:59.379] [warn]  The resource https://discordapp.com/assets/e52f0cba712e2fb4.woff2 was preloaded using link preload but not used within a few seconds from the window's load event. Please make sure it has an appropriate `as` value and it is preloaded intentionally.
[2026-04-01 06:42:59.379] [warn]  The resource https://discordapp.com/assets/ce3b8055f5114434.woff2 was preloaded using link preload but not used within a few seconds from the window's load event. Please make sure it has an appropriate `as` value and it is preloaded intentionally.
[2026-04-01 06:42:59.379] [warn]  The resource https://discordapp.com/assets/cb2006dbced0e246.woff2 was preloaded using link preload but not used within a few seconds from the window's load event. Please make sure it has an appropriate `as` value and it is preloaded intentionally.
[2026-04-01 06:43:52.827] [warn]  The resource https://discordapp.com/assets/189422196a4f8b53.woff2 was preloaded using link preload but not used within a few seconds from the window's load event. Please make sure it has an appropriate `as` value and it is preloaded intentionally.
[2026-04-01 06:43:52.828] [warn]  The resource https://discordapp.com/assets/dd24010f3cf7def7.woff2 was preloaded using link preload but not used within a few seconds from the window's load event. Please make sure it has an appropriate `as` value and it is preloaded intentionally.
[2026-04-01 06:43:52.828] [warn]  The resource https://discordapp.com/assets/7a6a566c2e88a35d.woff2 was preloaded using link preload but not used within a few seconds from the window's load event. Please make sure it has an appropriate `as` value and it is preloaded intentionally.
[2026-04-01 06:43:52.829] [warn]  The resource https://discordapp.com/assets/e52f0cba712e2fb4.woff2 was preloaded using link preload but not used within a few seconds from the window's load event. Please make sure it has an appropriate `as` value and it is preloaded intentionally.
[2026-04-01 06:43:52.829] [warn]  The resource https://discordapp.com/assets/ce3b8055f5114434.woff2 was preloaded using link preload but not used within a few seconds from the window's load event. Please make sure it has an appropriate `as` value and it is preloaded intentionally.
[2026-04-01 06:43:52.830] [warn]  The resource https://discordapp.com/assets/cb2006dbced0e246.woff2 was preloaded using link preload but not used within a few seconds from the window's load event. Please make sure it has an appropriate `as` value and it is preloaded intentionally.
[2026-04-01 06:48:52.796] [warn]  The resource https://discordapp.com/assets/189422196a4f8b53.woff2 was preloaded using link preload but not used within a few seconds from the window's load event. Please make sure it has an appropriate `as` value and it is preloaded intentionally.
[2026-04-01 06:48:52.797] [warn]  The resource https://discordapp.com/assets/dd24010f3cf7def7.woff2 was preloaded using link preload but not used within a few seconds from the window's load event. Please make sure it has an appropriate `as` value and it is preloaded intentionally.
[2026-04-01 06:48:52.798] [warn]  The resource https://discordapp.com/assets/7a6a566c2e88a35d.woff2 was preloaded using link preload but not used within a few seconds from the window's load event. Please make sure it has an appropriate `as` value and it is preloaded intentionally.
[2026-04-01 06:48:52.798] [warn]  The resource https://discordapp.com/assets/e52f0cba712e2fb4.woff2 was preloaded using link preload but not used within a few seconds from the window's load event. Please make sure it has an appropriate `as` value and it is preloaded intentionally.
[2026-04-01 06:48:52.798] [warn]  The resource https://discordapp.com/assets/ce3b8055f5114434.woff2 was preloaded using link preload but not used within a few seconds from the window's load event. Please make sure it has an appropriate `as` value and it is preloaded intentionally.
[2026-04-01 06:48:52.799] [warn]  The resource https://discordapp.com/assets/cb2006dbced0e246.woff2 was preloaded using link preload but not used within a few seconds from the window's load event. Please make sure it has an appropriate `as` value and it is preloaded intentionally.
[2026-04-01 06:53:52.809] [warn]  The resource https://discordapp.com/assets/189422196a4f8b53.woff2 was preloaded using link preload but not used within a few seconds from the window's load event. Please make sure it has an appropriate `as` value and it is preloaded intentionally.
[2026-04-01 06:53:52.810] [warn]  The resource https://discordapp.com/assets/dd24010f3cf7def7.woff2 was preloaded using link preload but not used within a few seconds from the window's load event. Please make sure it has an appropriate `as` value and it is preloaded intentionally.
[2026-04-01 06:53:52.810] [warn]  The resource https://discordapp.com/assets/7a6a566c2e88a35d.woff2 was preloaded using link preload but not used within a few seconds from the window's load event. Please make sure it has an appropriate `as` value and it is preloaded intentionally.
[2026-04-01 06:53:52.811] [warn]  The resource https://discordapp.com/assets/e52f0cba712e2fb4.woff2 was preloaded using link preload but not used within a few seconds from the window's load event. Please make sure it has an appropriate `as` value and it is preloaded intentionally.
[2026-04-01 06:53:52.811] [warn]  The resource https://discordapp.com/assets/ce3b8055f5114434.woff2 was preloaded using link preload but not used within a few seconds from the window's load event. Please make sure it has an appropriate `as` value and it is preloaded intentionally.
[2026-04-01 06:53:52.811] [warn]  The resource https://discordapp.com/assets/cb2006dbced0e246.woff2 was preloaded using link preload but not used within a few seconds from the window's load event. Please make sure it has an appropriate `as` value and it is preloaded intentionally.
[2026-04-01 06:57:59.377] [warn]  The resource https://discordapp.com/assets/189422196a4f8b53.woff2 was preloaded using link preload but not used within a few seconds from the window's load event. Please make sure it has an appropriate `as` value and it is preloaded intentionally.
[2026-04-01 06:57:59.377] [warn]  The resource https://discordapp.com/assets/dd24010f3cf7def7.woff2 was preloaded using link preload but not used within a few seconds from the window's load event. Please make sure it has an appropriate `as` value and it is preloaded intentionally.
[2026-04-01 06:57:59.378] [warn]  The resource https://discordapp.com/assets/7a6a566c2e88a35d.woff2 was preloaded using link preload but not used within a few seconds from the window's load event. Please make sure it has an appropriate `as` value and it is preloaded intentionally.
[2026-04-01 06:57:59.378] [warn]  The resource https://discordapp.com/assets/e52f0cba712e2fb4.woff2 was preloaded using link preload but not used within a few seconds from the window's load event. Please make sure it has an appropriate `as` value and it is preloaded intentionally.
[2026-04-01 06:57:59.379] [warn]  The resource https://discordapp.com/assets/ce3b8055f5114434.woff2 was preloaded using link preload but not used within a few seconds from the window's load event. Please make sure it has an appropriate `as` value and it is preloaded intentionally.
[2026-04-01 06:57:59.379] [warn]  The resource https://discordapp.com/assets/cb2006dbced0e246.woff2 was preloaded using link preload but not used within a few seconds from the window's load event. Please make sure it has an appropriate `as` value and it is preloaded intentionally.
[2026-04-01 06:58:31.913] [warn]  The resource https://discordapp.com/assets/189422196a4f8b53.woff2 was preloaded using link preload but not used within a few seconds from the window's load event. Please make sure it has an appropriate `as` value and it is preloaded intentionally.
[2026-04-01 06:58:31.914] [warn]  The resource https://discordapp.com/assets/dd24010f3cf7def7.woff2 was preloaded using link preload but not used within a few seconds from the window's load event. Please make sure it has an appropriate `as` value and it is preloaded intentionally.
[2026-04-01 06:58:31.914] [warn]  The resource https://discordapp.com/assets/7a6a566c2e88a35d.woff2 was preloaded using link preload but not used within a few seconds from the window's load event. Please make sure it has an appropriate `as` value and it is preloaded intentionally.
[2026-04-01 06:58:31.915] [warn]  The resource https://discordapp.com/assets/e52f0cba712e2fb4.woff2 was preloaded using link preload but not used within a few seconds from the window's load event. Please make sure it has an appropriate `as` value and it is preloaded intentionally.
[2026-04-01 06:58:31.915] [warn]  The resource https://discordapp.com/assets/ce3b8055f5114434.woff2 was preloaded using link preload but not used within a few seconds from the window's load event. Please make sure it has an appropriate `as` value and it is preloaded intentionally.
[2026-04-01 06:58:31.915] [warn]  The resource https://discordapp.com/assets/cb2006dbced0e246.woff2 was preloaded using link preload but not used within a few seconds from the window's load event. Please make sure it has an appropriate `as` value and it is preloaded intentionally.
[2026-04-01 06:58:53.299] [warn]  The resource https://discordapp.com/assets/189422196a4f8b53.woff2 was preloaded using link preload but not used within a few seconds from the window's load event. Please make sure it has an appropriate `as` value and it is preloaded intentionally.
[2026-04-01 06:58:53.299] [warn]  The resource https://discordapp.com/assets/dd24010f3cf7def7.woff2 was preloaded using link preload but not used within a few seconds from the window's load event. Please make sure it has an appropriate `as` value and it is preloaded intentionally.
[2026-04-01 06:58:53.300] [warn]  The resource https://discordapp.com/assets/7a6a566c2e88a35d.woff2 was preloaded using link preload but not used within a few seconds from the window's load event. Please make sure it has an appropriate `as` value and it is preloaded intentionally.
[2026-04-01 06:58:53.300] [warn]  The resource https://discordapp.com/assets/e52f0cba712e2fb4.woff2 was preloaded using link preload but not used within a few seconds from the window's load event. Please make sure it has an appropriate `as` value and it is preloaded intentionally.
[2026-04-01 06:58:53.301] [warn]  The resource https://discordapp.com/assets/ce3b8055f5114434.woff2 was preloaded using link preload but not used within a few seconds from the window's load event. Please make sure it has an appropriate `as` value and it is preloaded intentionally.
[2026-04-01 06:58:53.301] [warn]  The resource https://discordapp.com/assets/cb2006dbced0e246.woff2 was preloaded using link preload but not used within a few seconds from the window's load event. Please make sure it has an appropriate `as` value and it is preloaded intentionally.
[2026-04-01 06:59:00.991] [info]  [libdiscore] [BlockedDomainsStore] Successfully fetched blocked domains
[2026-04-01 06:59:03.990] [warn]  The resource https://discordapp.com/assets/189422196a4f8b53.woff2 was preloaded using link preload but not used within a few seconds from the window's load event. Please make sure it has an appropriate `as` value and it is preloaded intentionally.
[2026-04-01 06:59:03.990] [warn]  The resource https://discordapp.com/assets/dd24010f3cf7def7.woff2 was preloaded using link preload but not used within a few seconds from the window's load event. Please make sure it has an appropriate `as` value and it is preloaded intentionally.
[2026-04-01 06:59:03.990] [warn]  The resource https://discordapp.com/assets/7a6a566c2e88a35d.woff2 was preloaded using link preload but not used within a few seconds from the window's load event. Please make sure it has an appropriate `as` value and it is preloaded intentionally.
[2026-04-01 06:59:03.991] [warn]  The resource https://discordapp.com/assets/e52f0cba712e2fb4.woff2 was preloaded using link preload but not used within a few seconds from the window's load event. Please make sure it has an appropriate `as` value and it is preloaded intentionally.
[2026-04-01 06:59:03.991] [warn]  The resource https://discordapp.com/assets/ce3b8055f5114434.woff2 was preloaded using link preload but not used within a few seconds from the window's load event. Please make sure it has an appropriate `as` value and it is preloaded intentionally.
[2026-04-01 06:59:03.991] [warn]  The resource https://discordapp.com/assets/cb2006dbced0e246.woff2 was preloaded using link preload but not used within a few seconds from the window's load event. Please make sure it has an appropriate `as` value and it is preloaded intentionally.
[2026-04-01 07:03:52.827] [warn]  The resource https://discordapp.com/assets/189422196a4f8b53.woff2 was preloaded using link preload but not used within a few seconds from the window's load event. Please make sure it has an appropriate `as` value and it is preloaded intentionally.
[2026-04-01 07:03:52.827] [warn]  The resource https://discordapp.com/assets/dd24010f3cf7def7.woff2 was preloaded using link preload but not used within a few seconds from the window's load event. Please make sure it has an appropriate `as` value and it is preloaded intentionally.
[2026-04-01 07:03:52.828] [warn]  The resource https://discordapp.com/assets/7a6a566c2e88a35d.woff2 was preloaded using link preload but not used within a few seconds from the window's load event. Please make sure it has an appropriate `as` value and it is preloaded intentionally.
[2026-04-01 07:03:52.828] [warn]  The resource https://discordapp.com/assets/e52f0cba712e2fb4.woff2 was preloaded using link preload but not used within a few seconds from the window's load event. Please make sure it has an appropriate `as` value and it is preloaded intentionally.
[2026-04-01 07:03:52.828] [warn]  The resource https://discordapp.com/assets/ce3b8055f5114434.woff2 was preloaded using link preload but not used within a few seconds from the window's load event. Please make sure it has an appropriate `as` value and it is preloaded intentionally.
[2026-04-01 07:03:52.829] [warn]  The resource https://discordapp.com/assets/cb2006dbced0e246.woff2 was preloaded using link preload but not used within a few seconds from the window's load event. Please make sure it has an appropriate `as` value and it is preloaded intentionally.
[2026-04-01 07:04:46.475] [warn]  The resource https://discordapp.com/assets/189422196a4f8b53.woff2 was preloaded using link preload but not used within a few seconds from the window's load event. Please make sure it has an appropriate `as` value and it is preloaded intentionally.
[2026-04-01 07:04:46.476] [warn]  The resource https://discordapp.com/assets/dd24010f3cf7def7.woff2 was preloaded using link preload but not used within a few seconds from the window's load event. Please make sure it has an appropriate `as` value and it is preloaded intentionally.
[2026-04-01 07:04:46.476] [warn]  The resource https://discordapp.com/assets/7a6a566c2e88a35d.woff2 was preloaded using link preload but not used within a few seconds from the window's load event. Please make sure it has an appropriate `as` value and it is preloaded intentionally.
[2026-04-01 07:04:46.476] [warn]  The resource https://discordapp.com/assets/e52f0cba712e2fb4.woff2 was preloaded using link preload but not used within a few seconds from the window's load event. Please make sure it has an appropriate `as` value and it is preloaded intentionally.
[2026-04-01 07:04:46.476] [warn]  The resource https://discordapp.com/assets/ce3b8055f5114434.woff2 was preloaded using link preload but not used within a few seconds from the window's load event. Please make sure it has an appropriate `as` value and it is preloaded intentionally.
[2026-04-01 07:04:46.476] [warn]  The resource https://discordapp.com/assets/cb2006dbced0e246.woff2 was preloaded using link preload but not used within a few seconds from the window's load event. Please make sure it has an appropriate `as` value and it is preloaded intentionally.
[2026-04-01 07:08:00.531] [warn]  The resource https://discordapp.com/assets/189422196a4f8b53.woff2 was preloaded using link preload but not used within a few seconds from the window's load event. Please make sure it has an appropriate `as` value and it is preloaded intentionally.
[2026-04-01 07:08:00.531] [warn]  The resource https://discordapp.com/assets/dd24010f3cf7def7.woff2 was preloaded using link preload but not used within a few seconds from the window's load event. Please make sure it has an appropriate `as` value and it is preloaded intentionally.
[2026-04-01 07:08:00.532] [warn]  The resource https://discordapp.com/assets/7a6a566c2e88a35d.woff2 was preloaded using link preload but not used within a few seconds from the window's load event. Please make sure it has an appropriate `as` value and it is preloaded intentionally.
[2026-04-01 07:08:00.532] [warn]  The resource https://discordapp.com/assets/e52f0cba712e2fb4.woff2 was preloaded using link preload but not used within a few seconds from the window's load event. Please make sure it has an appropriate `as` value and it is preloaded intentionally.
[2026-04-01 07:08:00.533] [warn]  The resource https://discordapp.com/assets/ce3b8055f5114434.woff2 was preloaded using link preload but not used within a few seconds from the window's load event. Please make sure it has an appropriate `as` value and it is preloaded intentionally.
[2026-04-01 07:08:00.533] [warn]  The resource https://discordapp.com/assets/cb2006dbced0e246.woff2 was preloaded using link preload but not used within a few seconds from the window's load event. Please make sure it has an appropriate `as` value and it is preloaded intentionally.
[2026-04-01 07:08:52.827] [warn]  The resource https://discordapp.com/assets/189422196a4f8b53.woff2 was preloaded using link preload but not used within a few seconds from the window's load event. Please make sure it has an appropriate `as` value and it is preloaded intentionally.
[2026-04-01 07:08:52.828] [warn]  The resource https://discordapp.com/assets/dd24010f3cf7def7.woff2 was preloaded using link preload but not used within a few seconds from the window's load event. Please make sure it has an appropriate `as` value and it is preloaded intentionally.
[2026-04-01 07:08:52.828] [warn]  The resource https://discordapp.com/assets/7a6a566c2e88a35d.woff2 was preloaded using link preload but not used within a few seconds from the window's load event. Please make sure it has an appropriate `as` value and it is preloaded intentionally.
[2026-04-01 07:08:52.829] [warn]  The resource https://discordapp.com/assets/e52f0cba712e2fb4.woff2 was preloaded using link preload but not used within a few seconds from the window's load event. Please make sure it has an appropriate `as` value and it is preloaded intentionally.
[2026-04-01 07:08:52.829] [warn]  The resource https://discordapp.com/assets/ce3b8055f5114434.woff2 was preloaded using link preload but not used within a few seconds from the window's load event. Please make sure it has an appropriate `as` value and it is preloaded intentionally.
[2026-04-01 07:08:52.830] [warn]  The resource https://discordapp.com/assets/cb2006dbced0e246.woff2 was preloaded using link preload but not used within a few seconds from the window's load event. Please make sure it has an appropriate `as` value and it is preloaded intentionally.
[2026-04-01 07:08:59.874] [warn]  The resource https://discordapp.com/assets/189422196a4f8b53.woff2 was preloaded using link preload but not used within a few seconds from the window's load event. Please make sure it has an appropriate `as` value and it is preloaded intentionally.
[2026-04-01 07:08:59.875] [warn]  The resource https://discordapp.com/assets/dd24010f3cf7def7.woff2 was preloaded using link preload but not used within a few seconds from the window's load event. Please make sure it has an appropriate `as` value and it is preloaded intentionally.
[2026-04-01 07:08:59.875] [warn]  The resource https://discordapp.com/assets/7a6a566c2e88a35d.woff2 was preloaded using link preload but not used within a few seconds from the window's load event. Please make sure it has an appropriate `as` value and it is preloaded intentionally.
[2026-04-01 07:08:59.876] [warn]  The resource https://discordapp.com/assets/e52f0cba712e2fb4.woff2 was preloaded using link preload but not used within a few seconds from the window's load event. Please make sure it has an appropriate `as` value and it is preloaded intentionally.
[2026-04-01 07:08:59.876] [warn]  The resource https://discordapp.com/assets/ce3b8055f5114434.woff2 was preloaded using link preload but not used within a few seconds from the window's load event. Please make sure it has an appropriate `as` value and it is preloaded intentionally.
[2026-04-01 07:08:59.877] [warn]  The resource https://discordapp.com/assets/cb2006dbced0e246.woff2 was preloaded using link preload but not used within a few seconds from the window's load event. Please make sure it has an appropriate `as` value and it is preloaded intentionally.
[2026-04-01 07:11:59.880] [warn]  The resource https://discordapp.com/assets/189422196a4f8b53.woff2 was preloaded using link preload but not used within a few seconds from the window's load event. Please make sure it has an appropriate `as` value and it is preloaded intentionally.
[2026-04-01 07:11:59.881] [warn]  The resource https://discordapp.com/assets/dd24010f3cf7def7.woff2 was preloaded using link preload but not used within a few seconds from the window's load event. Please make sure it has an appropriate `as` value and it is preloaded intentionally.
[2026-04-01 07:11:59.881] [warn]  The resource https://discordapp.com/assets/7a6a566c2e88a35d.woff2 was preloaded using link preload but not used within a few seconds from the window's load event. Please make sure it has an appropriate `as` value and it is preloaded intentionally.
[2026-04-01 07:11:59.882] [warn]  The resource https://discordapp.com/assets/e52f0cba712e2fb4.woff2 was preloaded using link preload but not used within a few seconds from the window's load event. Please make sure it has an appropriate `as` value and it is preloaded intentionally.
[2026-04-01 07:11:59.882] [warn]  The resource https://discordapp.com/assets/ce3b8055f5114434.woff2 was preloaded using link preload but not used within a few seconds from the window's load event. Please make sure it has an appropriate `as` value and it is preloaded intentionally.
[2026-04-01 07:11:59.882] [warn]  The resource https://discordapp.com/assets/cb2006dbced0e246.woff2 was preloaded using link preload but not used within a few seconds from the window's load event. Please make sure it has an appropriate `as` value and it is preloaded intentionally.
[2026-04-01 07:12:59.369] [warn]  The resource https://discordapp.com/assets/189422196a4f8b53.woff2 was preloaded using link preload but not used within a few seconds from the window's load event. Please make sure it has an appropriate `as` value and it is preloaded intentionally.
[2026-04-01 07:12:59.369] [warn]  The resource https://discordapp.com/assets/dd24010f3cf7def7.woff2 was preloaded using link preload but not used within a few seconds from the window's load event. Please make sure it has an appropriate `as` value and it is preloaded intentionally.
[2026-04-01 07:12:59.370] [warn]  The resource https://discordapp.com/assets/7a6a566c2e88a35d.woff2 was preloaded using link preload but not used within a few seconds from the window's load event. Please make sure it has an appropriate `as` value and it is preloaded intentionally.
[2026-04-01 07:12:59.370] [warn]  The resource https://discordapp.com/assets/e52f0cba712e2fb4.woff2 was preloaded using link preload but not used within a few seconds from the window's load event. Please make sure it has an appropriate `as` value and it is preloaded intentionally.
[2026-04-01 07:12:59.371] [warn]  The resource https://discordapp.com/assets/ce3b8055f5114434.woff2 was preloaded using link preload but not used within a few seconds from the window's load event. Please make sure it has an appropriate `as` value and it is preloaded intentionally.
[2026-04-01 07:12:59.371] [warn]  The resource https://discordapp.com/assets/cb2006dbced0e246.woff2 was preloaded using link preload but not used within a few seconds from the window's load event. Please make sure it has an appropriate `as` value and it is preloaded intentionally.
[2026-04-01 07:13:19.643] [warn]  The resource https://discordapp.com/assets/189422196a4f8b53.woff2 was preloaded using link preload but not used within a few seconds from the window's load event. Please make sure it has an appropriate `as` value and it is preloaded intentionally.
[2026-04-01 07:13:19.643] [warn]  The resource https://discordapp.com/assets/dd24010f3cf7def7.woff2 was preloaded using link preload but not used within a few seconds from the window's load event. Please make sure it has an appropriate `as` value and it is preloaded intentionally.
[2026-04-01 07:13:19.644] [warn]  The resource https://discordapp.com/assets/7a6a566c2e88a35d.woff2 was preloaded using link preload but not used within a few seconds from the window's load event. Please make sure it has an appropriate `as` value and it is preloaded intentionally.
[2026-04-01 07:13:19.644] [warn]  The resource https://discordapp.com/assets/e52f0cba712e2fb4.woff2 was preloaded using link preload but not used within a few seconds from the window's load event. Please make sure it has an appropriate `as` value and it is preloaded intentionally.
[2026-04-01 07:13:19.645] [warn]  The resource https://discordapp.com/assets/ce3b8055f5114434.woff2 was preloaded using link preload but not used within a few seconds from the window's load event. Please make sure it has an appropriate `as` value and it is preloaded intentionally.
[2026-04-01 07:13:19.645] [warn]  The resource https://discordapp.com/assets/cb2006dbced0e246.woff2 was preloaded using link preload but not used within a few seconds from the window's load event. Please make sure it has an appropriate `as` value and it is preloaded intentionally.
[2026-04-01 07:13:52.803] [warn]  The resource https://discordapp.com/assets/189422196a4f8b53.woff2 was preloaded using link preload but not used within a few seconds from the window's load event. Please make sure it has an appropriate `as` value and it is preloaded intentionally.
[2026-04-01 07:13:52.803] [warn]  The resource https://discordapp.com/assets/dd24010f3cf7def7.woff2 was preloaded using link preload but not used within a few seconds from the window's load event. Please make sure it has an appropriate `as` value and it is preloaded intentionally.
[2026-04-01 07:13:52.804] [warn]  The resource https://discordapp.com/assets/7a6a566c2e88a35d.woff2 was preloaded using link preload but not used within a few seconds from the window's load event. Please make sure it has an appropriate `as` value and it is preloaded intentionally.
[2026-04-01 07:13:52.804] [warn]  The resource https://discordapp.com/assets/e52f0cba712e2fb4.woff2 was preloaded using link preload but not used within a few seconds from the window's load event. Please make sure it has an appropriate `as` value and it is preloaded intentionally.
[2026-04-01 07:13:52.805] [warn]  The resource https://discordapp.com/assets/ce3b8055f5114434.woff2 was preloaded using link preload but not used within a few seconds from the window's load event. Please make sure it has an appropriate `as` value and it is preloaded intentionally.
[2026-04-01 07:13:52.805] [warn]  The resource https://discordapp.com/assets/cb2006dbced0e246.woff2 was preloaded using link preload but not used within a few seconds from the window's load event. Please make sure it has an appropriate `as` value and it is preloaded intentionally.
[2026-04-01 07:18:52.825] [warn]  The resource https://discordapp.com/assets/189422196a4f8b53.woff2 was preloaded using link preload but not used within a few seconds from the window's load event. Please make sure it has an appropriate `as` value and it is preloaded intentionally.
[2026-04-01 07:18:52.826] [warn]  The resource https://discordapp.com/assets/dd24010f3cf7def7.woff2 was preloaded using link preload but not used within a few seconds from the window's load event. Please make sure it has an appropriate `as` value and it is preloaded intentionally.
[2026-04-01 07:18:52.826] [warn]  The resource https://discordapp.com/assets/7a6a566c2e88a35d.woff2 was preloaded using link preload but not used within a few seconds from the window's load event. Please make sure it has an appropriate `as` value and it is preloaded intentionally.
[2026-04-01 07:18:52.826] [warn]  The resource https://discordapp.com/assets/e52f0cba712e2fb4.woff2 was preloaded using link preload but not used within a few seconds from the window's load event. Please make sure it has an appropriate `as` value and it is preloaded intentionally.
[2026-04-01 07:18:52.826] [warn]  The resource https://discordapp.com/assets/ce3b8055f5114434.woff2 was preloaded using link preload but not used within a few seconds from the window's load event. Please make sure it has an appropriate `as` value and it is preloaded intentionally.
[2026-04-01 07:18:52.826] [warn]  The resource https://discordapp.com/assets/cb2006dbced0e246.woff2 was preloaded using link preload but not used within a few seconds from the window's load event. Please make sure it has an appropriate `as` value and it is preloaded intentionally.
[2026-04-01 07:23:52.805] [warn]  The resource https://discordapp.com/assets/189422196a4f8b53.woff2 was preloaded using link preload but not used within a few seconds from the window's load event. Please make sure it has an appropriate `as` value and it is preloaded intentionally.
[2026-04-01 07:23:52.805] [warn]  The resource https://discordapp.com/assets/dd24010f3cf7def7.woff2 was preloaded using link preload but not used within a few seconds from the window's load event. Please make sure it has an appropriate `as` value and it is preloaded intentionally.
[2026-04-01 07:23:52.806] [warn]  The resource https://discordapp.com/assets/7a6a566c2e88a35d.woff2 was preloaded using link preload but not used within a few seconds from the window's load event. Please make sure it has an appropriate `as` value and it is preloaded intentionally.
[2026-04-01 07:23:52.806] [warn]  The resource https://discordapp.com/assets/e52f0cba712e2fb4.woff2 was preloaded using link preload but not used within a few seconds from the window's load event. Please make sure it has an appropriate `as` value and it is preloaded intentionally.
[2026-04-01 07:23:52.807] [warn]  The resource https://discordapp.com/assets/ce3b8055f5114434.woff2 was preloaded using link preload but not used within a few seconds from the window's load event. Please make sure it has an appropriate `as` value and it is preloaded intentionally.
[2026-04-01 07:23:52.807] [warn]  The resource https://discordapp.com/assets/cb2006dbced0e246.woff2 was preloaded using link preload but not used within a few seconds from the window's load event. Please make sure it has an appropriate `as` value and it is preloaded intentionally.
[2026-04-01 07:27:59.381] [warn]  The resource https://discordapp.com/assets/189422196a4f8b53.woff2 was preloaded using link preload but not used within a few seconds from the window's load event. Please make sure it has an appropriate `as` value and it is preloaded intentionally.
[2026-04-01 07:27:59.382] [warn]  The resource https://discordapp.com/assets/dd24010f3cf7def7.woff2 was preloaded using link preload but not used within a few seconds from the window's load event. Please make sure it has an appropriate `as` value and it is preloaded intentionally.
[2026-04-01 07:27:59.382] [warn]  The resource https://discordapp.com/assets/7a6a566c2e88a35d.woff2 was preloaded using link preload but not used within a few seconds from the window's load event. Please make sure it has an appropriate `as` value and it is preloaded intentionally.
[2026-04-01 07:27:59.383] [warn]  The resource https://discordapp.com/assets/e52f0cba712e2fb4.woff2 was preloaded using link preload but not used within a few seconds from the window's load event. Please make sure it has an appropriate `as` value and it is preloaded intentionally.
[2026-04-01 07:27:59.383] [warn]  The resource https://discordapp.com/assets/ce3b8055f5114434.woff2 was preloaded using link preload but not used within a few seconds from the window's load event. Please make sure it has an appropriate `as` value and it is preloaded intentionally.
[2026-04-01 07:27:59.383] [warn]  The resource https://discordapp.com/assets/cb2006dbced0e246.woff2 was preloaded using link preload but not used within a few seconds from the window's load event. Please make sure it has an appropriate `as` value and it is preloaded intentionally.
[2026-04-01 07:28:52.826] [warn]  The resource https://discordapp.com/assets/189422196a4f8b53.woff2 was preloaded using link preload but not used within a few seconds from the window's load event. Please make sure it has an appropriate `as` value and it is preloaded intentionally.
[2026-04-01 07:28:52.827] [warn]  The resource https://discordapp.com/assets/dd24010f3cf7def7.woff2 was preloaded using link preload but not used within a few seconds from the window's load event. Please make sure it has an appropriate `as` value and it is preloaded intentionally.
[2026-04-01 07:28:52.828] [warn]  The resource https://discordapp.com/assets/7a6a566c2e88a35d.woff2 was preloaded using link preload but not used within a few seconds from the window's load event. Please make sure it has an appropriate `as` value and it is preloaded intentionally.
[2026-04-01 07:28:52.828] [warn]  The resource https://discordapp.com/assets/e52f0cba712e2fb4.woff2 was preloaded using link preload but not used within a few seconds from the window's load event. Please make sure it has an appropriate `as` value and it is preloaded intentionally.
[2026-04-01 07:28:52.828] [warn]  The resource https://discordapp.com/assets/ce3b8055f5114434.woff2 was preloaded using link preload but not used within a few seconds from the window's load event. Please make sure it has an appropriate `as` value and it is preloaded intentionally.
[2026-04-01 07:28:52.829] [warn]  The resource https://discordapp.com/assets/cb2006dbced0e246.woff2 was preloaded using link preload but not used within a few seconds from the window's load event. Please make sure it has an appropriate `as` value and it is preloaded intentionally.
[2026-04-01 07:33:52.813] [warn]  The resource https://discordapp.com/assets/189422196a4f8b53.woff2 was preloaded using link preload but not used within a few seconds from the window's load event. Please make sure it has an appropriate `as` value and it is preloaded intentionally.
[2026-04-01 07:33:52.814] [warn]  The resource https://discordapp.com/assets/dd24010f3cf7def7.woff2 was preloaded using link preload but not used within a few seconds from the window's load event. Please make sure it has an appropriate `as` value and it is preloaded intentionally.
[2026-04-01 07:33:52.814] [warn]  The resource https://discordapp.com/assets/7a6a566c2e88a35d.woff2 was preloaded using link preload but not used within a few seconds from the window's load event. Please make sure it has an appropriate `as` value and it is preloaded intentionally.
[2026-04-01 07:33:52.814] [warn]  The resource https://discordapp.com/assets/e52f0cba712e2fb4.woff2 was preloaded using link preload but not used within a few seconds from the window's load event. Please make sure it has an appropriate `as` value and it is preloaded intentionally.
[2026-04-01 07:33:52.814] [warn]  The resource https://discordapp.com/assets/ce3b8055f5114434.woff2 was preloaded using link preload but not used within a few seconds from the window's load event. Please make sure it has an appropriate `as` value and it is preloaded intentionally.
[2026-04-01 07:33:52.814] [warn]  The resource https://discordapp.com/assets/cb2006dbced0e246.woff2 was preloaded using link preload but not used within a few seconds from the window's load event. Please make sure it has an appropriate `as` value and it is preloaded intentionally.
[2026-04-01 07:34:20.439] [warn]  The resource https://discordapp.com/assets/189422196a4f8b53.woff2 was preloaded using link preload but not used within a few seconds from the window's load event. Please make sure it has an appropriate `as` value and it is preloaded intentionally.
[2026-04-01 07:34:20.440] [warn]  The resource https://discordapp.com/assets/dd24010f3cf7def7.woff2 was preloaded using link preload but not used within a few seconds from the window's load event. Please make sure it has an appropriate `as` value and it is preloaded intentionally.
[2026-04-01 07:34:20.440] [warn]  The resource https://discordapp.com/assets/7a6a566c2e88a35d.woff2 was preloaded using link preload but not used within a few seconds from the window's load event. Please make sure it has an appropriate `as` value and it is preloaded intentionally.
[2026-04-01 07:34:20.440] [warn]  The resource https://discordapp.com/assets/e52f0cba712e2fb4.woff2 was preloaded using link preload but not used within a few seconds from the window's load event. Please make sure it has an appropriate `as` value and it is preloaded intentionally.
[2026-04-01 07:34:20.440] [warn]  The resource https://discordapp.com/assets/ce3b8055f5114434.woff2 was preloaded using link preload but not used within a few seconds from the window's load event. Please make sure it has an appropriate `as` value and it is preloaded intentionally.
[2026-04-01 07:34:20.441] [warn]  The resource https://discordapp.com/assets/cb2006dbced0e246.woff2 was preloaded using link preload but not used within a few seconds from the window's load event. Please make sure it has an appropriate `as` value and it is preloaded intentionally.
[2026-04-01 07:38:52.921] [warn]  The resource https://discordapp.com/assets/189422196a4f8b53.woff2 was preloaded using link preload but not used within a few seconds from the window's load event. Please make sure it has an appropriate `as` value and it is preloaded intentionally.
[2026-04-01 07:38:52.922] [warn]  The resource https://discordapp.com/assets/dd24010f3cf7def7.woff2 was preloaded using link preload but not used within a few seconds from the window's load event. Please make sure it has an appropriate `as` value and it is preloaded intentionally.
[2026-04-01 07:38:52.923] [warn]  The resource https://discordapp.com/assets/7a6a566c2e88a35d.woff2 was preloaded using link preload but not used within a few seconds from the window's load event. Please make sure it has an appropriate `as` value and it is preloaded intentionally.
[2026-04-01 07:38:52.923] [warn]  The resource https://discordapp.com/assets/e52f0cba712e2fb4.woff2 was preloaded using link preload but not used within a few seconds from the window's load event. Please make sure it has an appropriate `as` value and it is preloaded intentionally.
[2026-04-01 07:38:52.923] [warn]  The resource https://discordapp.com/assets/ce3b8055f5114434.woff2 was preloaded using link preload but not used within a few seconds from the window's load event. Please make sure it has an appropriate `as` value and it is preloaded intentionally.
[2026-04-01 07:38:52.924] [warn]  The resource https://discordapp.com/assets/cb2006dbced0e246.woff2 was preloaded using link preload but not used within a few seconds from the window's load event. Please make sure it has an appropriate `as` value and it is preloaded intentionally.
[2026-04-01 07:42:59.384] [warn]  The resource https://discordapp.com/assets/189422196a4f8b53.woff2 was preloaded using link preload but not used within a few seconds from the window's load event. Please make sure it has an appropriate `as` value and it is preloaded intentionally.
[2026-04-01 07:42:59.384] [warn]  The resource https://discordapp.com/assets/dd24010f3cf7def7.woff2 was preloaded using link preload but not used within a few seconds from the window's load event. Please make sure it has an appropriate `as` value and it is preloaded intentionally.
[2026-04-01 07:42:59.385] [warn]  The resource https://discordapp.com/assets/7a6a566c2e88a35d.woff2 was preloaded using link preload but not used within a few seconds from the window's load event. Please make sure it has an appropriate `as` value and it is preloaded intentionally.
[2026-04-01 07:42:59.385] [warn]  The resource https://discordapp.com/assets/e52f0cba712e2fb4.woff2 was preloaded using link preload but not used within a few seconds from the window's load event. Please make sure it has an appropriate `as` value and it is preloaded intentionally.
[2026-04-01 07:42:59.386] [warn]  The resource https://discordapp.com/assets/ce3b8055f5114434.woff2 was preloaded using link preload but not used within a few seconds from the window's load event. Please make sure it has an appropriate `as` value and it is preloaded intentionally.
[2026-04-01 07:42:59.386] [warn]  The resource https://discordapp.com/assets/cb2006dbced0e246.woff2 was preloaded using link preload but not used within a few seconds from the window's load event. Please make sure it has an appropriate `as` value and it is preloaded intentionally.
[2026-04-01 07:43:52.825] [warn]  The resource https://discordapp.com/assets/189422196a4f8b53.woff2 was preloaded using link preload but not used within a few seconds from the window's load event. Please make sure it has an appropriate `as` value and it is preloaded intentionally.
[2026-04-01 07:43:52.826] [warn]  The resource https://discordapp.com/assets/dd24010f3cf7def7.woff2 was preloaded using link preload but not used within a few seconds from the window's load event. Please make sure it has an appropriate `as` value and it is preloaded intentionally.
[2026-04-01 07:43:52.826] [warn]  The resource https://discordapp.com/assets/7a6a566c2e88a35d.woff2 was preloaded using link preload but not used within a few seconds from the window's load event. Please make sure it has an appropriate `as` value and it is preloaded intentionally.
[2026-04-01 07:43:52.826] [warn]  The resource https://discordapp.com/assets/e52f0cba712e2fb4.woff2 was preloaded using link preload but not used within a few seconds from the window's load event. Please make sure it has an appropriate `as` value and it is preloaded intentionally.
[2026-04-01 07:43:52.827] [warn]  The resource https://discordapp.com/assets/ce3b8055f5114434.woff2 was preloaded using link preload but not used within a few seconds from the window's load event. Please make sure it has an appropriate `as` value and it is preloaded intentionally.
[2026-04-01 07:43:52.827] [warn]  The resource https://discordapp.com/assets/cb2006dbced0e246.woff2 was preloaded using link preload but not used within a few seconds from the window's load event. Please make sure it has an appropriate `as` value and it is preloaded intentionally.
[2026-04-01 07:48:52.808] [warn]  The resource https://discordapp.com/assets/189422196a4f8b53.woff2 was preloaded using link preload but not used within a few seconds from the window's load event. Please make sure it has an appropriate `as` value and it is preloaded intentionally.
[2026-04-01 07:48:52.809] [warn]  The resource https://discordapp.com/assets/dd24010f3cf7def7.woff2 was preloaded using link preload but not used within a few seconds from the window's load event. Please make sure it has an appropriate `as` value and it is preloaded intentionally.
[2026-04-01 07:48:52.810] [warn]  The resource https://discordapp.com/assets/7a6a566c2e88a35d.woff2 was preloaded using link preload but not used within a few seconds from the window's load event. Please make sure it has an appropriate `as` value and it is preloaded intentionally.
[2026-04-01 07:48:52.810] [warn]  The resource https://discordapp.com/assets/e52f0cba712e2fb4.woff2 was preloaded using link preload but not used within a few seconds from the window's load event. Please make sure it has an appropriate `as` value and it is preloaded intentionally.
[2026-04-01 07:48:52.810] [warn]  The resource https://discordapp.com/assets/ce3b8055f5114434.woff2 was preloaded using link preload but not used within a few seconds from the window's load event. Please make sure it has an appropriate `as` value and it is preloaded intentionally.
[2026-04-01 07:48:52.811] [warn]  The resource https://discordapp.com/assets/cb2006dbced0e246.woff2 was preloaded using link preload but not used within a few seconds from the window's load event. Please make sure it has an appropriate `as` value and it is preloaded intentionally.
[2026-04-01 07:53:52.820] [warn]  The resource https://discordapp.com/assets/189422196a4f8b53.woff2 was preloaded using link preload but not used within a few seconds from the window's load event. Please make sure it has an appropriate `as` value and it is preloaded intentionally.
[2026-04-01 07:53:52.821] [warn]  The resource https://discordapp.com/assets/dd24010f3cf7def7.woff2 was preloaded using link preload but not used within a few seconds from the window's load event. Please make sure it has an appropriate `as` value and it is preloaded intentionally.
[2026-04-01 07:53:52.821] [warn]  The resource https://discordapp.com/assets/7a6a566c2e88a35d.woff2 was preloaded using link preload but not used within a few seconds from the window's load event. Please make sure it has an appropriate `as` value and it is preloaded intentionally.
[2026-04-01 07:53:52.822] [warn]  The resource https://discordapp.com/assets/e52f0cba712e2fb4.woff2 was preloaded using link preload but not used within a few seconds from the window's load event. Please make sure it has an appropriate `as` value and it is preloaded intentionally.
[2026-04-01 07:53:52.822] [warn]  The resource https://discordapp.com/assets/ce3b8055f5114434.woff2 was preloaded using link preload but not used within a few seconds from the window's load event. Please make sure it has an appropriate `as` value and it is preloaded intentionally.
[2026-04-01 07:53:52.823] [warn]  The resource https://discordapp.com/assets/cb2006dbced0e246.woff2 was preloaded using link preload but not used within a few seconds from the window's load event. Please make sure it has an appropriate `as` value and it is preloaded intentionally.
[2026-04-01 07:55:37.820] [warn]  The resource https://discordapp.com/assets/189422196a4f8b53.woff2 was preloaded using link preload but not used within a few seconds from the window's load event. Please make sure it has an appropriate `as` value and it is preloaded intentionally.
[2026-04-01 07:55:37.821] [warn]  The resource https://discordapp.com/assets/dd24010f3cf7def7.woff2 was preloaded using link preload but not used within a few seconds from the window's load event. Please make sure it has an appropriate `as` value and it is preloaded intentionally.
[2026-04-01 07:55:37.821] [warn]  The resource https://discordapp.com/assets/7a6a566c2e88a35d.woff2 was preloaded using link preload but not used within a few seconds from the window's load event. Please make sure it has an appropriate `as` value and it is preloaded intentionally.
[2026-04-01 07:55:37.822] [warn]  The resource https://discordapp.com/assets/e52f0cba712e2fb4.woff2 was preloaded using link preload but not used within a few seconds from the window's load event. Please make sure it has an appropriate `as` value and it is preloaded intentionally.
[2026-04-01 07:55:37.822] [warn]  The resource https://discordapp.com/assets/ce3b8055f5114434.woff2 was preloaded using link preload but not used within a few seconds from the window's load event. Please make sure it has an appropriate `as` value and it is preloaded intentionally.
[2026-04-01 07:55:37.823] [warn]  The resource https://discordapp.com/assets/cb2006dbced0e246.woff2 was preloaded using link preload but not used within a few seconds from the window's load event. Please make sure it has an appropriate `as` value and it is preloaded intentionally.
[2026-04-01 07:57:59.381] [warn]  The resource https://discordapp.com/assets/189422196a4f8b53.woff2 was preloaded using link preload but not used within a few seconds from the window's load event. Please make sure it has an appropriate `as` value and it is preloaded intentionally.
[2026-04-01 07:57:59.382] [warn]  The resource https://discordapp.com/assets/dd24010f3cf7def7.woff2 was preloaded using link preload but not used within a few seconds from the window's load event. Please make sure it has an appropriate `as` value and it is preloaded intentionally.
[2026-04-01 07:57:59.382] [warn]  The resource https://discordapp.com/assets/7a6a566c2e88a35d.woff2 was preloaded using link preload but not used within a few seconds from the window's load event. Please make sure it has an appropriate `as` value and it is preloaded intentionally.
[2026-04-01 07:57:59.383] [warn]  The resource https://discordapp.com/assets/e52f0cba712e2fb4.woff2 was preloaded using link preload but not used within a few seconds from the window's load event. Please make sure it has an appropriate `as` value and it is preloaded intentionally.
[2026-04-01 07:57:59.383] [warn]  The resource https://discordapp.com/assets/ce3b8055f5114434.woff2 was preloaded using link preload but not used within a few seconds from the window's load event. Please make sure it has an appropriate `as` value and it is preloaded intentionally.
[2026-04-01 07:57:59.383] [warn]  The resource https://discordapp.com/assets/cb2006dbced0e246.woff2 was preloaded using link preload but not used within a few seconds from the window's load event. Please make sure it has an appropriate `as` value and it is preloaded intentionally.
[2026-04-01 07:58:53.297] [warn]  The resource https://discordapp.com/assets/189422196a4f8b53.woff2 was preloaded using link preload but not used within a few seconds from the window's load event. Please make sure it has an appropriate `as` value and it is preloaded intentionally.
[2026-04-01 07:58:53.297] [warn]  The resource https://discordapp.com/assets/dd24010f3cf7def7.woff2 was preloaded using link preload but not used within a few seconds from the window's load event. Please make sure it has an appropriate `as` value and it is preloaded intentionally.
[2026-04-01 07:58:53.298] [warn]  The resource https://discordapp.com/assets/7a6a566c2e88a35d.woff2 was preloaded using link preload but not used within a few seconds from the window's load event. Please make sure it has an appropriate `as` value and it is preloaded intentionally.
[2026-04-01 07:58:53.298] [warn]  The resource https://discordapp.com/assets/e52f0cba712e2fb4.woff2 was preloaded using link preload but not used within a few seconds from the window's load event. Please make sure it has an appropriate `as` value and it is preloaded intentionally.
[2026-04-01 07:58:53.299] [warn]  The resource https://discordapp.com/assets/ce3b8055f5114434.woff2 was preloaded using link preload but not used within a few seconds from the window's load event. Please make sure it has an appropriate `as` value and it is preloaded intentionally.
[2026-04-01 07:58:53.299] [warn]  The resource https://discordapp.com/assets/cb2006dbced0e246.woff2 was preloaded using link preload but not used within a few seconds from the window's load event. Please make sure it has an appropriate `as` value and it is preloaded intentionally.
[2026-04-01 08:03:52.830] [warn]  The resource https://discordapp.com/assets/189422196a4f8b53.woff2 was preloaded using link preload but not used within a few seconds from the window's load event. Please make sure it has an appropriate `as` value and it is preloaded intentionally.
[2026-04-01 08:03:52.830] [warn]  The resource https://discordapp.com/assets/dd24010f3cf7def7.woff2 was preloaded using link preload but not used within a few seconds from the window's load event. Please make sure it has an appropriate `as` value and it is preloaded intentionally.
[2026-04-01 08:03:52.831] [warn]  The resource https://discordapp.com/assets/7a6a566c2e88a35d.woff2 was preloaded using link preload but not used within a few seconds from the window's load event. Please make sure it has an appropriate `as` value and it is preloaded intentionally.
[2026-04-01 08:03:52.831] [warn]  The resource https://discordapp.com/assets/e52f0cba712e2fb4.woff2 was preloaded using link preload but not used within a few seconds from the window's load event. Please make sure it has an appropriate `as` value and it is preloaded intentionally.
[2026-04-01 08:03:52.832] [warn]  The resource https://discordapp.com/assets/ce3b8055f5114434.woff2 was preloaded using link preload but not used within a few seconds from the window's load event. Please make sure it has an appropriate `as` value and it is preloaded intentionally.
[2026-04-01 08:03:52.832] [warn]  The resource https://discordapp.com/assets/cb2006dbced0e246.woff2 was preloaded using link preload but not used within a few seconds from the window's load event. Please make sure it has an appropriate `as` value and it is preloaded intentionally.
[2026-04-01 10:52:10.651] [info]  DiscordSplash.signalReady
[2026-04-01 10:52:10.707] [info]  DiscordSplash.onStateUpdate: {"status":"checking-for-updates"}
[2026-04-01 10:52:10.708] [info]  Splash.onStateUpdate: {"status":"checking-for-updates"}
[2026-04-01 10:52:11.251] [info]  DiscordSplash.onStateUpdate: {"status":"launching"}
[2026-04-01 10:52:11.252] [info]  Splash.onStateUpdate: {"status":"launching"}
[2026-04-01 10:52:11.650] [info]  Splash.updateCountdownSeconds: undefined
[2026-04-01 10:52:12.650] [info]  Splash.updateCountdownSeconds: undefined
[2026-04-01 10:52:12.709] [info]  [FAST CONNECT] wss://gateway.discord.gg/?encoding=etf&v=9&compress=zstd-stream, encoding: etf, version: 9
[2026-04-01 10:52:12.921] [info]  [libdiscore] [experiment_manager] Loaded experiments from cache
[2026-04-01 10:52:13.306] [info]  Initializing voice engine with audio subsystem: standard
[2026-04-01 10:52:13.556] [info]  [default] [BUILD INFO] Release Channel: stable, Build Number: 520031, Version Hash: a5ad524a3c11f3e832f7b85f94f3dd432494bbbd
[2026-04-01 10:52:13.650] [info]  Splash.updateCountdownSeconds: undefined
[2026-04-01 10:52:14.404] [warn]  [CloudSyncUtils] CloudSync is not supported on this platform
[2026-04-01 10:52:14.418] [info]  [default] [NATIVE INFO] host 0.0.131, modules: discord_desktop_core: 1, discord_erlpack: 1, discord_spellcheck: 1, discord_utils: 1, discord_voice: 1, discord_zstd: 1, discord_krisp: 1, discord_game_utils: 1, discord_rpc: 1, build: null
[2026-04-01 10:52:14.423] [info]  [libdiscore] The answer for life the universe and everything is: 42
[2026-04-01 10:52:14.437] [info]  [FAST CONNECT] sending identify
[2026-04-01 10:52:14.439] [error] [Spellchecker] sh is not a valid locale.
[2026-04-01 10:52:15.055] [info]  [Spellchecker] Switching to en-US (available)
[2026-04-01 10:52:15.066] [info]  [MediaEngineStore] OpenH264 is ready [object Object]
[2026-04-01 10:52:15.157] [info]  [MediaEngineStore] OpenH264 cleanup [object Object]
[2026-04-01 10:52:15.617] [info]  [GatewaySocket] [CONNECT] wss://gateway.discord.gg, encoding: etf, version: 9, compression: zstd-stream
[2026-04-01 10:52:15.617] [info]  [GatewaySocket] [FAST CONNECT] successfully took over websocket, state: [object Object]
[2026-04-01 10:52:15.617] [info]  [GatewaySocket] [CONNECTED] wss://gateway.discord.gg/?encoding=etf&v=9&compress=zstd-stream in 0 ms
[2026-04-01 10:52:15.678] [info]  [GatewaySocket] [READY] took 62ms, as 574902b0a5764f3a024aa925c2c64cf3
[2026-04-01 10:52:15.685] [info]  [GatewaySocket] [READY_SUPPLEMENTAL] took 69ms
[2026-04-01 10:52:15.835] [info]  [Flux] Dispatching CONNECTION_OPEN
[2026-04-01 10:52:15.844] [info]  [DatabaseManager] removing database (user: 891491713670066187, database: undefined)
[2026-04-01 10:52:15.852] [warn]  [NativeDispatchUtils] Tried getting Dispatch instance before instantiated
[2026-04-01 10:52:15.857] [info]  [Spotify] WS Connecting
[2026-04-01 10:52:15.857] [info]  [Spotify] Added account: 777k9eqztjxwkywl5ba3e0z75
[2026-04-01 10:52:16.251] [info]  [RPCServer:WSS] Starting on 6463
[2026-04-01 10:52:16.252] [info]  [RPCServer:IPC] Starting on /run/user/1000/discord-ipc-0
[2026-04-01 10:52:16.403] [info]  [Spotify] WS Connected
[2026-04-01 10:52:16.532] [info]  [Spotify] Devices updated for 777k9eqztjxwkywl5ba3e0z75: 
[2026-04-01 10:52:16.576] [info]  [Spotify] Profile updated for 777k9eqztjxwkywl5ba3e0z75: isPremium = false
[2026-04-01 10:52:17.915] [info]  [OverlayKeybindExperimentManager] Experiments initializing...
[2026-04-01 10:52:17.972] [info]  [OverlayKeybindExperimentManager] Experiments initialized
[2026-04-01 10:52:19.174] [error] Uncaught (in promise) #<Object>
[2026-04-01 10:52:24.199] [warn]  The resource https://discordapp.com/assets/189422196a4f8b53.woff2 was preloaded using link preload but not used within a few seconds from the window's load event. Please make sure it has an appropriate `as` value and it is preloaded intentionally.
[2026-04-01 10:52:24.200] [warn]  The resource https://discordapp.com/assets/dd24010f3cf7def7.woff2 was preloaded using link preload but not used within a few seconds from the window's load event. Please make sure it has an appropriate `as` value and it is preloaded intentionally.
[2026-04-01 10:52:24.201] [warn]  The resource https://discordapp.com/assets/7a6a566c2e88a35d.woff2 was preloaded using link preload but not used within a few seconds from the window's load event. Please make sure it has an appropriate `as` value and it is preloaded intentionally.
[2026-04-01 10:52:24.201] [warn]  The resource https://discordapp.com/assets/e52f0cba712e2fb4.woff2 was preloaded using link preload but not used within a few seconds from the window's load event. Please make sure it has an appropriate `as` value and it is preloaded intentionally.
[2026-04-01 10:52:24.202] [warn]  The resource https://discordapp.com/assets/ce3b8055f5114434.woff2 was preloaded using link preload but not used within a few seconds from the window's load event. Please make sure it has an appropriate `as` value and it is preloaded intentionally.
[2026-04-01 10:52:24.202] [warn]  The resource https://discordapp.com/assets/cb2006dbced0e246.woff2 was preloaded using link preload but not used within a few seconds from the window's load event. Please make sure it has an appropriate `as` value and it is preloaded intentionally.
[2026-04-01 10:52:28.853] [warn]  The resource https://discordapp.com/assets/189422196a4f8b53.woff2 was preloaded using link preload but not used within a few seconds from the window's load event. Please make sure it has an appropriate `as` value and it is preloaded intentionally.
[2026-04-01 10:52:28.853] [warn]  The resource https://discordapp.com/assets/dd24010f3cf7def7.woff2 was preloaded using link preload but not used within a few seconds from the window's load event. Please make sure it has an appropriate `as` value and it is preloaded intentionally.
[2026-04-01 10:52:28.853] [warn]  The resource https://discordapp.com/assets/7a6a566c2e88a35d.woff2 was preloaded using link preload but not used within a few seconds from the window's load event. Please make sure it has an appropriate `as` value and it is preloaded intentionally.
[2026-04-01 10:52:28.854] [warn]  The resource https://discordapp.com/assets/e52f0cba712e2fb4.woff2 was preloaded using link preload but not used within a few seconds from the window's load event. Please make sure it has an appropriate `as` value and it is preloaded intentionally.
[2026-04-01 10:52:28.854] [warn]  The resource https://discordapp.com/assets/ce3b8055f5114434.woff2 was preloaded using link preload but not used within a few seconds from the window's load event. Please make sure it has an appropriate `as` value and it is preloaded intentionally.
[2026-04-01 10:52:28.854] [warn]  The resource https://discordapp.com/assets/cb2006dbced0e246.woff2 was preloaded using link preload but not used within a few seconds from the window's load event. Please make sure it has an appropriate `as` value and it is preloaded intentionally.
[2026-04-01 10:52:28.964] [info]  [libdiscore] [BlockedDomainsStore] Successfully fetched blocked domains
[2026-04-01 10:52:32.972] [warn]  The resource https://discordapp.com/assets/189422196a4f8b53.woff2 was preloaded using link preload but not used within a few seconds from the window's load event. Please make sure it has an appropriate `as` value and it is preloaded intentionally.
[2026-04-01 10:52:32.973] [warn]  The resource https://discordapp.com/assets/dd24010f3cf7def7.woff2 was preloaded using link preload but not used within a few seconds from the window's load event. Please make sure it has an appropriate `as` value and it is preloaded intentionally.
[2026-04-01 10:52:32.974] [warn]  The resource https://discordapp.com/assets/7a6a566c2e88a35d.woff2 was preloaded using link preload but not used within a few seconds from the window's load event. Please make sure it has an appropriate `as` value and it is preloaded intentionally.
[2026-04-01 10:52:32.975] [warn]  The resource https://discordapp.com/assets/e52f0cba712e2fb4.woff2 was preloaded using link preload but not used within a few seconds from the window's load event. Please make sure it has an appropriate `as` value and it is preloaded intentionally.
[2026-04-01 10:52:32.976] [warn]  The resource https://discordapp.com/assets/ce3b8055f5114434.woff2 was preloaded using link preload but not used within a few seconds from the window's load event. Please make sure it has an appropriate `as` value and it is preloaded intentionally.
[2026-04-01 10:52:32.976] [warn]  The resource https://discordapp.com/assets/cb2006dbced0e246.woff2 was preloaded using link preload but not used within a few seconds from the window's load event. Please make sure it has an appropriate `as` value and it is preloaded intentionally.
[2026-04-01 10:52:39.803] [warn]  The resource https://discordapp.com/assets/189422196a4f8b53.woff2 was preloaded using link preload but not used within a few seconds from the window's load event. Please make sure it has an appropriate `as` value and it is preloaded intentionally.
[2026-04-01 10:52:39.804] [warn]  The resource https://discordapp.com/assets/dd24010f3cf7def7.woff2 was preloaded using link preload but not used within a few seconds from the window's load event. Please make sure it has an appropriate `as` value and it is preloaded intentionally.
[2026-04-01 10:52:39.804] [warn]  The resource https://discordapp.com/assets/7a6a566c2e88a35d.woff2 was preloaded using link preload but not used within a few seconds from the window's load event. Please make sure it has an appropriate `as` value and it is preloaded intentionally.
[2026-04-01 10:52:39.804] [warn]  The resource https://discordapp.com/assets/e52f0cba712e2fb4.woff2 was preloaded using link preload but not used within a few seconds from the window's load event. Please make sure it has an appropriate `as` value and it is preloaded intentionally.
[2026-04-01 10:52:39.804] [warn]  The resource https://discordapp.com/assets/ce3b8055f5114434.woff2 was preloaded using link preload but not used within a few seconds from the window's load event. Please make sure it has an appropriate `as` value and it is preloaded intentionally.
[2026-04-01 10:52:39.804] [warn]  The resource https://discordapp.com/assets/cb2006dbced0e246.woff2 was preloaded using link preload but not used within a few seconds from the window's load event. Please make sure it has an appropriate `as` value and it is preloaded intentionally.
[2026-04-01 10:52:50.000] [warn]  The resource https://discordapp.com/assets/189422196a4f8b53.woff2 was preloaded using link preload but not used within a few seconds from the window's load event. Please make sure it has an appropriate `as` value and it is preloaded intentionally.
[2026-04-01 10:52:50.001] [warn]  The resource https://discordapp.com/assets/dd24010f3cf7def7.woff2 was preloaded using link preload but not used within a few seconds from the window's load event. Please make sure it has an appropriate `as` value and it is preloaded intentionally.
[2026-04-01 10:52:50.002] [warn]  The resource https://discordapp.com/assets/7a6a566c2e88a35d.woff2 was preloaded using link preload but not used within a few seconds from the window's load event. Please make sure it has an appropriate `as` value and it is preloaded intentionally.
[2026-04-01 10:52:50.002] [warn]  The resource https://discordapp.com/assets/e52f0cba712e2fb4.woff2 was preloaded using link preload but not used within a few seconds from the window's load event. Please make sure it has an appropriate `as` value and it is preloaded intentionally.
[2026-04-01 10:52:50.003] [warn]  The resource https://discordapp.com/assets/ce3b8055f5114434.woff2 was preloaded using link preload but not used within a few seconds from the window's load event. Please make sure it has an appropriate `as` value and it is preloaded intentionally.
[2026-04-01 10:52:50.003] [warn]  The resource https://discordapp.com/assets/cb2006dbced0e246.woff2 was preloaded using link preload but not used within a few seconds from the window's load event. Please make sure it has an appropriate `as` value and it is preloaded intentionally.
[2026-04-01 10:53:18.792] [info]  [WindowVisibilityVideoManager] Incoming video enabled changed, incomingVideoEnabled = false
[2026-04-01 10:54:21.776] [warn]  The resource https://discordapp.com/assets/189422196a4f8b53.woff2 was preloaded using link preload but not used within a few seconds from the window's load event. Please make sure it has an appropriate `as` value and it is preloaded intentionally.
[2026-04-01 10:54:21.777] [warn]  The resource https://discordapp.com/assets/dd24010f3cf7def7.woff2 was preloaded using link preload but not used within a few seconds from the window's load event. Please make sure it has an appropriate `as` value and it is preloaded intentionally.
[2026-04-01 10:54:21.778] [warn]  The resource https://discordapp.com/assets/7a6a566c2e88a35d.woff2 was preloaded using link preload but not used within a few seconds from the window's load event. Please make sure it has an appropriate `as` value and it is preloaded intentionally.
[2026-04-01 10:54:21.779] [warn]  The resource https://discordapp.com/assets/e52f0cba712e2fb4.woff2 was preloaded using link preload but not used within a few seconds from the window's load event. Please make sure it has an appropriate `as` value and it is preloaded intentionally.
[2026-04-01 10:54:21.779] [warn]  The resource https://discordapp.com/assets/ce3b8055f5114434.woff2 was preloaded using link preload but not used within a few seconds from the window's load event. Please make sure it has an appropriate `as` value and it is preloaded intentionally.
[2026-04-01 10:54:21.780] [warn]  The resource https://discordapp.com/assets/cb2006dbced0e246.woff2 was preloaded using link preload but not used within a few seconds from the window's load event. Please make sure it has an appropriate `as` value and it is preloaded intentionally.
[2026-04-01 10:56:04.816] [warn]  The resource https://discordapp.com/assets/189422196a4f8b53.woff2 was preloaded using link preload but not used within a few seconds from the window's load event. Please make sure it has an appropriate `as` value and it is preloaded intentionally.
[2026-04-01 10:56:04.818] [warn]  The resource https://discordapp.com/assets/dd24010f3cf7def7.woff2 was preloaded using link preload but not used within a few seconds from the window's load event. Please make sure it has an appropriate `as` value and it is preloaded intentionally.
[2026-04-01 10:56:04.818] [warn]  The resource https://discordapp.com/assets/7a6a566c2e88a35d.woff2 was preloaded using link preload but not used within a few seconds from the window's load event. Please make sure it has an appropriate `as` value and it is preloaded intentionally.
[2026-04-01 10:56:04.819] [warn]  The resource https://discordapp.com/assets/e52f0cba712e2fb4.woff2 was preloaded using link preload but not used within a few seconds from the window's load event. Please make sure it has an appropriate `as` value and it is preloaded intentionally.
[2026-04-01 10:56:04.820] [warn]  The resource https://discordapp.com/assets/ce3b8055f5114434.woff2 was preloaded using link preload but not used within a few seconds from the window's load event. Please make sure it has an appropriate `as` value and it is preloaded intentionally.
[2026-04-01 10:56:04.821] [warn]  The resource https://discordapp.com/assets/cb2006dbced0e246.woff2 was preloaded using link preload but not used within a few seconds from the window's load event. Please make sure it has an appropriate `as` value and it is preloaded intentionally.
[2026-04-01 10:57:15.780] [warn]  The resource https://discordapp.com/assets/189422196a4f8b53.woff2 was preloaded using link preload but not used within a few seconds from the window's load event. Please make sure it has an appropriate `as` value and it is preloaded intentionally.
[2026-04-01 10:57:15.781] [warn]  The resource https://discordapp.com/assets/dd24010f3cf7def7.woff2 was preloaded using link preload but not used within a few seconds from the window's load event. Please make sure it has an appropriate `as` value and it is preloaded intentionally.
[2026-04-01 10:57:15.781] [warn]  The resource https://discordapp.com/assets/7a6a566c2e88a35d.woff2 was preloaded using link preload but not used within a few seconds from the window's load event. Please make sure it has an appropriate `as` value and it is preloaded intentionally.
[2026-04-01 10:57:15.782] [warn]  The resource https://discordapp.com/assets/e52f0cba712e2fb4.woff2 was preloaded using link preload but not used within a few seconds from the window's load event. Please make sure it has an appropriate `as` value and it is preloaded intentionally.
[2026-04-01 10:57:15.783] [warn]  The resource https://discordapp.com/assets/ce3b8055f5114434.woff2 was preloaded using link preload but not used within a few seconds from the window's load event. Please make sure it has an appropriate `as` value and it is preloaded intentionally.
[2026-04-01 10:57:15.783] [warn]  The resource https://discordapp.com/assets/cb2006dbced0e246.woff2 was preloaded using link preload but not used within a few seconds from the window's load event. Please make sure it has an appropriate `as` value and it is preloaded intentionally.
[2026-04-01 10:57:22.753] [warn]  The resource https://discordapp.com/assets/189422196a4f8b53.woff2 was preloaded using link preload but not used within a few seconds from the window's load event. Please make sure it has an appropriate `as` value and it is preloaded intentionally.
[2026-04-01 10:57:22.755] [warn]  The resource https://discordapp.com/assets/dd24010f3cf7def7.woff2 was preloaded using link preload but not used within a few seconds from the window's load event. Please make sure it has an appropriate `as` value and it is preloaded intentionally.
[2026-04-01 10:57:22.756] [warn]  The resource https://discordapp.com/assets/7a6a566c2e88a35d.woff2 was preloaded using link preload but not used within a few seconds from the window's load event. Please make sure it has an appropriate `as` value and it is preloaded intentionally.
[2026-04-01 10:57:22.756] [warn]  The resource https://discordapp.com/assets/e52f0cba712e2fb4.woff2 was preloaded using link preload but not used within a few seconds from the window's load event. Please make sure it has an appropriate `as` value and it is preloaded intentionally.
[2026-04-01 10:57:22.757] [warn]  The resource https://discordapp.com/assets/ce3b8055f5114434.woff2 was preloaded using link preload but not used within a few seconds from the window's load event. Please make sure it has an appropriate `as` value and it is preloaded intentionally.
[2026-04-01 10:57:22.758] [warn]  The resource https://discordapp.com/assets/cb2006dbced0e246.woff2 was preloaded using link preload but not used within a few seconds from the window's load event. Please make sure it has an appropriate `as` value and it is preloaded intentionally.
[2026-04-01 10:57:27.781] [warn]  The resource https://discordapp.com/assets/189422196a4f8b53.woff2 was preloaded using link preload but not used within a few seconds from the window's load event. Please make sure it has an appropriate `as` value and it is preloaded intentionally.
[2026-04-01 10:57:27.783] [warn]  The resource https://discordapp.com/assets/dd24010f3cf7def7.woff2 was preloaded using link preload but not used within a few seconds from the window's load event. Please make sure it has an appropriate `as` value and it is preloaded intentionally.
[2026-04-01 10:57:27.783] [warn]  The resource https://discordapp.com/assets/7a6a566c2e88a35d.woff2 was preloaded using link preload but not used within a few seconds from the window's load event. Please make sure it has an appropriate `as` value and it is preloaded intentionally.
[2026-04-01 10:57:27.784] [warn]  The resource https://discordapp.com/assets/e52f0cba712e2fb4.woff2 was preloaded using link preload but not used within a few seconds from the window's load event. Please make sure it has an appropriate `as` value and it is preloaded intentionally.
[2026-04-01 10:57:27.785] [warn]  The resource https://discordapp.com/assets/ce3b8055f5114434.woff2 was preloaded using link preload but not used within a few seconds from the window's load event. Please make sure it has an appropriate `as` value and it is preloaded intentionally.
[2026-04-01 10:57:27.785] [warn]  The resource https://discordapp.com/assets/cb2006dbced0e246.woff2 was preloaded using link preload but not used within a few seconds from the window's load event. Please make sure it has an appropriate `as` value and it is preloaded intentionally.
[2026-04-01 11:01:05.809] [warn]  The resource https://discordapp.com/assets/189422196a4f8b53.woff2 was preloaded using link preload but not used within a few seconds from the window's load event. Please make sure it has an appropriate `as` value and it is preloaded intentionally.
[2026-04-01 11:01:05.810] [warn]  The resource https://discordapp.com/assets/dd24010f3cf7def7.woff2 was preloaded using link preload but not used within a few seconds from the window's load event. Please make sure it has an appropriate `as` value and it is preloaded intentionally.
[2026-04-01 11:01:05.811] [warn]  The resource https://discordapp.com/assets/7a6a566c2e88a35d.woff2 was preloaded using link preload but not used within a few seconds from the window's load event. Please make sure it has an appropriate `as` value and it is preloaded intentionally.
[2026-04-01 11:01:05.812] [warn]  The resource https://discordapp.com/assets/e52f0cba712e2fb4.woff2 was preloaded using link preload but not used within a few seconds from the window's load event. Please make sure it has an appropriate `as` value and it is preloaded intentionally.
[2026-04-01 11:01:05.812] [warn]  The resource https://discordapp.com/assets/ce3b8055f5114434.woff2 was preloaded using link preload but not used within a few seconds from the window's load event. Please make sure it has an appropriate `as` value and it is preloaded intentionally.
[2026-04-01 11:01:05.813] [warn]  The resource https://discordapp.com/assets/cb2006dbced0e246.woff2 was preloaded using link preload but not used within a few seconds from the window's load event. Please make sure it has an appropriate `as` value and it is preloaded intentionally.
[2026-04-01 11:02:08.826] [warn]  The resource https://discordapp.com/assets/189422196a4f8b53.woff2 was preloaded using link preload but not used within a few seconds from the window's load event. Please make sure it has an appropriate `as` value and it is preloaded intentionally.
[2026-04-01 11:02:08.827] [warn]  The resource https://discordapp.com/assets/dd24010f3cf7def7.woff2 was preloaded using link preload but not used within a few seconds from the window's load event. Please make sure it has an appropriate `as` value and it is preloaded intentionally.
[2026-04-01 11:02:08.828] [warn]  The resource https://discordapp.com/assets/7a6a566c2e88a35d.woff2 was preloaded using link preload but not used within a few seconds from the window's load event. Please make sure it has an appropriate `as` value and it is preloaded intentionally.
[2026-04-01 11:02:08.828] [warn]  The resource https://discordapp.com/assets/e52f0cba712e2fb4.woff2 was preloaded using link preload but not used within a few seconds from the window's load event. Please make sure it has an appropriate `as` value and it is preloaded intentionally.
[2026-04-01 11:02:08.829] [warn]  The resource https://discordapp.com/assets/ce3b8055f5114434.woff2 was preloaded using link preload but not used within a few seconds from the window's load event. Please make sure it has an appropriate `as` value and it is preloaded intentionally.
[2026-04-01 11:02:08.829] [warn]  The resource https://discordapp.com/assets/cb2006dbced0e246.woff2 was preloaded using link preload but not used within a few seconds from the window's load event. Please make sure it has an appropriate `as` value and it is preloaded intentionally.
[2026-04-01 11:02:24.129] [warn]  The resource https://discordapp.com/assets/189422196a4f8b53.woff2 was preloaded using link preload but not used within a few seconds from the window's load event. Please make sure it has an appropriate `as` value and it is preloaded intentionally.
[2026-04-01 11:02:24.129] [warn]  The resource https://discordapp.com/assets/dd24010f3cf7def7.woff2 was preloaded using link preload but not used within a few seconds from the window's load event. Please make sure it has an appropriate `as` value and it is preloaded intentionally.
[2026-04-01 11:02:24.129] [warn]  The resource https://discordapp.com/assets/7a6a566c2e88a35d.woff2 was preloaded using link preload but not used within a few seconds from the window's load event. Please make sure it has an appropriate `as` value and it is preloaded intentionally.
[2026-04-01 11:02:24.129] [warn]  The resource https://discordapp.com/assets/e52f0cba712e2fb4.woff2 was preloaded using link preload but not used within a few seconds from the window's load event. Please make sure it has an appropriate `as` value and it is preloaded intentionally.
[2026-04-01 11:02:24.130] [warn]  The resource https://discordapp.com/assets/ce3b8055f5114434.woff2 was preloaded using link preload but not used within a few seconds from the window's load event. Please make sure it has an appropriate `as` value and it is preloaded intentionally.
[2026-04-01 11:02:24.130] [warn]  The resource https://discordapp.com/assets/cb2006dbced0e246.woff2 was preloaded using link preload but not used within a few seconds from the window's load event. Please make sure it has an appropriate `as` value and it is preloaded intentionally.
[2026-04-01 11:02:59.215] [info]  [WindowVisibilityVideoManager] Incoming video enabled changed, incomingVideoEnabled = true
[2026-04-01 11:03:00.119] [info]  [MessageActionCreators] Fetching messages for 899513140780343356 between undefined and undefined. jump={"jumpType":"ANIMATED"}
[2026-04-01 11:03:00.231] [info]  [Routing/Utils] transitionTo - Transitioning to /channels/890132499416612865/899513140780343356
[2026-04-01 11:03:00.571] [info]  [MessageActionCreators] Fetched 10 messages for 899513140780343356 isBefore:false isAfter:false
[2026-04-01 11:03:00.572] [info]  [ChannelMessages] loadComplete: resetting state for channelId=899513140780343356, sending.length=0
[2026-04-01 11:03:01.158] [info]  [MessageManager] Jumping to most recent message in thread 1399663125388853328 - 1488446040846766170
[2026-04-01 11:03:01.159] [info]  [MessageActionCreators] Fetching messages for 1399663125388853328 between undefined and undefined. jump={"messageId":"1488446040846766170","flash":false,"offset":1}
[2026-04-01 11:03:01.254] [info]  [Routing/Utils] transitionTo - Transitioning to /channels/890132499416612865/1399663125388853328
[2026-04-01 11:03:01.603] [info]  [MessageActionCreators] Fetched 6 messages for 1399663125388853328 isBefore:false isAfter:false
[2026-04-01 11:03:01.604] [info]  [ChannelMessages] loadComplete: resetting state for channelId=1399663125388853328, sending.length=0
[2026-04-01 11:03:07.102] [warn]  The resource https://discordapp.com/assets/189422196a4f8b53.woff2 was preloaded using link preload but not used within a few seconds from the window's load event. Please make sure it has an appropriate `as` value and it is preloaded intentionally.
[2026-04-01 11:03:07.103] [warn]  The resource https://discordapp.com/assets/dd24010f3cf7def7.woff2 was preloaded using link preload but not used within a few seconds from the window's load event. Please make sure it has an appropriate `as` value and it is preloaded intentionally.
[2026-04-01 11:03:07.104] [warn]  The resource https://discordapp.com/assets/7a6a566c2e88a35d.woff2 was preloaded using link preload but not used within a few seconds from the window's load event. Please make sure it has an appropriate `as` value and it is preloaded intentionally.
[2026-04-01 11:03:07.105] [warn]  The resource https://discordapp.com/assets/e52f0cba712e2fb4.woff2 was preloaded using link preload but not used within a few seconds from the window's load event. Please make sure it has an appropriate `as` value and it is preloaded intentionally.
[2026-04-01 11:03:07.105] [warn]  The resource https://discordapp.com/assets/ce3b8055f5114434.woff2 was preloaded using link preload but not used within a few seconds from the window's load event. Please make sure it has an appropriate `as` value and it is preloaded intentionally.
[2026-04-01 11:03:07.106] [warn]  The resource https://discordapp.com/assets/cb2006dbced0e246.woff2 was preloaded using link preload but not used within a few seconds from the window's load event. Please make sure it has an appropriate `as` value and it is preloaded intentionally.
[2026-04-01 11:03:29.131] [warn]  The resource https://discordapp.com/assets/189422196a4f8b53.woff2 was preloaded using link preload but not used within a few seconds from the window's load event. Please make sure it has an appropriate `as` value and it is preloaded intentionally.
[2026-04-01 11:03:29.132] [warn]  The resource https://discordapp.com/assets/dd24010f3cf7def7.woff2 was preloaded using link preload but not used within a few seconds from the window's load event. Please make sure it has an appropriate `as` value and it is preloaded intentionally.
[2026-04-01 11:03:29.133] [warn]  The resource https://discordapp.com/assets/7a6a566c2e88a35d.woff2 was preloaded using link preload but not used within a few seconds from the window's load event. Please make sure it has an appropriate `as` value and it is preloaded intentionally.
[2026-04-01 11:03:29.134] [warn]  The resource https://discordapp.com/assets/e52f0cba712e2fb4.woff2 was preloaded using link preload but not used within a few seconds from the window's load event. Please make sure it has an appropriate `as` value and it is preloaded intentionally.
[2026-04-01 11:03:29.135] [warn]  The resource https://discordapp.com/assets/ce3b8055f5114434.woff2 was preloaded using link preload but not used within a few seconds from the window's load event. Please make sure it has an appropriate `as` value and it is preloaded intentionally.
[2026-04-01 11:03:29.135] [warn]  The resource https://discordapp.com/assets/cb2006dbced0e246.woff2 was preloaded using link preload but not used within a few seconds from the window's load event. Please make sure it has an appropriate `as` value and it is preloaded intentionally.
[2026-04-01 11:03:33.802] [info]  [WindowVisibilityVideoManager] Incoming video enabled changed, incomingVideoEnabled = false
[2026-04-01 11:05:25.907] [warn]  The resource https://discordapp.com/assets/189422196a4f8b53.woff2 was preloaded using link preload but not used within a few seconds from the window's load event. Please make sure it has an appropriate `as` value and it is preloaded intentionally.
[2026-04-01 11:05:25.907] [warn]  The resource https://discordapp.com/assets/dd24010f3cf7def7.woff2 was preloaded using link preload but not used within a few seconds from the window's load event. Please make sure it has an appropriate `as` value and it is preloaded intentionally.
[2026-04-01 11:05:25.908] [warn]  The resource https://discordapp.com/assets/7a6a566c2e88a35d.woff2 was preloaded using link preload but not used within a few seconds from the window's load event. Please make sure it has an appropriate `as` value and it is preloaded intentionally.
[2026-04-01 11:05:25.909] [warn]  The resource https://discordapp.com/assets/e52f0cba712e2fb4.woff2 was preloaded using link preload but not used within a few seconds from the window's load event. Please make sure it has an appropriate `as` value and it is preloaded intentionally.
[2026-04-01 11:05:25.909] [warn]  The resource https://discordapp.com/assets/ce3b8055f5114434.woff2 was preloaded using link preload but not used within a few seconds from the window's load event. Please make sure it has an appropriate `as` value and it is preloaded intentionally.
[2026-04-01 11:05:25.910] [warn]  The resource https://discordapp.com/assets/cb2006dbced0e246.woff2 was preloaded using link preload but not used within a few seconds from the window's load event. Please make sure it has an appropriate `as` value and it is preloaded intentionally.
[2026-04-01 11:05:31.796] [warn]  The resource https://discordapp.com/assets/189422196a4f8b53.woff2 was preloaded using link preload but not used within a few seconds from the window's load event. Please make sure it has an appropriate `as` value and it is preloaded intentionally.
[2026-04-01 11:05:31.797] [warn]  The resource https://discordapp.com/assets/dd24010f3cf7def7.woff2 was preloaded using link preload but not used within a few seconds from the window's load event. Please make sure it has an appropriate `as` value and it is preloaded intentionally.
[2026-04-01 11:05:31.798] [warn]  The resource https://discordapp.com/assets/7a6a566c2e88a35d.woff2 was preloaded using link preload but not used within a few seconds from the window's load event. Please make sure it has an appropriate `as` value and it is preloaded intentionally.
[2026-04-01 11:05:31.798] [warn]  The resource https://discordapp.com/assets/e52f0cba712e2fb4.woff2 was preloaded using link preload but not used within a few seconds from the window's load event. Please make sure it has an appropriate `as` value and it is preloaded intentionally.
[2026-04-01 11:05:31.799] [warn]  The resource https://discordapp.com/assets/ce3b8055f5114434.woff2 was preloaded using link preload but not used within a few seconds from the window's load event. Please make sure it has an appropriate `as` value and it is preloaded intentionally.
[2026-04-01 11:05:31.799] [warn]  The resource https://discordapp.com/assets/cb2006dbced0e246.woff2 was preloaded using link preload but not used within a few seconds from the window's load event. Please make sure it has an appropriate `as` value and it is preloaded intentionally.
[2026-04-01 11:07:19.145] [warn]  The resource https://discordapp.com/assets/189422196a4f8b53.woff2 was preloaded using link preload but not used within a few seconds from the window's load event. Please make sure it has an appropriate `as` value and it is preloaded intentionally.
[2026-04-01 11:07:19.145] [warn]  The resource https://discordapp.com/assets/dd24010f3cf7def7.woff2 was preloaded using link preload but not used within a few seconds from the window's load event. Please make sure it has an appropriate `as` value and it is preloaded intentionally.
[2026-04-01 11:07:19.146] [warn]  The resource https://discordapp.com/assets/7a6a566c2e88a35d.woff2 was preloaded using link preload but not used within a few seconds from the window's load event. Please make sure it has an appropriate `as` value and it is preloaded intentionally.
[2026-04-01 11:07:19.146] [warn]  The resource https://discordapp.com/assets/e52f0cba712e2fb4.woff2 was preloaded using link preload but not used within a few seconds from the window's load event. Please make sure it has an appropriate `as` value and it is preloaded intentionally.
[2026-04-01 11:07:19.146] [warn]  The resource https://discordapp.com/assets/ce3b8055f5114434.woff2 was preloaded using link preload but not used within a few seconds from the window's load event. Please make sure it has an appropriate `as` value and it is preloaded intentionally.
[2026-04-01 11:07:19.146] [warn]  The resource https://discordapp.com/assets/cb2006dbced0e246.woff2 was preloaded using link preload but not used within a few seconds from the window's load event. Please make sure it has an appropriate `as` value and it is preloaded intentionally.
[2026-04-01 11:07:24.344] [warn]  The resource https://discordapp.com/assets/189422196a4f8b53.woff2 was preloaded using link preload but not used within a few seconds from the window's load event. Please make sure it has an appropriate `as` value and it is preloaded intentionally.
[2026-04-01 11:07:24.346] [warn]  The resource https://discordapp.com/assets/dd24010f3cf7def7.woff2 was preloaded using link preload but not used within a few seconds from the window's load event. Please make sure it has an appropriate `as` value and it is preloaded intentionally.
[2026-04-01 11:07:24.346] [warn]  The resource https://discordapp.com/assets/7a6a566c2e88a35d.woff2 was preloaded using link preload but not used within a few seconds from the window's load event. Please make sure it has an appropriate `as` value and it is preloaded intentionally.
[2026-04-01 11:07:24.347] [warn]  The resource https://discordapp.com/assets/e52f0cba712e2fb4.woff2 was preloaded using link preload but not used within a few seconds from the window's load event. Please make sure it has an appropriate `as` value and it is preloaded intentionally.
[2026-04-01 11:07:24.348] [warn]  The resource https://discordapp.com/assets/ce3b8055f5114434.woff2 was preloaded using link preload but not used within a few seconds from the window's load event. Please make sure it has an appropriate `as` value and it is preloaded intentionally.
[2026-04-01 11:07:24.348] [warn]  The resource https://discordapp.com/assets/cb2006dbced0e246.woff2 was preloaded using link preload but not used within a few seconds from the window's load event. Please make sure it has an appropriate `as` value and it is preloaded intentionally.
[2026-04-01 11:08:09.706] [warn]  The resource https://discordapp.com/assets/189422196a4f8b53.woff2 was preloaded using link preload but not used within a few seconds from the window's load event. Please make sure it has an appropriate `as` value and it is preloaded intentionally.
[2026-04-01 11:08:09.707] [warn]  The resource https://discordapp.com/assets/dd24010f3cf7def7.woff2 was preloaded using link preload but not used within a few seconds from the window's load event. Please make sure it has an appropriate `as` value and it is preloaded intentionally.
[2026-04-01 11:08:09.707] [warn]  The resource https://discordapp.com/assets/7a6a566c2e88a35d.woff2 was preloaded using link preload but not used within a few seconds from the window's load event. Please make sure it has an appropriate `as` value and it is preloaded intentionally.
[2026-04-01 11:08:09.707] [warn]  The resource https://discordapp.com/assets/e52f0cba712e2fb4.woff2 was preloaded using link preload but not used within a few seconds from the window's load event. Please make sure it has an appropriate `as` value and it is preloaded intentionally.
[2026-04-01 11:08:09.708] [warn]  The resource https://discordapp.com/assets/ce3b8055f5114434.woff2 was preloaded using link preload but not used within a few seconds from the window's load event. Please make sure it has an appropriate `as` value and it is preloaded intentionally.
[2026-04-01 11:08:09.708] [warn]  The resource https://discordapp.com/assets/cb2006dbced0e246.woff2 was preloaded using link preload but not used within a few seconds from the window's load event. Please make sure it has an appropriate `as` value and it is preloaded intentionally.
[2026-04-01 11:08:49.651] [warn]  The resource https://discordapp.com/assets/189422196a4f8b53.woff2 was preloaded using link preload but not used within a few seconds from the window's load event. Please make sure it has an appropriate `as` value and it is preloaded intentionally.
[2026-04-01 11:08:49.652] [warn]  The resource https://discordapp.com/assets/dd24010f3cf7def7.woff2 was preloaded using link preload but not used within a few seconds from the window's load event. Please make sure it has an appropriate `as` value and it is preloaded intentionally.
[2026-04-01 11:08:49.653] [warn]  The resource https://discordapp.com/assets/7a6a566c2e88a35d.woff2 was preloaded using link preload but not used within a few seconds from the window's load event. Please make sure it has an appropriate `as` value and it is preloaded intentionally.
[2026-04-01 11:08:49.654] [warn]  The resource https://discordapp.com/assets/e52f0cba712e2fb4.woff2 was preloaded using link preload but not used within a few seconds from the window's load event. Please make sure it has an appropriate `as` value and it is preloaded intentionally.
[2026-04-01 11:08:49.654] [warn]  The resource https://discordapp.com/assets/ce3b8055f5114434.woff2 was preloaded using link preload but not used within a few seconds from the window's load event. Please make sure it has an appropriate `as` value and it is preloaded intentionally.
[2026-04-01 11:08:49.655] [warn]  The resource https://discordapp.com/assets/cb2006dbced0e246.woff2 was preloaded using link preload but not used within a few seconds from the window's load event. Please make sure it has an appropriate `as` value and it is preloaded intentionally.
[2026-04-01 11:08:53.205] [warn]  The resource https://discordapp.com/assets/189422196a4f8b53.woff2 was preloaded using link preload but not used within a few seconds from the window's load event. Please make sure it has an appropriate `as` value and it is preloaded intentionally.
[2026-04-01 11:08:53.205] [warn]  The resource https://discordapp.com/assets/dd24010f3cf7def7.woff2 was preloaded using link preload but not used within a few seconds from the window's load event. Please make sure it has an appropriate `as` value and it is preloaded intentionally.
[2026-04-01 11:08:53.205] [warn]  The resource https://discordapp.com/assets/7a6a566c2e88a35d.woff2 was preloaded using link preload but not used within a few seconds from the window's load event. Please make sure it has an appropriate `as` value and it is preloaded intentionally.
[2026-04-01 11:08:53.205] [warn]  The resource https://discordapp.com/assets/e52f0cba712e2fb4.woff2 was preloaded using link preload but not used within a few seconds from the window's load event. Please make sure it has an appropriate `as` value and it is preloaded intentionally.
[2026-04-01 11:08:53.205] [warn]  The resource https://discordapp.com/assets/ce3b8055f5114434.woff2 was preloaded using link preload but not used within a few seconds from the window's load event. Please make sure it has an appropriate `as` value and it is preloaded intentionally.
[2026-04-01 11:08:53.205] [warn]  The resource https://discordapp.com/assets/cb2006dbced0e246.woff2 was preloaded using link preload but not used within a few seconds from the window's load event. Please make sure it has an appropriate `as` value and it is preloaded intentionally.
[2026-04-01 11:09:29.660] [warn]  The resource https://discordapp.com/assets/189422196a4f8b53.woff2 was preloaded using link preload but not used within a few seconds from the window's load event. Please make sure it has an appropriate `as` value and it is preloaded intentionally.
[2026-04-01 11:09:29.661] [warn]  The resource https://discordapp.com/assets/dd24010f3cf7def7.woff2 was preloaded using link preload but not used within a few seconds from the window's load event. Please make sure it has an appropriate `as` value and it is preloaded intentionally.
[2026-04-01 11:09:29.662] [warn]  The resource https://discordapp.com/assets/7a6a566c2e88a35d.woff2 was preloaded using link preload but not used within a few seconds from the window's load event. Please make sure it has an appropriate `as` value and it is preloaded intentionally.
[2026-04-01 11:09:29.662] [warn]  The resource https://discordapp.com/assets/e52f0cba712e2fb4.woff2 was preloaded using link preload but not used within a few seconds from the window's load event. Please make sure it has an appropriate `as` value and it is preloaded intentionally.
[2026-04-01 11:09:29.663] [warn]  The resource https://discordapp.com/assets/ce3b8055f5114434.woff2 was preloaded using link preload but not used within a few seconds from the window's load event. Please make sure it has an appropriate `as` value and it is preloaded intentionally.
[2026-04-01 11:09:29.664] [warn]  The resource https://discordapp.com/assets/cb2006dbced0e246.woff2 was preloaded using link preload but not used within a few seconds from the window's load event. Please make sure it has an appropriate `as` value and it is preloaded intentionally.
[2026-04-01 11:09:54.711] [warn]  The resource https://discordapp.com/assets/189422196a4f8b53.woff2 was preloaded using link preload but not used within a few seconds from the window's load event. Please make sure it has an appropriate `as` value and it is preloaded intentionally.
[2026-04-01 11:09:54.712] [warn]  The resource https://discordapp.com/assets/dd24010f3cf7def7.woff2 was preloaded using link preload but not used within a few seconds from the window's load event. Please make sure it has an appropriate `as` value and it is preloaded intentionally.
[2026-04-01 11:09:54.713] [warn]  The resource https://discordapp.com/assets/7a6a566c2e88a35d.woff2 was preloaded using link preload but not used within a few seconds from the window's load event. Please make sure it has an appropriate `as` value and it is preloaded intentionally.
[2026-04-01 11:09:54.713] [warn]  The resource https://discordapp.com/assets/e52f0cba712e2fb4.woff2 was preloaded using link preload but not used within a few seconds from the window's load event. Please make sure it has an appropriate `as` value and it is preloaded intentionally.
[2026-04-01 11:09:54.714] [warn]  The resource https://discordapp.com/assets/ce3b8055f5114434.woff2 was preloaded using link preload but not used within a few seconds from the window's load event. Please make sure it has an appropriate `as` value and it is preloaded intentionally.
[2026-04-01 11:09:54.714] [warn]  The resource https://discordapp.com/assets/cb2006dbced0e246.woff2 was preloaded using link preload but not used within a few seconds from the window's load event. Please make sure it has an appropriate `as` value and it is preloaded intentionally.
[2026-04-01 11:09:58.129] [warn]  The resource https://discordapp.com/assets/189422196a4f8b53.woff2 was preloaded using link preload but not used within a few seconds from the window's load event. Please make sure it has an appropriate `as` value and it is preloaded intentionally.
[2026-04-01 11:09:58.130] [warn]  The resource https://discordapp.com/assets/dd24010f3cf7def7.woff2 was preloaded using link preload but not used within a few seconds from the window's load event. Please make sure it has an appropriate `as` value and it is preloaded intentionally.
[2026-04-01 11:09:58.131] [warn]  The resource https://discordapp.com/assets/7a6a566c2e88a35d.woff2 was preloaded using link preload but not used within a few seconds from the window's load event. Please make sure it has an appropriate `as` value and it is preloaded intentionally.
[2026-04-01 11:09:58.131] [warn]  The resource https://discordapp.com/assets/e52f0cba712e2fb4.woff2 was preloaded using link preload but not used within a few seconds from the window's load event. Please make sure it has an appropriate `as` value and it is preloaded intentionally.
[2026-04-01 11:09:58.132] [warn]  The resource https://discordapp.com/assets/ce3b8055f5114434.woff2 was preloaded using link preload but not used within a few seconds from the window's load event. Please make sure it has an appropriate `as` value and it is preloaded intentionally.
[2026-04-01 11:09:58.132] [warn]  The resource https://discordapp.com/assets/cb2006dbced0e246.woff2 was preloaded using link preload but not used within a few seconds from the window's load event. Please make sure it has an appropriate `as` value and it is preloaded intentionally.
[2026-04-01 11:10:31.660] [warn]  The resource https://discordapp.com/assets/189422196a4f8b53.woff2 was preloaded using link preload but not used within a few seconds from the window's load event. Please make sure it has an appropriate `as` value and it is preloaded intentionally.
[2026-04-01 11:10:31.661] [warn]  The resource https://discordapp.com/assets/dd24010f3cf7def7.woff2 was preloaded using link preload but not used within a few seconds from the window's load event. Please make sure it has an appropriate `as` value and it is preloaded intentionally.
[2026-04-01 11:10:31.662] [warn]  The resource https://discordapp.com/assets/7a6a566c2e88a35d.woff2 was preloaded using link preload but not used within a few seconds from the window's load event. Please make sure it has an appropriate `as` value and it is preloaded intentionally.
[2026-04-01 11:10:31.662] [warn]  The resource https://discordapp.com/assets/e52f0cba712e2fb4.woff2 was preloaded using link preload but not used within a few seconds from the window's load event. Please make sure it has an appropriate `as` value and it is preloaded intentionally.
[2026-04-01 11:10:31.663] [warn]  The resource https://discordapp.com/assets/ce3b8055f5114434.woff2 was preloaded using link preload but not used within a few seconds from the window's load event. Please make sure it has an appropriate `as` value and it is preloaded intentionally.
[2026-04-01 11:10:31.663] [warn]  The resource https://discordapp.com/assets/cb2006dbced0e246.woff2 was preloaded using link preload but not used within a few seconds from the window's load event. Please make sure it has an appropriate `as` value and it is preloaded intentionally.
[2026-04-01 11:10:42.790] [warn]  The resource https://discordapp.com/assets/189422196a4f8b53.woff2 was preloaded using link preload but not used within a few seconds from the window's load event. Please make sure it has an appropriate `as` value and it is preloaded intentionally.
[2026-04-01 11:10:42.791] [warn]  The resource https://discordapp.com/assets/dd24010f3cf7def7.woff2 was preloaded using link preload but not used within a few seconds from the window's load event. Please make sure it has an appropriate `as` value and it is preloaded intentionally.
[2026-04-01 11:10:42.792] [warn]  The resource https://discordapp.com/assets/7a6a566c2e88a35d.woff2 was preloaded using link preload but not used within a few seconds from the window's load event. Please make sure it has an appropriate `as` value and it is preloaded intentionally.
[2026-04-01 11:10:42.792] [warn]  The resource https://discordapp.com/assets/e52f0cba712e2fb4.woff2 was preloaded using link preload but not used within a few seconds from the window's load event. Please make sure it has an appropriate `as` value and it is preloaded intentionally.
[2026-04-01 11:10:42.793] [warn]  The resource https://discordapp.com/assets/ce3b8055f5114434.woff2 was preloaded using link preload but not used within a few seconds from the window's load event. Please make sure it has an appropriate `as` value and it is preloaded intentionally.
[2026-04-01 11:10:42.793] [warn]  The resource https://discordapp.com/assets/cb2006dbced0e246.woff2 was preloaded using link preload but not used within a few seconds from the window's load event. Please make sure it has an appropriate `as` value and it is preloaded intentionally.
[2026-04-01 11:10:50.035] [warn]  The resource https://discordapp.com/assets/189422196a4f8b53.woff2 was preloaded using link preload but not used within a few seconds from the window's load event. Please make sure it has an appropriate `as` value and it is preloaded intentionally.
[2026-04-01 11:10:50.036] [warn]  The resource https://discordapp.com/assets/dd24010f3cf7def7.woff2 was preloaded using link preload but not used within a few seconds from the window's load event. Please make sure it has an appropriate `as` value and it is preloaded intentionally.
[2026-04-01 11:10:50.036] [warn]  The resource https://discordapp.com/assets/7a6a566c2e88a35d.woff2 was preloaded using link preload but not used within a few seconds from the window's load event. Please make sure it has an appropriate `as` value and it is preloaded intentionally.
[2026-04-01 11:10:50.037] [warn]  The resource https://discordapp.com/assets/e52f0cba712e2fb4.woff2 was preloaded using link preload but not used within a few seconds from the window's load event. Please make sure it has an appropriate `as` value and it is preloaded intentionally.
[2026-04-01 11:10:50.037] [warn]  The resource https://discordapp.com/assets/ce3b8055f5114434.woff2 was preloaded using link preload but not used within a few seconds from the window's load event. Please make sure it has an appropriate `as` value and it is preloaded intentionally.
[2026-04-01 11:10:50.037] [warn]  The resource https://discordapp.com/assets/cb2006dbced0e246.woff2 was preloaded using link preload but not used within a few seconds from the window's load event. Please make sure it has an appropriate `as` value and it is preloaded intentionally.
[2026-04-01 11:10:53.421] [warn]  The resource https://discordapp.com/assets/189422196a4f8b53.woff2 was preloaded using link preload but not used within a few seconds from the window's load event. Please make sure it has an appropriate `as` value and it is preloaded intentionally.
[2026-04-01 11:10:53.422] [warn]  The resource https://discordapp.com/assets/dd24010f3cf7def7.woff2 was preloaded using link preload but not used within a few seconds from the window's load event. Please make sure it has an appropriate `as` value and it is preloaded intentionally.
[2026-04-01 11:10:53.424] [warn]  The resource https://discordapp.com/assets/7a6a566c2e88a35d.woff2 was preloaded using link preload but not used within a few seconds from the window's load event. Please make sure it has an appropriate `as` value and it is preloaded intentionally.
[2026-04-01 11:10:53.425] [warn]  The resource https://discordapp.com/assets/e52f0cba712e2fb4.woff2 was preloaded using link preload but not used within a few seconds from the window's load event. Please make sure it has an appropriate `as` value and it is preloaded intentionally.
[2026-04-01 11:10:53.426] [warn]  The resource https://discordapp.com/assets/ce3b8055f5114434.woff2 was preloaded using link preload but not used within a few seconds from the window's load event. Please make sure it has an appropriate `as` value and it is preloaded intentionally.
[2026-04-01 11:10:53.426] [warn]  The resource https://discordapp.com/assets/cb2006dbced0e246.woff2 was preloaded using link preload but not used within a few seconds from the window's load event. Please make sure it has an appropriate `as` value and it is preloaded intentionally.
[2026-04-01 11:12:24.108] [warn]  The resource https://discordapp.com/assets/189422196a4f8b53.woff2 was preloaded using link preload but not used within a few seconds from the window's load event. Please make sure it has an appropriate `as` value and it is preloaded intentionally.
[2026-04-01 11:12:24.109] [warn]  The resource https://discordapp.com/assets/dd24010f3cf7def7.woff2 was preloaded using link preload but not used within a few seconds from the window's load event. Please make sure it has an appropriate `as` value and it is preloaded intentionally.
[2026-04-01 11:12:24.110] [warn]  The resource https://discordapp.com/assets/7a6a566c2e88a35d.woff2 was preloaded using link preload but not used within a few seconds from the window's load event. Please make sure it has an appropriate `as` value and it is preloaded intentionally.
[2026-04-01 11:12:24.110] [warn]  The resource https://discordapp.com/assets/e52f0cba712e2fb4.woff2 was preloaded using link preload but not used within a few seconds from the window's load event. Please make sure it has an appropriate `as` value and it is preloaded intentionally.
[2026-04-01 11:12:24.110] [warn]  The resource https://discordapp.com/assets/ce3b8055f5114434.woff2 was preloaded using link preload but not used within a few seconds from the window's load event. Please make sure it has an appropriate `as` value and it is preloaded intentionally.
[2026-04-01 11:12:24.110] [warn]  The resource https://discordapp.com/assets/cb2006dbced0e246.woff2 was preloaded using link preload but not used within a few seconds from the window's load event. Please make sure it has an appropriate `as` value and it is preloaded intentionally.
[2026-04-01 11:17:24.138] [warn]  The resource https://discordapp.com/assets/189422196a4f8b53.woff2 was preloaded using link preload but not used within a few seconds from the window's load event. Please make sure it has an appropriate `as` value and it is preloaded intentionally.
[2026-04-01 11:17:24.139] [warn]  The resource https://discordapp.com/assets/dd24010f3cf7def7.woff2 was preloaded using link preload but not used within a few seconds from the window's load event. Please make sure it has an appropriate `as` value and it is preloaded intentionally.
[2026-04-01 11:17:24.140] [warn]  The resource https://discordapp.com/assets/7a6a566c2e88a35d.woff2 was preloaded using link preload but not used within a few seconds from the window's load event. Please make sure it has an appropriate `as` value and it is preloaded intentionally.
[2026-04-01 11:17:24.141] [warn]  The resource https://discordapp.com/assets/e52f0cba712e2fb4.woff2 was preloaded using link preload but not used within a few seconds from the window's load event. Please make sure it has an appropriate `as` value and it is preloaded intentionally.
[2026-04-01 11:17:24.141] [warn]  The resource https://discordapp.com/assets/ce3b8055f5114434.woff2 was preloaded using link preload but not used within a few seconds from the window's load event. Please make sure it has an appropriate `as` value and it is preloaded intentionally.
[2026-04-01 11:17:24.142] [warn]  The resource https://discordapp.com/assets/cb2006dbced0e246.woff2 was preloaded using link preload but not used within a few seconds from the window's load event. Please make sure it has an appropriate `as` value and it is preloaded intentionally.
[2026-04-01 11:17:41.837] [warn]  The resource https://discordapp.com/assets/189422196a4f8b53.woff2 was preloaded using link preload but not used within a few seconds from the window's load event. Please make sure it has an appropriate `as` value and it is preloaded intentionally.
[2026-04-01 11:17:41.837] [warn]  The resource https://discordapp.com/assets/dd24010f3cf7def7.woff2 was preloaded using link preload but not used within a few seconds from the window's load event. Please make sure it has an appropriate `as` value and it is preloaded intentionally.
[2026-04-01 11:17:41.838] [warn]  The resource https://discordapp.com/assets/7a6a566c2e88a35d.woff2 was preloaded using link preload but not used within a few seconds from the window's load event. Please make sure it has an appropriate `as` value and it is preloaded intentionally.
[2026-04-01 11:17:41.838] [warn]  The resource https://discordapp.com/assets/e52f0cba712e2fb4.woff2 was preloaded using link preload but not used within a few seconds from the window's load event. Please make sure it has an appropriate `as` value and it is preloaded intentionally.
[2026-04-01 11:17:41.838] [warn]  The resource https://discordapp.com/assets/ce3b8055f5114434.woff2 was preloaded using link preload but not used within a few seconds from the window's load event. Please make sure it has an appropriate `as` value and it is preloaded intentionally.
[2026-04-01 11:17:41.838] [warn]  The resource https://discordapp.com/assets/cb2006dbced0e246.woff2 was preloaded using link preload but not used within a few seconds from the window's load event. Please make sure it has an appropriate `as` value and it is preloaded intentionally.
[2026-04-01 11:17:55.858] [warn]  The resource https://discordapp.com/assets/189422196a4f8b53.woff2 was preloaded using link preload but not used within a few seconds from the window's load event. Please make sure it has an appropriate `as` value and it is preloaded intentionally.
[2026-04-01 11:17:55.859] [warn]  The resource https://discordapp.com/assets/dd24010f3cf7def7.woff2 was preloaded using link preload but not used within a few seconds from the window's load event. Please make sure it has an appropriate `as` value and it is preloaded intentionally.
[2026-04-01 11:17:55.859] [warn]  The resource https://discordapp.com/assets/7a6a566c2e88a35d.woff2 was preloaded using link preload but not used within a few seconds from the window's load event. Please make sure it has an appropriate `as` value and it is preloaded intentionally.
[2026-04-01 11:17:55.860] [warn]  The resource https://discordapp.com/assets/e52f0cba712e2fb4.woff2 was preloaded using link preload but not used within a few seconds from the window's load event. Please make sure it has an appropriate `as` value and it is preloaded intentionally.
[2026-04-01 11:17:55.861] [warn]  The resource https://discordapp.com/assets/ce3b8055f5114434.woff2 was preloaded using link preload but not used within a few seconds from the window's load event. Please make sure it has an appropriate `as` value and it is preloaded intentionally.
[2026-04-01 11:17:55.861] [warn]  The resource https://discordapp.com/assets/cb2006dbced0e246.woff2 was preloaded using link preload but not used within a few seconds from the window's load event. Please make sure it has an appropriate `as` value and it is preloaded intentionally.
[2026-04-01 11:18:49.804] [warn]  The resource https://discordapp.com/assets/189422196a4f8b53.woff2 was preloaded using link preload but not used within a few seconds from the window's load event. Please make sure it has an appropriate `as` value and it is preloaded intentionally.
[2026-04-01 11:18:49.805] [warn]  The resource https://discordapp.com/assets/dd24010f3cf7def7.woff2 was preloaded using link preload but not used within a few seconds from the window's load event. Please make sure it has an appropriate `as` value and it is preloaded intentionally.
[2026-04-01 11:18:49.805] [warn]  The resource https://discordapp.com/assets/7a6a566c2e88a35d.woff2 was preloaded using link preload but not used within a few seconds from the window's load event. Please make sure it has an appropriate `as` value and it is preloaded intentionally.
[2026-04-01 11:18:49.806] [warn]  The resource https://discordapp.com/assets/e52f0cba712e2fb4.woff2 was preloaded using link preload but not used within a few seconds from the window's load event. Please make sure it has an appropriate `as` value and it is preloaded intentionally.
[2026-04-01 11:18:49.807] [warn]  The resource https://discordapp.com/assets/ce3b8055f5114434.woff2 was preloaded using link preload but not used within a few seconds from the window's load event. Please make sure it has an appropriate `as` value and it is preloaded intentionally.
[2026-04-01 11:18:49.807] [warn]  The resource https://discordapp.com/assets/cb2006dbced0e246.woff2 was preloaded using link preload but not used within a few seconds from the window's load event. Please make sure it has an appropriate `as` value and it is preloaded intentionally.
[2026-04-01 11:20:28.493] [info]  [GatewaySocket] [CONNECT] wss://gateway-us-east1-b.discord.gg, encoding: etf, version: 9, compression: zstd-stream
[2026-04-01 11:20:28.944] [info]  [GatewaySocket] [CONNECTED] wss://gateway-us-east1-b.discord.gg/?encoding=etf&v=9&compress=zstd-stream in 450 ms
[2026-04-01 11:20:28.945] [info]  [GatewaySocket] [RESUME] resuming session 574902b0a5764f3a024aa925c2c64cf3, seq: 219
[2026-04-01 11:20:29.794] [info]  [Flux] Dispatching CONNECTION_RESUMED
[2026-04-01 11:20:29.798] [info]  [GatewaySocket] [RESUMED] took 1305ms, replayed 0 events, new seq: 220
[2026-04-01 11:20:35.794] [info]  [discord_protos.discord_users.v1.FrecencyUserSettings] Scheduling save from markDirty
[2026-04-01 11:20:35.796] [info]  [discord_protos.discord_users.v1.FrecencyUserSettings] Persisting proto
[2026-04-01 11:20:39.242] [warn]  The resource https://discordapp.com/assets/189422196a4f8b53.woff2 was preloaded using link preload but not used within a few seconds from the window's load event. Please make sure it has an appropriate `as` value and it is preloaded intentionally.
[2026-04-01 11:20:39.242] [warn]  The resource https://discordapp.com/assets/dd24010f3cf7def7.woff2 was preloaded using link preload but not used within a few seconds from the window's load event. Please make sure it has an appropriate `as` value and it is preloaded intentionally.
[2026-04-01 11:20:39.242] [warn]  The resource https://discordapp.com/assets/7a6a566c2e88a35d.woff2 was preloaded using link preload but not used within a few seconds from the window's load event. Please make sure it has an appropriate `as` value and it is preloaded intentionally.
[2026-04-01 11:20:39.242] [warn]  The resource https://discordapp.com/assets/e52f0cba712e2fb4.woff2 was preloaded using link preload but not used within a few seconds from the window's load event. Please make sure it has an appropriate `as` value and it is preloaded intentionally.
[2026-04-01 11:20:39.242] [warn]  The resource https://discordapp.com/assets/ce3b8055f5114434.woff2 was preloaded using link preload but not used within a few seconds from the window's load event. Please make sure it has an appropriate `as` value and it is preloaded intentionally.
[2026-04-01 11:20:39.243] [warn]  The resource https://discordapp.com/assets/cb2006dbced0e246.woff2 was preloaded using link preload but not used within a few seconds from the window's load event. Please make sure it has an appropriate `as` value and it is preloaded intentionally.
[2026-04-01 11:22:20.125] [warn]  The resource https://discordapp.com/assets/189422196a4f8b53.woff2 was preloaded using link preload but not used within a few seconds from the window's load event. Please make sure it has an appropriate `as` value and it is preloaded intentionally.
[2026-04-01 11:22:20.125] [warn]  The resource https://discordapp.com/assets/dd24010f3cf7def7.woff2 was preloaded using link preload but not used within a few seconds from the window's load event. Please make sure it has an appropriate `as` value and it is preloaded intentionally.
[2026-04-01 11:22:20.125] [warn]  The resource https://discordapp.com/assets/7a6a566c2e88a35d.woff2 was preloaded using link preload but not used within a few seconds from the window's load event. Please make sure it has an appropriate `as` value and it is preloaded intentionally.
[2026-04-01 11:22:20.125] [warn]  The resource https://discordapp.com/assets/e52f0cba712e2fb4.woff2 was preloaded using link preload but not used within a few seconds from the window's load event. Please make sure it has an appropriate `as` value and it is preloaded intentionally.
[2026-04-01 11:22:20.125] [warn]  The resource https://discordapp.com/assets/ce3b8055f5114434.woff2 was preloaded using link preload but not used within a few seconds from the window's load event. Please make sure it has an appropriate `as` value and it is preloaded intentionally.
[2026-04-01 11:22:20.125] [warn]  The resource https://discordapp.com/assets/cb2006dbced0e246.woff2 was preloaded using link preload but not used within a few seconds from the window's load event. Please make sure it has an appropriate `as` value and it is preloaded intentionally.
[2026-04-01 11:22:24.102] [warn]  The resource https://discordapp.com/assets/189422196a4f8b53.woff2 was preloaded using link preload but not used within a few seconds from the window's load event. Please make sure it has an appropriate `as` value and it is preloaded intentionally.
[2026-04-01 11:22:24.103] [warn]  The resource https://discordapp.com/assets/dd24010f3cf7def7.woff2 was preloaded using link preload but not used within a few seconds from the window's load event. Please make sure it has an appropriate `as` value and it is preloaded intentionally.
[2026-04-01 11:22:24.104] [warn]  The resource https://discordapp.com/assets/7a6a566c2e88a35d.woff2 was preloaded using link preload but not used within a few seconds from the window's load event. Please make sure it has an appropriate `as` value and it is preloaded intentionally.
[2026-04-01 11:22:24.104] [warn]  The resource https://discordapp.com/assets/e52f0cba712e2fb4.woff2 was preloaded using link preload but not used within a few seconds from the window's load event. Please make sure it has an appropriate `as` value and it is preloaded intentionally.
[2026-04-01 11:22:24.105] [warn]  The resource https://discordapp.com/assets/ce3b8055f5114434.woff2 was preloaded using link preload but not used within a few seconds from the window's load event. Please make sure it has an appropriate `as` value and it is preloaded intentionally.
[2026-04-01 11:22:24.105] [warn]  The resource https://discordapp.com/assets/cb2006dbced0e246.woff2 was preloaded using link preload but not used within a few seconds from the window's load event. Please make sure it has an appropriate `as` value and it is preloaded intentionally.
[2026-04-01 11:23:34.844] [warn]  The resource https://discordapp.com/assets/189422196a4f8b53.woff2 was preloaded using link preload but not used within a few seconds from the window's load event. Please make sure it has an appropriate `as` value and it is preloaded intentionally.
[2026-04-01 11:23:34.845] [warn]  The resource https://discordapp.com/assets/dd24010f3cf7def7.woff2 was preloaded using link preload but not used within a few seconds from the window's load event. Please make sure it has an appropriate `as` value and it is preloaded intentionally.
[2026-04-01 11:23:34.846] [warn]  The resource https://discordapp.com/assets/7a6a566c2e88a35d.woff2 was preloaded using link preload but not used within a few seconds from the window's load event. Please make sure it has an appropriate `as` value and it is preloaded intentionally.
[2026-04-01 11:23:34.846] [warn]  The resource https://discordapp.com/assets/e52f0cba712e2fb4.woff2 was preloaded using link preload but not used within a few seconds from the window's load event. Please make sure it has an appropriate `as` value and it is preloaded intentionally.
[2026-04-01 11:23:34.847] [warn]  The resource https://discordapp.com/assets/ce3b8055f5114434.woff2 was preloaded using link preload but not used within a few seconds from the window's load event. Please make sure it has an appropriate `as` value and it is preloaded intentionally.
[2026-04-01 11:23:34.847] [warn]  The resource https://discordapp.com/assets/cb2006dbced0e246.woff2 was preloaded using link preload but not used within a few seconds from the window's load event. Please make sure it has an appropriate `as` value and it is preloaded intentionally.
[2026-04-01 11:25:20.855] [warn]  The resource https://discordapp.com/assets/189422196a4f8b53.woff2 was preloaded using link preload but not used within a few seconds from the window's load event. Please make sure it has an appropriate `as` value and it is preloaded intentionally.
[2026-04-01 11:25:20.855] [warn]  The resource https://discordapp.com/assets/dd24010f3cf7def7.woff2 was preloaded using link preload but not used within a few seconds from the window's load event. Please make sure it has an appropriate `as` value and it is preloaded intentionally.
[2026-04-01 11:25:20.855] [warn]  The resource https://discordapp.com/assets/7a6a566c2e88a35d.woff2 was preloaded using link preload but not used within a few seconds from the window's load event. Please make sure it has an appropriate `as` value and it is preloaded intentionally.
[2026-04-01 11:25:20.856] [warn]  The resource https://discordapp.com/assets/e52f0cba712e2fb4.woff2 was preloaded using link preload but not used within a few seconds from the window's load event. Please make sure it has an appropriate `as` value and it is preloaded intentionally.
[2026-04-01 11:25:20.856] [warn]  The resource https://discordapp.com/assets/ce3b8055f5114434.woff2 was preloaded using link preload but not used within a few seconds from the window's load event. Please make sure it has an appropriate `as` value and it is preloaded intentionally.
[2026-04-01 11:25:20.856] [warn]  The resource https://discordapp.com/assets/cb2006dbced0e246.woff2 was preloaded using link preload but not used within a few seconds from the window's load event. Please make sure it has an appropriate `as` value and it is preloaded intentionally.
[2026-04-01 11:27:24.100] [warn]  The resource https://discordapp.com/assets/189422196a4f8b53.woff2 was preloaded using link preload but not used within a few seconds from the window's load event. Please make sure it has an appropriate `as` value and it is preloaded intentionally.
[2026-04-01 11:27:24.101] [warn]  The resource https://discordapp.com/assets/dd24010f3cf7def7.woff2 was preloaded using link preload but not used within a few seconds from the window's load event. Please make sure it has an appropriate `as` value and it is preloaded intentionally.
[2026-04-01 11:27:24.102] [warn]  The resource https://discordapp.com/assets/7a6a566c2e88a35d.woff2 was preloaded using link preload but not used within a few seconds from the window's load event. Please make sure it has an appropriate `as` value and it is preloaded intentionally.
[2026-04-01 11:27:24.102] [warn]  The resource https://discordapp.com/assets/e52f0cba712e2fb4.woff2 was preloaded using link preload but not used within a few seconds from the window's load event. Please make sure it has an appropriate `as` value and it is preloaded intentionally.
[2026-04-01 11:27:24.103] [warn]  The resource https://discordapp.com/assets/ce3b8055f5114434.woff2 was preloaded using link preload but not used within a few seconds from the window's load event. Please make sure it has an appropriate `as` value and it is preloaded intentionally.
[2026-04-01 11:27:24.103] [warn]  The resource https://discordapp.com/assets/cb2006dbced0e246.woff2 was preloaded using link preload but not used within a few seconds from the window's load event. Please make sure it has an appropriate `as` value and it is preloaded intentionally.
[2026-04-01 11:27:39.285] [warn]  The resource https://discordapp.com/assets/189422196a4f8b53.woff2 was preloaded using link preload but not used within a few seconds from the window's load event. Please make sure it has an appropriate `as` value and it is preloaded intentionally.
[2026-04-01 11:27:39.286] [warn]  The resource https://discordapp.com/assets/dd24010f3cf7def7.woff2 was preloaded using link preload but not used within a few seconds from the window's load event. Please make sure it has an appropriate `as` value and it is preloaded intentionally.
[2026-04-01 11:27:39.286] [warn]  The resource https://discordapp.com/assets/7a6a566c2e88a35d.woff2 was preloaded using link preload but not used within a few seconds from the window's load event. Please make sure it has an appropriate `as` value and it is preloaded intentionally.
[2026-04-01 11:27:39.287] [warn]  The resource https://discordapp.com/assets/e52f0cba712e2fb4.woff2 was preloaded using link preload but not used within a few seconds from the window's load event. Please make sure it has an appropriate `as` value and it is preloaded intentionally.
[2026-04-01 11:27:39.287] [warn]  The resource https://discordapp.com/assets/ce3b8055f5114434.woff2 was preloaded using link preload but not used within a few seconds from the window's load event. Please make sure it has an appropriate `as` value and it is preloaded intentionally.
[2026-04-01 11:27:39.288] [warn]  The resource https://discordapp.com/assets/cb2006dbced0e246.woff2 was preloaded using link preload but not used within a few seconds from the window's load event. Please make sure it has an appropriate `as` value and it is preloaded intentionally.
[2026-04-01 11:27:45.099] [warn]  The resource https://discordapp.com/assets/189422196a4f8b53.woff2 was preloaded using link preload but not used within a few seconds from the window's load event. Please make sure it has an appropriate `as` value and it is preloaded intentionally.
[2026-04-01 11:27:45.100] [warn]  The resource https://discordapp.com/assets/dd24010f3cf7def7.woff2 was preloaded using link preload but not used within a few seconds from the window's load event. Please make sure it has an appropriate `as` value and it is preloaded intentionally.
[2026-04-01 11:27:45.101] [warn]  The resource https://discordapp.com/assets/7a6a566c2e88a35d.woff2 was preloaded using link preload but not used within a few seconds from the window's load event. Please make sure it has an appropriate `as` value and it is preloaded intentionally.
[2026-04-01 11:27:45.101] [warn]  The resource https://discordapp.com/assets/e52f0cba712e2fb4.woff2 was preloaded using link preload but not used within a few seconds from the window's load event. Please make sure it has an appropriate `as` value and it is preloaded intentionally.
[2026-04-01 11:27:45.102] [warn]  The resource https://discordapp.com/assets/ce3b8055f5114434.woff2 was preloaded using link preload but not used within a few seconds from the window's load event. Please make sure it has an appropriate `as` value and it is preloaded intentionally.
[2026-04-01 11:27:45.102] [warn]  The resource https://discordapp.com/assets/cb2006dbced0e246.woff2 was preloaded using link preload but not used within a few seconds from the window's load event. Please make sure it has an appropriate `as` value and it is preloaded intentionally.
[2026-04-01 11:27:55.627] [warn]  The resource https://discordapp.com/assets/189422196a4f8b53.woff2 was preloaded using link preload but not used within a few seconds from the window's load event. Please make sure it has an appropriate `as` value and it is preloaded intentionally.
[2026-04-01 11:27:55.628] [warn]  The resource https://discordapp.com/assets/dd24010f3cf7def7.woff2 was preloaded using link preload but not used within a few seconds from the window's load event. Please make sure it has an appropriate `as` value and it is preloaded intentionally.
[2026-04-01 11:27:55.628] [warn]  The resource https://discordapp.com/assets/7a6a566c2e88a35d.woff2 was preloaded using link preload but not used within a few seconds from the window's load event. Please make sure it has an appropriate `as` value and it is preloaded intentionally.
[2026-04-01 11:27:55.629] [warn]  The resource https://discordapp.com/assets/e52f0cba712e2fb4.woff2 was preloaded using link preload but not used within a few seconds from the window's load event. Please make sure it has an appropriate `as` value and it is preloaded intentionally.
[2026-04-01 11:27:55.629] [warn]  The resource https://discordapp.com/assets/ce3b8055f5114434.woff2 was preloaded using link preload but not used within a few seconds from the window's load event. Please make sure it has an appropriate `as` value and it is preloaded intentionally.
[2026-04-01 11:27:55.630] [warn]  The resource https://discordapp.com/assets/cb2006dbced0e246.woff2 was preloaded using link preload but not used within a few seconds from the window's load event. Please make sure it has an appropriate `as` value and it is preloaded intentionally.
[2026-04-01 11:28:09.871] [warn]  The resource https://discordapp.com/assets/189422196a4f8b53.woff2 was preloaded using link preload but not used within a few seconds from the window's load event. Please make sure it has an appropriate `as` value and it is preloaded intentionally.
[2026-04-01 11:28:09.872] [warn]  The resource https://discordapp.com/assets/dd24010f3cf7def7.woff2 was preloaded using link preload but not used within a few seconds from the window's load event. Please make sure it has an appropriate `as` value and it is preloaded intentionally.
[2026-04-01 11:28:09.872] [warn]  The resource https://discordapp.com/assets/7a6a566c2e88a35d.woff2 was preloaded using link preload but not used within a few seconds from the window's load event. Please make sure it has an appropriate `as` value and it is preloaded intentionally.
[2026-04-01 11:28:09.873] [warn]  The resource https://discordapp.com/assets/e52f0cba712e2fb4.woff2 was preloaded using link preload but not used within a few seconds from the window's load event. Please make sure it has an appropriate `as` value and it is preloaded intentionally.
[2026-04-01 11:28:09.874] [warn]  The resource https://discordapp.com/assets/ce3b8055f5114434.woff2 was preloaded using link preload but not used within a few seconds from the window's load event. Please make sure it has an appropriate `as` value and it is preloaded intentionally.
[2026-04-01 11:28:09.875] [warn]  The resource https://discordapp.com/assets/cb2006dbced0e246.woff2 was preloaded using link preload but not used within a few seconds from the window's load event. Please make sure it has an appropriate `as` value and it is preloaded intentionally.
[2026-04-01 11:29:47.845] [warn]  The resource https://discordapp.com/assets/189422196a4f8b53.woff2 was preloaded using link preload but not used within a few seconds from the window's load event. Please make sure it has an appropriate `as` value and it is preloaded intentionally.
[2026-04-01 11:29:47.845] [warn]  The resource https://discordapp.com/assets/dd24010f3cf7def7.woff2 was preloaded using link preload but not used within a few seconds from the window's load event. Please make sure it has an appropriate `as` value and it is preloaded intentionally.
[2026-04-01 11:29:47.845] [warn]  The resource https://discordapp.com/assets/7a6a566c2e88a35d.woff2 was preloaded using link preload but not used within a few seconds from the window's load event. Please make sure it has an appropriate `as` value and it is preloaded intentionally.
[2026-04-01 11:29:47.845] [warn]  The resource https://discordapp.com/assets/e52f0cba712e2fb4.woff2 was preloaded using link preload but not used within a few seconds from the window's load event. Please make sure it has an appropriate `as` value and it is preloaded intentionally.
[2026-04-01 11:29:47.845] [warn]  The resource https://discordapp.com/assets/ce3b8055f5114434.woff2 was preloaded using link preload but not used within a few seconds from the window's load event. Please make sure it has an appropriate `as` value and it is preloaded intentionally.
[2026-04-01 11:29:47.846] [warn]  The resource https://discordapp.com/assets/cb2006dbced0e246.woff2 was preloaded using link preload but not used within a few seconds from the window's load event. Please make sure it has an appropriate `as` value and it is preloaded intentionally.
[2026-04-01 11:29:54.898] [warn]  The resource https://discordapp.com/assets/189422196a4f8b53.woff2 was preloaded using link preload but not used within a few seconds from the window's load event. Please make sure it has an appropriate `as` value and it is preloaded intentionally.
[2026-04-01 11:29:54.898] [warn]  The resource https://discordapp.com/assets/dd24010f3cf7def7.woff2 was preloaded using link preload but not used within a few seconds from the window's load event. Please make sure it has an appropriate `as` value and it is preloaded intentionally.
[2026-04-01 11:29:54.898] [warn]  The resource https://discordapp.com/assets/7a6a566c2e88a35d.woff2 was preloaded using link preload but not used within a few seconds from the window's load event. Please make sure it has an appropriate `as` value and it is preloaded intentionally.
[2026-04-01 11:29:54.899] [warn]  The resource https://discordapp.com/assets/e52f0cba712e2fb4.woff2 was preloaded using link preload but not used within a few seconds from the window's load event. Please make sure it has an appropriate `as` value and it is preloaded intentionally.
[2026-04-01 11:29:54.899] [warn]  The resource https://discordapp.com/assets/ce3b8055f5114434.woff2 was preloaded using link preload but not used within a few seconds from the window's load event. Please make sure it has an appropriate `as` value and it is preloaded intentionally.
[2026-04-01 11:29:54.899] [warn]  The resource https://discordapp.com/assets/cb2006dbced0e246.woff2 was preloaded using link preload but not used within a few seconds from the window's load event. Please make sure it has an appropriate `as` value and it is preloaded intentionally.
[2026-04-01 11:32:24.139] [warn]  The resource https://discordapp.com/assets/189422196a4f8b53.woff2 was preloaded using link preload but not used within a few seconds from the window's load event. Please make sure it has an appropriate `as` value and it is preloaded intentionally.
[2026-04-01 11:32:24.140] [warn]  The resource https://discordapp.com/assets/dd24010f3cf7def7.woff2 was preloaded using link preload but not used within a few seconds from the window's load event. Please make sure it has an appropriate `as` value and it is preloaded intentionally.
[2026-04-01 11:32:24.140] [warn]  The resource https://discordapp.com/assets/7a6a566c2e88a35d.woff2 was preloaded using link preload but not used within a few seconds from the window's load event. Please make sure it has an appropriate `as` value and it is preloaded intentionally.
[2026-04-01 11:32:24.141] [warn]  The resource https://discordapp.com/assets/e52f0cba712e2fb4.woff2 was preloaded using link preload but not used within a few seconds from the window's load event. Please make sure it has an appropriate `as` value and it is preloaded intentionally.
[2026-04-01 11:32:24.141] [warn]  The resource https://discordapp.com/assets/ce3b8055f5114434.woff2 was preloaded using link preload but not used within a few seconds from the window's load event. Please make sure it has an appropriate `as` value and it is preloaded intentionally.
[2026-04-01 11:32:24.142] [warn]  The resource https://discordapp.com/assets/cb2006dbced0e246.woff2 was preloaded using link preload but not used within a few seconds from the window's load event. Please make sure it has an appropriate `as` value and it is preloaded intentionally.
[2026-04-01 11:33:59.168] [warn]  The resource https://discordapp.com/assets/189422196a4f8b53.woff2 was preloaded using link preload but not used within a few seconds from the window's load event. Please make sure it has an appropriate `as` value and it is preloaded intentionally.
[2026-04-01 11:33:59.168] [warn]  The resource https://discordapp.com/assets/dd24010f3cf7def7.woff2 was preloaded using link preload but not used within a few seconds from the window's load event. Please make sure it has an appropriate `as` value and it is preloaded intentionally.
[2026-04-01 11:33:59.169] [warn]  The resource https://discordapp.com/assets/7a6a566c2e88a35d.woff2 was preloaded using link preload but not used within a few seconds from the window's load event. Please make sure it has an appropriate `as` value and it is preloaded intentionally.
[2026-04-01 11:33:59.169] [warn]  The resource https://discordapp.com/assets/e52f0cba712e2fb4.woff2 was preloaded using link preload but not used within a few seconds from the window's load event. Please make sure it has an appropriate `as` value and it is preloaded intentionally.
[2026-04-01 11:33:59.170] [warn]  The resource https://discordapp.com/assets/ce3b8055f5114434.woff2 was preloaded using link preload but not used within a few seconds from the window's load event. Please make sure it has an appropriate `as` value and it is preloaded intentionally.
[2026-04-01 11:33:59.170] [warn]  The resource https://discordapp.com/assets/cb2006dbced0e246.woff2 was preloaded using link preload but not used within a few seconds from the window's load event. Please make sure it has an appropriate `as` value and it is preloaded intentionally.
[2026-04-01 11:35:20.149] [warn]  The resource https://discordapp.com/assets/189422196a4f8b53.woff2 was preloaded using link preload but not used within a few seconds from the window's load event. Please make sure it has an appropriate `as` value and it is preloaded intentionally.
[2026-04-01 11:35:20.149] [warn]  The resource https://discordapp.com/assets/dd24010f3cf7def7.woff2 was preloaded using link preload but not used within a few seconds from the window's load event. Please make sure it has an appropriate `as` value and it is preloaded intentionally.
[2026-04-01 11:35:20.150] [warn]  The resource https://discordapp.com/assets/7a6a566c2e88a35d.woff2 was preloaded using link preload but not used within a few seconds from the window's load event. Please make sure it has an appropriate `as` value and it is preloaded intentionally.
[2026-04-01 11:35:20.151] [warn]  The resource https://discordapp.com/assets/e52f0cba712e2fb4.woff2 was preloaded using link preload but not used within a few seconds from the window's load event. Please make sure it has an appropriate `as` value and it is preloaded intentionally.
[2026-04-01 11:35:20.151] [warn]  The resource https://discordapp.com/assets/ce3b8055f5114434.woff2 was preloaded using link preload but not used within a few seconds from the window's load event. Please make sure it has an appropriate `as` value and it is preloaded intentionally.
[2026-04-01 11:35:20.152] [warn]  The resource https://discordapp.com/assets/cb2006dbced0e246.woff2 was preloaded using link preload but not used within a few seconds from the window's load event. Please make sure it has an appropriate `as` value and it is preloaded intentionally.
[2026-04-01 11:37:24.102] [warn]  The resource https://discordapp.com/assets/189422196a4f8b53.woff2 was preloaded using link preload but not used within a few seconds from the window's load event. Please make sure it has an appropriate `as` value and it is preloaded intentionally.
[2026-04-01 11:37:24.103] [warn]  The resource https://discordapp.com/assets/dd24010f3cf7def7.woff2 was preloaded using link preload but not used within a few seconds from the window's load event. Please make sure it has an appropriate `as` value and it is preloaded intentionally.
[2026-04-01 11:37:24.104] [warn]  The resource https://discordapp.com/assets/7a6a566c2e88a35d.woff2 was preloaded using link preload but not used within a few seconds from the window's load event. Please make sure it has an appropriate `as` value and it is preloaded intentionally.
[2026-04-01 11:37:24.104] [warn]  The resource https://discordapp.com/assets/e52f0cba712e2fb4.woff2 was preloaded using link preload but not used within a few seconds from the window's load event. Please make sure it has an appropriate `as` value and it is preloaded intentionally.
[2026-04-01 11:37:24.105] [warn]  The resource https://discordapp.com/assets/ce3b8055f5114434.woff2 was preloaded using link preload but not used within a few seconds from the window's load event. Please make sure it has an appropriate `as` value and it is preloaded intentionally.
[2026-04-01 11:37:24.105] [warn]  The resource https://discordapp.com/assets/cb2006dbced0e246.woff2 was preloaded using link preload but not used within a few seconds from the window's load event. Please make sure it has an appropriate `as` value and it is preloaded intentionally.
[2026-04-01 11:37:55.958] [warn]  The resource https://discordapp.com/assets/189422196a4f8b53.woff2 was preloaded using link preload but not used within a few seconds from the window's load event. Please make sure it has an appropriate `as` value and it is preloaded intentionally.
[2026-04-01 11:37:55.959] [warn]  The resource https://discordapp.com/assets/dd24010f3cf7def7.woff2 was preloaded using link preload but not used within a few seconds from the window's load event. Please make sure it has an appropriate `as` value and it is preloaded intentionally.
[2026-04-01 11:37:55.959] [warn]  The resource https://discordapp.com/assets/7a6a566c2e88a35d.woff2 was preloaded using link preload but not used within a few seconds from the window's load event. Please make sure it has an appropriate `as` value and it is preloaded intentionally.
[2026-04-01 11:37:55.960] [warn]  The resource https://discordapp.com/assets/e52f0cba712e2fb4.woff2 was preloaded using link preload but not used within a few seconds from the window's load event. Please make sure it has an appropriate `as` value and it is preloaded intentionally.
[2026-04-01 11:37:55.960] [warn]  The resource https://discordapp.com/assets/ce3b8055f5114434.woff2 was preloaded using link preload but not used within a few seconds from the window's load event. Please make sure it has an appropriate `as` value and it is preloaded intentionally.
[2026-04-01 11:37:55.961] [warn]  The resource https://discordapp.com/assets/cb2006dbced0e246.woff2 was preloaded using link preload but not used within a few seconds from the window's load event. Please make sure it has an appropriate `as` value and it is preloaded intentionally.
[2026-04-01 11:38:47.843] [warn]  The resource https://discordapp.com/assets/189422196a4f8b53.woff2 was preloaded using link preload but not used within a few seconds from the window's load event. Please make sure it has an appropriate `as` value and it is preloaded intentionally.
[2026-04-01 11:38:47.844] [warn]  The resource https://discordapp.com/assets/dd24010f3cf7def7.woff2 was preloaded using link preload but not used within a few seconds from the window's load event. Please make sure it has an appropriate `as` value and it is preloaded intentionally.
[2026-04-01 11:38:47.845] [warn]  The resource https://discordapp.com/assets/7a6a566c2e88a35d.woff2 was preloaded using link preload but not used within a few seconds from the window's load event. Please make sure it has an appropriate `as` value and it is preloaded intentionally.
[2026-04-01 11:38:47.846] [warn]  The resource https://discordapp.com/assets/e52f0cba712e2fb4.woff2 was preloaded using link preload but not used within a few seconds from the window's load event. Please make sure it has an appropriate `as` value and it is preloaded intentionally.
[2026-04-01 11:38:47.846] [warn]  The resource https://discordapp.com/assets/ce3b8055f5114434.woff2 was preloaded using link preload but not used within a few seconds from the window's load event. Please make sure it has an appropriate `as` value and it is preloaded intentionally.
[2026-04-01 11:38:47.847] [warn]  The resource https://discordapp.com/assets/cb2006dbced0e246.woff2 was preloaded using link preload but not used within a few seconds from the window's load event. Please make sure it has an appropriate `as` value and it is preloaded intentionally.
[2026-04-01 11:42:24.136] [warn]  The resource https://discordapp.com/assets/189422196a4f8b53.woff2 was preloaded using link preload but not used within a few seconds from the window's load event. Please make sure it has an appropriate `as` value and it is preloaded intentionally.
[2026-04-01 11:42:24.136] [warn]  The resource https://discordapp.com/assets/dd24010f3cf7def7.woff2 was preloaded using link preload but not used within a few seconds from the window's load event. Please make sure it has an appropriate `as` value and it is preloaded intentionally.
[2026-04-01 11:42:24.137] [warn]  The resource https://discordapp.com/assets/7a6a566c2e88a35d.woff2 was preloaded using link preload but not used within a few seconds from the window's load event. Please make sure it has an appropriate `as` value and it is preloaded intentionally.
[2026-04-01 11:42:24.138] [warn]  The resource https://discordapp.com/assets/e52f0cba712e2fb4.woff2 was preloaded using link preload but not used within a few seconds from the window's load event. Please make sure it has an appropriate `as` value and it is preloaded intentionally.
[2026-04-01 11:42:24.138] [warn]  The resource https://discordapp.com/assets/ce3b8055f5114434.woff2 was preloaded using link preload but not used within a few seconds from the window's load event. Please make sure it has an appropriate `as` value and it is preloaded intentionally.
[2026-04-01 11:42:24.139] [warn]  The resource https://discordapp.com/assets/cb2006dbced0e246.woff2 was preloaded using link preload but not used within a few seconds from the window's load event. Please make sure it has an appropriate `as` value and it is preloaded intentionally.
[2026-04-01 11:43:20.648] [warn]  The resource https://discordapp.com/assets/189422196a4f8b53.woff2 was preloaded using link preload but not used within a few seconds from the window's load event. Please make sure it has an appropriate `as` value and it is preloaded intentionally.
[2026-04-01 11:43:20.649] [warn]  The resource https://discordapp.com/assets/dd24010f3cf7def7.woff2 was preloaded using link preload but not used within a few seconds from the window's load event. Please make sure it has an appropriate `as` value and it is preloaded intentionally.
[2026-04-01 11:43:20.650] [warn]  The resource https://discordapp.com/assets/7a6a566c2e88a35d.woff2 was preloaded using link preload but not used within a few seconds from the window's load event. Please make sure it has an appropriate `as` value and it is preloaded intentionally.
[2026-04-01 11:43:20.651] [warn]  The resource https://discordapp.com/assets/e52f0cba712e2fb4.woff2 was preloaded using link preload but not used within a few seconds from the window's load event. Please make sure it has an appropriate `as` value and it is preloaded intentionally.
[2026-04-01 11:43:20.651] [warn]  The resource https://discordapp.com/assets/ce3b8055f5114434.woff2 was preloaded using link preload but not used within a few seconds from the window's load event. Please make sure it has an appropriate `as` value and it is preloaded intentionally.
[2026-04-01 11:43:20.652] [warn]  The resource https://discordapp.com/assets/cb2006dbced0e246.woff2 was preloaded using link preload but not used within a few seconds from the window's load event. Please make sure it has an appropriate `as` value and it is preloaded intentionally.
[2026-04-01 11:43:38.361] [warn]  The resource https://discordapp.com/assets/189422196a4f8b53.woff2 was preloaded using link preload but not used within a few seconds from the window's load event. Please make sure it has an appropriate `as` value and it is preloaded intentionally.
[2026-04-01 11:43:38.361] [warn]  The resource https://discordapp.com/assets/dd24010f3cf7def7.woff2 was preloaded using link preload but not used within a few seconds from the window's load event. Please make sure it has an appropriate `as` value and it is preloaded intentionally.
[2026-04-01 11:43:38.362] [warn]  The resource https://discordapp.com/assets/7a6a566c2e88a35d.woff2 was preloaded using link preload but not used within a few seconds from the window's load event. Please make sure it has an appropriate `as` value and it is preloaded intentionally.
[2026-04-01 11:43:38.363] [warn]  The resource https://discordapp.com/assets/e52f0cba712e2fb4.woff2 was preloaded using link preload but not used within a few seconds from the window's load event. Please make sure it has an appropriate `as` value and it is preloaded intentionally.
[2026-04-01 11:43:38.363] [warn]  The resource https://discordapp.com/assets/ce3b8055f5114434.woff2 was preloaded using link preload but not used within a few seconds from the window's load event. Please make sure it has an appropriate `as` value and it is preloaded intentionally.
[2026-04-01 11:43:38.364] [warn]  The resource https://discordapp.com/assets/cb2006dbced0e246.woff2 was preloaded using link preload but not used within a few seconds from the window's load event. Please make sure it has an appropriate `as` value and it is preloaded intentionally.
[2026-04-01 11:44:12.898] [warn]  The resource https://discordapp.com/assets/189422196a4f8b53.woff2 was preloaded using link preload but not used within a few seconds from the window's load event. Please make sure it has an appropriate `as` value and it is preloaded intentionally.
[2026-04-01 11:44:12.899] [warn]  The resource https://discordapp.com/assets/dd24010f3cf7def7.woff2 was preloaded using link preload but not used within a few seconds from the window's load event. Please make sure it has an appropriate `as` value and it is preloaded intentionally.
[2026-04-01 11:44:12.899] [warn]  The resource https://discordapp.com/assets/7a6a566c2e88a35d.woff2 was preloaded using link preload but not used within a few seconds from the window's load event. Please make sure it has an appropriate `as` value and it is preloaded intentionally.
[2026-04-01 11:44:12.899] [warn]  The resource https://discordapp.com/assets/e52f0cba712e2fb4.woff2 was preloaded using link preload but not used within a few seconds from the window's load event. Please make sure it has an appropriate `as` value and it is preloaded intentionally.
[2026-04-01 11:44:12.899] [warn]  The resource https://discordapp.com/assets/ce3b8055f5114434.woff2 was preloaded using link preload but not used within a few seconds from the window's load event. Please make sure it has an appropriate `as` value and it is preloaded intentionally.
[2026-04-01 11:44:12.899] [warn]  The resource https://discordapp.com/assets/cb2006dbced0e246.woff2 was preloaded using link preload but not used within a few seconds from the window's load event. Please make sure it has an appropriate `as` value and it is preloaded intentionally.
[2026-04-01 11:44:34.535] [info]  [WindowVisibilityVideoManager] Incoming video enabled changed, incomingVideoEnabled = true
[2026-04-01 11:44:41.217] [warn]  The resource https://discordapp.com/assets/189422196a4f8b53.woff2 was preloaded using link preload but not used within a few seconds from the window's load event. Please make sure it has an appropriate `as` value and it is preloaded intentionally.
[2026-04-01 11:44:41.218] [warn]  The resource https://discordapp.com/assets/dd24010f3cf7def7.woff2 was preloaded using link preload but not used within a few seconds from the window's load event. Please make sure it has an appropriate `as` value and it is preloaded intentionally.
[2026-04-01 11:44:41.219] [warn]  The resource https://discordapp.com/assets/7a6a566c2e88a35d.woff2 was preloaded using link preload but not used within a few seconds from the window's load event. Please make sure it has an appropriate `as` value and it is preloaded intentionally.
[2026-04-01 11:44:41.219] [warn]  The resource https://discordapp.com/assets/e52f0cba712e2fb4.woff2 was preloaded using link preload but not used within a few seconds from the window's load event. Please make sure it has an appropriate `as` value and it is preloaded intentionally.
[2026-04-01 11:44:41.220] [warn]  The resource https://discordapp.com/assets/ce3b8055f5114434.woff2 was preloaded using link preload but not used within a few seconds from the window's load event. Please make sure it has an appropriate `as` value and it is preloaded intentionally.
[2026-04-01 11:44:41.221] [warn]  The resource https://discordapp.com/assets/cb2006dbced0e246.woff2 was preloaded using link preload but not used within a few seconds from the window's load event. Please make sure it has an appropriate `as` value and it is preloaded intentionally.
[2026-04-01 11:45:09.821] [info]  [WindowVisibilityVideoManager] Incoming video enabled changed, incomingVideoEnabled = false
[2026-04-01 11:46:19.685] [info]  [Spotify] WS Disconnected. Next retry in 990ms
[2026-04-01 11:46:20.792] [info]  [Spotify] WS Connecting
[2026-04-01 11:46:21.534] [info]  [Spotify] Updated account access token: 777k9eqztjxwkywl5ba3e0z75
[2026-04-01 11:46:21.774] [info]  [Spotify] WS Connected
[2026-04-01 11:46:21.854] [info]  [Spotify] Devices updated for 777k9eqztjxwkywl5ba3e0z75: 
[2026-04-01 11:46:21.901] [info]  [Spotify] Profile updated for 777k9eqztjxwkywl5ba3e0z75: isPremium = false
[2026-04-01 11:46:24.950] [warn]  The resource https://discordapp.com/assets/189422196a4f8b53.woff2 was preloaded using link preload but not used within a few seconds from the window's load event. Please make sure it has an appropriate `as` value and it is preloaded intentionally.
[2026-04-01 11:46:24.951] [warn]  The resource https://discordapp.com/assets/dd24010f3cf7def7.woff2 was preloaded using link preload but not used within a few seconds from the window's load event. Please make sure it has an appropriate `as` value and it is preloaded intentionally.
[2026-04-01 11:46:24.952] [warn]  The resource https://discordapp.com/assets/7a6a566c2e88a35d.woff2 was preloaded using link preload but not used within a few seconds from the window's load event. Please make sure it has an appropriate `as` value and it is preloaded intentionally.
[2026-04-01 11:46:24.952] [warn]  The resource https://discordapp.com/assets/e52f0cba712e2fb4.woff2 was preloaded using link preload but not used within a few seconds from the window's load event. Please make sure it has an appropriate `as` value and it is preloaded intentionally.
[2026-04-01 11:46:24.953] [warn]  The resource https://discordapp.com/assets/ce3b8055f5114434.woff2 was preloaded using link preload but not used within a few seconds from the window's load event. Please make sure it has an appropriate `as` value and it is preloaded intentionally.
[2026-04-01 11:46:24.953] [warn]  The resource https://discordapp.com/assets/cb2006dbced0e246.woff2 was preloaded using link preload but not used within a few seconds from the window's load event. Please make sure it has an appropriate `as` value and it is preloaded intentionally.
[2026-04-01 11:47:22.178] [warn]  The resource https://discordapp.com/assets/189422196a4f8b53.woff2 was preloaded using link preload but not used within a few seconds from the window's load event. Please make sure it has an appropriate `as` value and it is preloaded intentionally.
[2026-04-01 11:47:22.178] [warn]  The resource https://discordapp.com/assets/dd24010f3cf7def7.woff2 was preloaded using link preload but not used within a few seconds from the window's load event. Please make sure it has an appropriate `as` value and it is preloaded intentionally.
[2026-04-01 11:47:22.178] [warn]  The resource https://discordapp.com/assets/7a6a566c2e88a35d.woff2 was preloaded using link preload but not used within a few seconds from the window's load event. Please make sure it has an appropriate `as` value and it is preloaded intentionally.
[2026-04-01 11:47:22.178] [warn]  The resource https://discordapp.com/assets/e52f0cba712e2fb4.woff2 was preloaded using link preload but not used within a few seconds from the window's load event. Please make sure it has an appropriate `as` value and it is preloaded intentionally.
[2026-04-01 11:47:22.178] [warn]  The resource https://discordapp.com/assets/ce3b8055f5114434.woff2 was preloaded using link preload but not used within a few seconds from the window's load event. Please make sure it has an appropriate `as` value and it is preloaded intentionally.
[2026-04-01 11:47:22.178] [warn]  The resource https://discordapp.com/assets/cb2006dbced0e246.woff2 was preloaded using link preload but not used within a few seconds from the window's load event. Please make sure it has an appropriate `as` value and it is preloaded intentionally.
[2026-04-01 11:48:15.112] [warn]  The resource https://discordapp.com/assets/189422196a4f8b53.woff2 was preloaded using link preload but not used within a few seconds from the window's load event. Please make sure it has an appropriate `as` value and it is preloaded intentionally.
[2026-04-01 11:48:15.113] [warn]  The resource https://discordapp.com/assets/dd24010f3cf7def7.woff2 was preloaded using link preload but not used within a few seconds from the window's load event. Please make sure it has an appropriate `as` value and it is preloaded intentionally.
[2026-04-01 11:48:15.114] [warn]  The resource https://discordapp.com/assets/7a6a566c2e88a35d.woff2 was preloaded using link preload but not used within a few seconds from the window's load event. Please make sure it has an appropriate `as` value and it is preloaded intentionally.
[2026-04-01 11:48:15.114] [warn]  The resource https://discordapp.com/assets/e52f0cba712e2fb4.woff2 was preloaded using link preload but not used within a few seconds from the window's load event. Please make sure it has an appropriate `as` value and it is preloaded intentionally.
[2026-04-01 11:48:15.115] [warn]  The resource https://discordapp.com/assets/ce3b8055f5114434.woff2 was preloaded using link preload but not used within a few seconds from the window's load event. Please make sure it has an appropriate `as` value and it is preloaded intentionally.
[2026-04-01 11:48:15.115] [warn]  The resource https://discordapp.com/assets/cb2006dbced0e246.woff2 was preloaded using link preload but not used within a few seconds from the window's load event. Please make sure it has an appropriate `as` value and it is preloaded intentionally.
[2026-04-01 11:48:25.188] [warn]  The resource https://discordapp.com/assets/189422196a4f8b53.woff2 was preloaded using link preload but not used within a few seconds from the window's load event. Please make sure it has an appropriate `as` value and it is preloaded intentionally.
[2026-04-01 11:48:25.189] [warn]  The resource https://discordapp.com/assets/dd24010f3cf7def7.woff2 was preloaded using link preload but not used within a few seconds from the window's load event. Please make sure it has an appropriate `as` value and it is preloaded intentionally.
[2026-04-01 11:48:25.190] [warn]  The resource https://discordapp.com/assets/7a6a566c2e88a35d.woff2 was preloaded using link preload but not used within a few seconds from the window's load event. Please make sure it has an appropriate `as` value and it is preloaded intentionally.
[2026-04-01 11:48:25.190] [warn]  The resource https://discordapp.com/assets/e52f0cba712e2fb4.woff2 was preloaded using link preload but not used within a few seconds from the window's load event. Please make sure it has an appropriate `as` value and it is preloaded intentionally.
[2026-04-01 11:48:25.191] [warn]  The resource https://discordapp.com/assets/ce3b8055f5114434.woff2 was preloaded using link preload but not used within a few seconds from the window's load event. Please make sure it has an appropriate `as` value and it is preloaded intentionally.
[2026-04-01 11:48:25.191] [warn]  The resource https://discordapp.com/assets/cb2006dbced0e246.woff2 was preloaded using link preload but not used within a few seconds from the window's load event. Please make sure it has an appropriate `as` value and it is preloaded intentionally.
[2026-04-01 11:52:22.568] [warn]  The resource https://discordapp.com/assets/189422196a4f8b53.woff2 was preloaded using link preload but not used within a few seconds from the window's load event. Please make sure it has an appropriate `as` value and it is preloaded intentionally.
[2026-04-01 11:52:22.568] [warn]  The resource https://discordapp.com/assets/dd24010f3cf7def7.woff2 was preloaded using link preload but not used within a few seconds from the window's load event. Please make sure it has an appropriate `as` value and it is preloaded intentionally.
[2026-04-01 11:52:22.568] [warn]  The resource https://discordapp.com/assets/7a6a566c2e88a35d.woff2 was preloaded using link preload but not used within a few seconds from the window's load event. Please make sure it has an appropriate `as` value and it is preloaded intentionally.
[2026-04-01 11:52:22.569] [warn]  The resource https://discordapp.com/assets/e52f0cba712e2fb4.woff2 was preloaded using link preload but not used within a few seconds from the window's load event. Please make sure it has an appropriate `as` value and it is preloaded intentionally.
[2026-04-01 11:52:22.569] [warn]  The resource https://discordapp.com/assets/ce3b8055f5114434.woff2 was preloaded using link preload but not used within a few seconds from the window's load event. Please make sure it has an appropriate `as` value and it is preloaded intentionally.
[2026-04-01 11:52:22.569] [warn]  The resource https://discordapp.com/assets/cb2006dbced0e246.woff2 was preloaded using link preload but not used within a few seconds from the window's load event. Please make sure it has an appropriate `as` value and it is preloaded intentionally.
[2026-04-01 11:55:07.332] [warn]  The resource https://discordapp.com/assets/189422196a4f8b53.woff2 was preloaded using link preload but not used within a few seconds from the window's load event. Please make sure it has an appropriate `as` value and it is preloaded intentionally.
[2026-04-01 11:55:07.333] [warn]  The resource https://discordapp.com/assets/dd24010f3cf7def7.woff2 was preloaded using link preload but not used within a few seconds from the window's load event. Please make sure it has an appropriate `as` value and it is preloaded intentionally.
[2026-04-01 11:55:07.334] [warn]  The resource https://discordapp.com/assets/7a6a566c2e88a35d.woff2 was preloaded using link preload but not used within a few seconds from the window's load event. Please make sure it has an appropriate `as` value and it is preloaded intentionally.
[2026-04-01 11:55:07.335] [warn]  The resource https://discordapp.com/assets/e52f0cba712e2fb4.woff2 was preloaded using link preload but not used within a few seconds from the window's load event. Please make sure it has an appropriate `as` value and it is preloaded intentionally.
[2026-04-01 11:55:07.335] [warn]  The resource https://discordapp.com/assets/ce3b8055f5114434.woff2 was preloaded using link preload but not used within a few seconds from the window's load event. Please make sure it has an appropriate `as` value and it is preloaded intentionally.
[2026-04-01 11:55:07.336] [warn]  The resource https://discordapp.com/assets/cb2006dbced0e246.woff2 was preloaded using link preload but not used within a few seconds from the window's load event. Please make sure it has an appropriate `as` value and it is preloaded intentionally.
[2026-04-01 11:55:16.566] [warn]  The resource https://discordapp.com/assets/189422196a4f8b53.woff2 was preloaded using link preload but not used within a few seconds from the window's load event. Please make sure it has an appropriate `as` value and it is preloaded intentionally.
[2026-04-01 11:55:16.567] [warn]  The resource https://discordapp.com/assets/dd24010f3cf7def7.woff2 was preloaded using link preload but not used within a few seconds from the window's load event. Please make sure it has an appropriate `as` value and it is preloaded intentionally.
[2026-04-01 11:55:16.568] [warn]  The resource https://discordapp.com/assets/7a6a566c2e88a35d.woff2 was preloaded using link preload but not used within a few seconds from the window's load event. Please make sure it has an appropriate `as` value and it is preloaded intentionally.
[2026-04-01 11:55:16.569] [warn]  The resource https://discordapp.com/assets/e52f0cba712e2fb4.woff2 was preloaded using link preload but not used within a few seconds from the window's load event. Please make sure it has an appropriate `as` value and it is preloaded intentionally.
[2026-04-01 11:55:16.569] [warn]  The resource https://discordapp.com/assets/ce3b8055f5114434.woff2 was preloaded using link preload but not used within a few seconds from the window's load event. Please make sure it has an appropriate `as` value and it is preloaded intentionally.
[2026-04-01 11:55:16.570] [warn]  The resource https://discordapp.com/assets/cb2006dbced0e246.woff2 was preloaded using link preload but not used within a few seconds from the window's load event. Please make sure it has an appropriate `as` value and it is preloaded intentionally.
[2026-04-01 11:56:47.340] [warn]  The resource https://discordapp.com/assets/189422196a4f8b53.woff2 was preloaded using link preload but not used within a few seconds from the window's load event. Please make sure it has an appropriate `as` value and it is preloaded intentionally.
[2026-04-01 11:56:47.341] [warn]  The resource https://discordapp.com/assets/dd24010f3cf7def7.woff2 was preloaded using link preload but not used within a few seconds from the window's load event. Please make sure it has an appropriate `as` value and it is preloaded intentionally.
[2026-04-01 11:56:47.342] [warn]  The resource https://discordapp.com/assets/7a6a566c2e88a35d.woff2 was preloaded using link preload but not used within a few seconds from the window's load event. Please make sure it has an appropriate `as` value and it is preloaded intentionally.
[2026-04-01 11:56:47.342] [warn]  The resource https://discordapp.com/assets/e52f0cba712e2fb4.woff2 was preloaded using link preload but not used within a few seconds from the window's load event. Please make sure it has an appropriate `as` value and it is preloaded intentionally.
[2026-04-01 11:56:47.343] [warn]  The resource https://discordapp.com/assets/ce3b8055f5114434.woff2 was preloaded using link preload but not used within a few seconds from the window's load event. Please make sure it has an appropriate `as` value and it is preloaded intentionally.
[2026-04-01 11:56:47.343] [warn]  The resource https://discordapp.com/assets/cb2006dbced0e246.woff2 was preloaded using link preload but not used within a few seconds from the window's load event. Please make sure it has an appropriate `as` value and it is preloaded intentionally.
[2026-04-01 11:56:53.893] [warn]  The resource https://discordapp.com/assets/189422196a4f8b53.woff2 was preloaded using link preload but not used within a few seconds from the window's load event. Please make sure it has an appropriate `as` value and it is preloaded intentionally.
[2026-04-01 11:56:53.894] [warn]  The resource https://discordapp.com/assets/dd24010f3cf7def7.woff2 was preloaded using link preload but not used within a few seconds from the window's load event. Please make sure it has an appropriate `as` value and it is preloaded intentionally.
[2026-04-01 11:56:53.895] [warn]  The resource https://discordapp.com/assets/7a6a566c2e88a35d.woff2 was preloaded using link preload but not used within a few seconds from the window's load event. Please make sure it has an appropriate `as` value and it is preloaded intentionally.
[2026-04-01 11:56:53.896] [warn]  The resource https://discordapp.com/assets/e52f0cba712e2fb4.woff2 was preloaded using link preload but not used within a few seconds from the window's load event. Please make sure it has an appropriate `as` value and it is preloaded intentionally.
[2026-04-01 11:56:53.896] [warn]  The resource https://discordapp.com/assets/ce3b8055f5114434.woff2 was preloaded using link preload but not used within a few seconds from the window's load event. Please make sure it has an appropriate `as` value and it is preloaded intentionally.
[2026-04-01 11:56:53.897] [warn]  The resource https://discordapp.com/assets/cb2006dbced0e246.woff2 was preloaded using link preload but not used within a few seconds from the window's load event. Please make sure it has an appropriate `as` value and it is preloaded intentionally.
[2026-04-01 11:56:57.538] [warn]  The resource https://discordapp.com/assets/189422196a4f8b53.woff2 was preloaded using link preload but not used within a few seconds from the window's load event. Please make sure it has an appropriate `as` value and it is preloaded intentionally.
[2026-04-01 11:56:57.539] [warn]  The resource https://discordapp.com/assets/dd24010f3cf7def7.woff2 was preloaded using link preload but not used within a few seconds from the window's load event. Please make sure it has an appropriate `as` value and it is preloaded intentionally.
[2026-04-01 11:56:57.540] [warn]  The resource https://discordapp.com/assets/7a6a566c2e88a35d.woff2 was preloaded using link preload but not used within a few seconds from the window's load event. Please make sure it has an appropriate `as` value and it is preloaded intentionally.
[2026-04-01 11:56:57.540] [warn]  The resource https://discordapp.com/assets/e52f0cba712e2fb4.woff2 was preloaded using link preload but not used within a few seconds from the window's load event. Please make sure it has an appropriate `as` value and it is preloaded intentionally.
[2026-04-01 11:56:57.541] [warn]  The resource https://discordapp.com/assets/ce3b8055f5114434.woff2 was preloaded using link preload but not used within a few seconds from the window's load event. Please make sure it has an appropriate `as` value and it is preloaded intentionally.
[2026-04-01 11:56:57.541] [warn]  The resource https://discordapp.com/assets/cb2006dbced0e246.woff2 was preloaded using link preload but not used within a few seconds from the window's load event. Please make sure it has an appropriate `as` value and it is preloaded intentionally.
[2026-04-01 11:57:02.124] [info]  [Spotify] WS Disconnected. Next retry in 871ms
[2026-04-01 11:57:02.994] [info]  [Spotify] WS Connecting
[2026-04-01 11:57:03.307] [info]  [Spotify] WS Connected
[2026-04-01 11:57:03.374] [info]  [Spotify] Devices updated for 777k9eqztjxwkywl5ba3e0z75: 
[2026-04-01 11:57:03.421] [info]  [Spotify] Profile updated for 777k9eqztjxwkywl5ba3e0z75: isPremium = false
[2026-04-01 11:57:06.443] [warn]  The resource https://discordapp.com/assets/189422196a4f8b53.woff2 was preloaded using link preload but not used within a few seconds from the window's load event. Please make sure it has an appropriate `as` value and it is preloaded intentionally.
[2026-04-01 11:57:06.444] [warn]  The resource https://discordapp.com/assets/dd24010f3cf7def7.woff2 was preloaded using link preload but not used within a few seconds from the window's load event. Please make sure it has an appropriate `as` value and it is preloaded intentionally.
[2026-04-01 11:57:06.445] [warn]  The resource https://discordapp.com/assets/7a6a566c2e88a35d.woff2 was preloaded using link preload but not used within a few seconds from the window's load event. Please make sure it has an appropriate `as` value and it is preloaded intentionally.
[2026-04-01 11:57:06.446] [warn]  The resource https://discordapp.com/assets/e52f0cba712e2fb4.woff2 was preloaded using link preload but not used within a few seconds from the window's load event. Please make sure it has an appropriate `as` value and it is preloaded intentionally.
[2026-04-01 11:57:06.446] [warn]  The resource https://discordapp.com/assets/ce3b8055f5114434.woff2 was preloaded using link preload but not used within a few seconds from the window's load event. Please make sure it has an appropriate `as` value and it is preloaded intentionally.
[2026-04-01 11:57:06.447] [warn]  The resource https://discordapp.com/assets/cb2006dbced0e246.woff2 was preloaded using link preload but not used within a few seconds from the window's load event. Please make sure it has an appropriate `as` value and it is preloaded intentionally.
[2026-04-01 11:57:22.136] [warn]  The resource https://discordapp.com/assets/189422196a4f8b53.woff2 was preloaded using link preload but not used within a few seconds from the window's load event. Please make sure it has an appropriate `as` value and it is preloaded intentionally.
[2026-04-01 11:57:22.137] [warn]  The resource https://discordapp.com/assets/dd24010f3cf7def7.woff2 was preloaded using link preload but not used within a few seconds from the window's load event. Please make sure it has an appropriate `as` value and it is preloaded intentionally.
[2026-04-01 11:57:22.137] [warn]  The resource https://discordapp.com/assets/7a6a566c2e88a35d.woff2 was preloaded using link preload but not used within a few seconds from the window's load event. Please make sure it has an appropriate `as` value and it is preloaded intentionally.
[2026-04-01 11:57:22.138] [warn]  The resource https://discordapp.com/assets/e52f0cba712e2fb4.woff2 was preloaded using link preload but not used within a few seconds from the window's load event. Please make sure it has an appropriate `as` value and it is preloaded intentionally.
[2026-04-01 11:57:22.138] [warn]  The resource https://discordapp.com/assets/ce3b8055f5114434.woff2 was preloaded using link preload but not used within a few seconds from the window's load event. Please make sure it has an appropriate `as` value and it is preloaded intentionally.
[2026-04-01 11:57:22.138] [warn]  The resource https://discordapp.com/assets/cb2006dbced0e246.woff2 was preloaded using link preload but not used within a few seconds from the window's load event. Please make sure it has an appropriate `as` value and it is preloaded intentionally.
[2026-04-01 11:57:31.152] [warn]  The resource https://discordapp.com/assets/189422196a4f8b53.woff2 was preloaded using link preload but not used within a few seconds from the window's load event. Please make sure it has an appropriate `as` value and it is preloaded intentionally.
[2026-04-01 11:57:31.153] [warn]  The resource https://discordapp.com/assets/dd24010f3cf7def7.woff2 was preloaded using link preload but not used within a few seconds from the window's load event. Please make sure it has an appropriate `as` value and it is preloaded intentionally.
[2026-04-01 11:57:31.153] [warn]  The resource https://discordapp.com/assets/7a6a566c2e88a35d.woff2 was preloaded using link preload but not used within a few seconds from the window's load event. Please make sure it has an appropriate `as` value and it is preloaded intentionally.
[2026-04-01 11:57:31.154] [warn]  The resource https://discordapp.com/assets/e52f0cba712e2fb4.woff2 was preloaded using link preload but not used within a few seconds from the window's load event. Please make sure it has an appropriate `as` value and it is preloaded intentionally.
[2026-04-01 11:57:31.154] [warn]  The resource https://discordapp.com/assets/ce3b8055f5114434.woff2 was preloaded using link preload but not used within a few seconds from the window's load event. Please make sure it has an appropriate `as` value and it is preloaded intentionally.
[2026-04-01 11:57:31.154] [warn]  The resource https://discordapp.com/assets/cb2006dbced0e246.woff2 was preloaded using link preload but not used within a few seconds from the window's load event. Please make sure it has an appropriate `as` value and it is preloaded intentionally.
[2026-04-01 11:59:34.339] [warn]  The resource https://discordapp.com/assets/189422196a4f8b53.woff2 was preloaded using link preload but not used within a few seconds from the window's load event. Please make sure it has an appropriate `as` value and it is preloaded intentionally.
[2026-04-01 11:59:34.340] [warn]  The resource https://discordapp.com/assets/dd24010f3cf7def7.woff2 was preloaded using link preload but not used within a few seconds from the window's load event. Please make sure it has an appropriate `as` value and it is preloaded intentionally.
[2026-04-01 11:59:34.340] [warn]  The resource https://discordapp.com/assets/7a6a566c2e88a35d.woff2 was preloaded using link preload but not used within a few seconds from the window's load event. Please make sure it has an appropriate `as` value and it is preloaded intentionally.
[2026-04-01 11:59:34.340] [warn]  The resource https://discordapp.com/assets/e52f0cba712e2fb4.woff2 was preloaded using link preload but not used within a few seconds from the window's load event. Please make sure it has an appropriate `as` value and it is preloaded intentionally.
[2026-04-01 11:59:34.340] [warn]  The resource https://discordapp.com/assets/ce3b8055f5114434.woff2 was preloaded using link preload but not used within a few seconds from the window's load event. Please make sure it has an appropriate `as` value and it is preloaded intentionally.
[2026-04-01 11:59:34.340] [warn]  The resource https://discordapp.com/assets/cb2006dbced0e246.woff2 was preloaded using link preload but not used within a few seconds from the window's load event. Please make sure it has an appropriate `as` value and it is preloaded intentionally.
[2026-04-01 11:59:56.822] [warn]  The resource https://discordapp.com/assets/189422196a4f8b53.woff2 was preloaded using link preload but not used within a few seconds from the window's load event. Please make sure it has an appropriate `as` value and it is preloaded intentionally.
[2026-04-01 11:59:56.823] [warn]  The resource https://discordapp.com/assets/dd24010f3cf7def7.woff2 was preloaded using link preload but not used within a few seconds from the window's load event. Please make sure it has an appropriate `as` value and it is preloaded intentionally.
[2026-04-01 11:59:56.824] [warn]  The resource https://discordapp.com/assets/7a6a566c2e88a35d.woff2 was preloaded using link preload but not used within a few seconds from the window's load event. Please make sure it has an appropriate `as` value and it is preloaded intentionally.
[2026-04-01 11:59:56.824] [warn]  The resource https://discordapp.com/assets/e52f0cba712e2fb4.woff2 was preloaded using link preload but not used within a few seconds from the window's load event. Please make sure it has an appropriate `as` value and it is preloaded intentionally.
[2026-04-01 11:59:56.825] [warn]  The resource https://discordapp.com/assets/ce3b8055f5114434.woff2 was preloaded using link preload but not used within a few seconds from the window's load event. Please make sure it has an appropriate `as` value and it is preloaded intentionally.
[2026-04-01 11:59:56.825] [warn]  The resource https://discordapp.com/assets/cb2006dbced0e246.woff2 was preloaded using link preload but not used within a few seconds from the window's load event. Please make sure it has an appropriate `as` value and it is preloaded intentionally.
[2026-04-01 12:02:22.116] [warn]  The resource https://discordapp.com/assets/189422196a4f8b53.woff2 was preloaded using link preload but not used within a few seconds from the window's load event. Please make sure it has an appropriate `as` value and it is preloaded intentionally.
[2026-04-01 12:02:22.117] [warn]  The resource https://discordapp.com/assets/dd24010f3cf7def7.woff2 was preloaded using link preload but not used within a few seconds from the window's load event. Please make sure it has an appropriate `as` value and it is preloaded intentionally.
[2026-04-01 12:02:22.117] [warn]  The resource https://discordapp.com/assets/7a6a566c2e88a35d.woff2 was preloaded using link preload but not used within a few seconds from the window's load event. Please make sure it has an appropriate `as` value and it is preloaded intentionally.
[2026-04-01 12:02:22.118] [warn]  The resource https://discordapp.com/assets/e52f0cba712e2fb4.woff2 was preloaded using link preload but not used within a few seconds from the window's load event. Please make sure it has an appropriate `as` value and it is preloaded intentionally.
[2026-04-01 12:02:22.118] [warn]  The resource https://discordapp.com/assets/ce3b8055f5114434.woff2 was preloaded using link preload but not used within a few seconds from the window's load event. Please make sure it has an appropriate `as` value and it is preloaded intentionally.
[2026-04-01 12:02:22.119] [warn]  The resource https://discordapp.com/assets/cb2006dbced0e246.woff2 was preloaded using link preload but not used within a few seconds from the window's load event. Please make sure it has an appropriate `as` value and it is preloaded intentionally.
[2026-04-01 12:06:31.359] [warn]  The resource https://discordapp.com/assets/189422196a4f8b53.woff2 was preloaded using link preload but not used within a few seconds from the window's load event. Please make sure it has an appropriate `as` value and it is preloaded intentionally.
[2026-04-01 12:06:31.359] [warn]  The resource https://discordapp.com/assets/dd24010f3cf7def7.woff2 was preloaded using link preload but not used within a few seconds from the window's load event. Please make sure it has an appropriate `as` value and it is preloaded intentionally.
[2026-04-01 12:06:31.359] [warn]  The resource https://discordapp.com/assets/7a6a566c2e88a35d.woff2 was preloaded using link preload but not used within a few seconds from the window's load event. Please make sure it has an appropriate `as` value and it is preloaded intentionally.
[2026-04-01 12:06:31.360] [warn]  The resource https://discordapp.com/assets/e52f0cba712e2fb4.woff2 was preloaded using link preload but not used within a few seconds from the window's load event. Please make sure it has an appropriate `as` value and it is preloaded intentionally.
[2026-04-01 12:06:31.360] [warn]  The resource https://discordapp.com/assets/ce3b8055f5114434.woff2 was preloaded using link preload but not used within a few seconds from the window's load event. Please make sure it has an appropriate `as` value and it is preloaded intentionally.
[2026-04-01 12:06:31.360] [warn]  The resource https://discordapp.com/assets/cb2006dbced0e246.woff2 was preloaded using link preload but not used within a few seconds from the window's load event. Please make sure it has an appropriate `as` value and it is preloaded intentionally.
[2026-04-01 12:06:37.427] [warn]  The resource https://discordapp.com/assets/189422196a4f8b53.woff2 was preloaded using link preload but not used within a few seconds from the window's load event. Please make sure it has an appropriate `as` value and it is preloaded intentionally.
[2026-04-01 12:06:37.428] [warn]  The resource https://discordapp.com/assets/dd24010f3cf7def7.woff2 was preloaded using link preload but not used within a few seconds from the window's load event. Please make sure it has an appropriate `as` value and it is preloaded intentionally.
[2026-04-01 12:06:37.429] [warn]  The resource https://discordapp.com/assets/7a6a566c2e88a35d.woff2 was preloaded using link preload but not used within a few seconds from the window's load event. Please make sure it has an appropriate `as` value and it is preloaded intentionally.
[2026-04-01 12:06:37.429] [warn]  The resource https://discordapp.com/assets/e52f0cba712e2fb4.woff2 was preloaded using link preload but not used within a few seconds from the window's load event. Please make sure it has an appropriate `as` value and it is preloaded intentionally.
[2026-04-01 12:06:37.430] [warn]  The resource https://discordapp.com/assets/ce3b8055f5114434.woff2 was preloaded using link preload but not used within a few seconds from the window's load event. Please make sure it has an appropriate `as` value and it is preloaded intentionally.
[2026-04-01 12:06:37.430] [warn]  The resource https://discordapp.com/assets/cb2006dbced0e246.woff2 was preloaded using link preload but not used within a few seconds from the window's load event. Please make sure it has an appropriate `as` value and it is preloaded intentionally.
[2026-04-01 12:07:22.132] [warn]  The resource https://discordapp.com/assets/189422196a4f8b53.woff2 was preloaded using link preload but not used within a few seconds from the window's load event. Please make sure it has an appropriate `as` value and it is preloaded intentionally.
[2026-04-01 12:07:22.132] [warn]  The resource https://discordapp.com/assets/dd24010f3cf7def7.woff2 was preloaded using link preload but not used within a few seconds from the window's load event. Please make sure it has an appropriate `as` value and it is preloaded intentionally.
[2026-04-01 12:07:22.132] [warn]  The resource https://discordapp.com/assets/7a6a566c2e88a35d.woff2 was preloaded using link preload but not used within a few seconds from the window's load event. Please make sure it has an appropriate `as` value and it is preloaded intentionally.
[2026-04-01 12:07:22.132] [warn]  The resource https://discordapp.com/assets/e52f0cba712e2fb4.woff2 was preloaded using link preload but not used within a few seconds from the window's load event. Please make sure it has an appropriate `as` value and it is preloaded intentionally.
[2026-04-01 12:07:22.133] [warn]  The resource https://discordapp.com/assets/ce3b8055f5114434.woff2 was preloaded using link preload but not used within a few seconds from the window's load event. Please make sure it has an appropriate `as` value and it is preloaded intentionally.
[2026-04-01 12:07:22.133] [warn]  The resource https://discordapp.com/assets/cb2006dbced0e246.woff2 was preloaded using link preload but not used within a few seconds from the window's load event. Please make sure it has an appropriate `as` value and it is preloaded intentionally.
[2026-04-01 12:07:43.339] [warn]  The resource https://discordapp.com/assets/189422196a4f8b53.woff2 was preloaded using link preload but not used within a few seconds from the window's load event. Please make sure it has an appropriate `as` value and it is preloaded intentionally.
[2026-04-01 12:07:43.339] [warn]  The resource https://discordapp.com/assets/dd24010f3cf7def7.woff2 was preloaded using link preload but not used within a few seconds from the window's load event. Please make sure it has an appropriate `as` value and it is preloaded intentionally.
[2026-04-01 12:07:43.339] [warn]  The resource https://discordapp.com/assets/7a6a566c2e88a35d.woff2 was preloaded using link preload but not used within a few seconds from the window's load event. Please make sure it has an appropriate `as` value and it is preloaded intentionally.
[2026-04-01 12:07:43.339] [warn]  The resource https://discordapp.com/assets/e52f0cba712e2fb4.woff2 was preloaded using link preload but not used within a few seconds from the window's load event. Please make sure it has an appropriate `as` value and it is preloaded intentionally.
[2026-04-01 12:07:43.339] [warn]  The resource https://discordapp.com/assets/ce3b8055f5114434.woff2 was preloaded using link preload but not used within a few seconds from the window's load event. Please make sure it has an appropriate `as` value and it is preloaded intentionally.
[2026-04-01 12:07:43.339] [warn]  The resource https://discordapp.com/assets/cb2006dbced0e246.woff2 was preloaded using link preload but not used within a few seconds from the window's load event. Please make sure it has an appropriate `as` value and it is preloaded intentionally.
[2026-04-01 12:07:46.449] [warn]  The resource https://discordapp.com/assets/189422196a4f8b53.woff2 was preloaded using link preload but not used within a few seconds from the window's load event. Please make sure it has an appropriate `as` value and it is preloaded intentionally.
[2026-04-01 12:07:46.450] [warn]  The resource https://discordapp.com/assets/dd24010f3cf7def7.woff2 was preloaded using link preload but not used within a few seconds from the window's load event. Please make sure it has an appropriate `as` value and it is preloaded intentionally.
[2026-04-01 12:07:46.451] [warn]  The resource https://discordapp.com/assets/7a6a566c2e88a35d.woff2 was preloaded using link preload but not used within a few seconds from the window's load event. Please make sure it has an appropriate `as` value and it is preloaded intentionally.
[2026-04-01 12:07:46.451] [warn]  The resource https://discordapp.com/assets/e52f0cba712e2fb4.woff2 was preloaded using link preload but not used within a few seconds from the window's load event. Please make sure it has an appropriate `as` value and it is preloaded intentionally.
[2026-04-01 12:07:46.452] [warn]  The resource https://discordapp.com/assets/ce3b8055f5114434.woff2 was preloaded using link preload but not used within a few seconds from the window's load event. Please make sure it has an appropriate `as` value and it is preloaded intentionally.
[2026-04-01 12:07:46.452] [warn]  The resource https://discordapp.com/assets/cb2006dbced0e246.woff2 was preloaded using link preload but not used within a few seconds from the window's load event. Please make sure it has an appropriate `as` value and it is preloaded intentionally.
[2026-04-01 12:08:44.764] [warn]  The resource https://discordapp.com/assets/189422196a4f8b53.woff2 was preloaded using link preload but not used within a few seconds from the window's load event. Please make sure it has an appropriate `as` value and it is preloaded intentionally.
[2026-04-01 12:08:44.765] [warn]  The resource https://discordapp.com/assets/dd24010f3cf7def7.woff2 was preloaded using link preload but not used within a few seconds from the window's load event. Please make sure it has an appropriate `as` value and it is preloaded intentionally.
[2026-04-01 12:08:44.765] [warn]  The resource https://discordapp.com/assets/7a6a566c2e88a35d.woff2 was preloaded using link preload but not used within a few seconds from the window's load event. Please make sure it has an appropriate `as` value and it is preloaded intentionally.
[2026-04-01 12:08:44.766] [warn]  The resource https://discordapp.com/assets/e52f0cba712e2fb4.woff2 was preloaded using link preload but not used within a few seconds from the window's load event. Please make sure it has an appropriate `as` value and it is preloaded intentionally.
[2026-04-01 12:08:44.766] [warn]  The resource https://discordapp.com/assets/ce3b8055f5114434.woff2 was preloaded using link preload but not used within a few seconds from the window's load event. Please make sure it has an appropriate `as` value and it is preloaded intentionally.
[2026-04-01 12:08:44.766] [warn]  The resource https://discordapp.com/assets/cb2006dbced0e246.woff2 was preloaded using link preload but not used within a few seconds from the window's load event. Please make sure it has an appropriate `as` value and it is preloaded intentionally.
[2026-04-01 12:10:42.368] [warn]  The resource https://discordapp.com/assets/189422196a4f8b53.woff2 was preloaded using link preload but not used within a few seconds from the window's load event. Please make sure it has an appropriate `as` value and it is preloaded intentionally.
[2026-04-01 12:10:42.368] [warn]  The resource https://discordapp.com/assets/dd24010f3cf7def7.woff2 was preloaded using link preload but not used within a few seconds from the window's load event. Please make sure it has an appropriate `as` value and it is preloaded intentionally.
[2026-04-01 12:10:42.369] [warn]  The resource https://discordapp.com/assets/7a6a566c2e88a35d.woff2 was preloaded using link preload but not used within a few seconds from the window's load event. Please make sure it has an appropriate `as` value and it is preloaded intentionally.
[2026-04-01 12:10:42.369] [warn]  The resource https://discordapp.com/assets/e52f0cba712e2fb4.woff2 was preloaded using link preload but not used within a few seconds from the window's load event. Please make sure it has an appropriate `as` value and it is preloaded intentionally.
[2026-04-01 12:10:42.370] [warn]  The resource https://discordapp.com/assets/ce3b8055f5114434.woff2 was preloaded using link preload but not used within a few seconds from the window's load event. Please make sure it has an appropriate `as` value and it is preloaded intentionally.
[2026-04-01 12:10:42.370] [warn]  The resource https://discordapp.com/assets/cb2006dbced0e246.woff2 was preloaded using link preload but not used within a few seconds from the window's load event. Please make sure it has an appropriate `as` value and it is preloaded intentionally.
[2026-04-01 12:12:22.128] [warn]  The resource https://discordapp.com/assets/189422196a4f8b53.woff2 was preloaded using link preload but not used within a few seconds from the window's load event. Please make sure it has an appropriate `as` value and it is preloaded intentionally.
[2026-04-01 12:12:22.129] [warn]  The resource https://discordapp.com/assets/dd24010f3cf7def7.woff2 was preloaded using link preload but not used within a few seconds from the window's load event. Please make sure it has an appropriate `as` value and it is preloaded intentionally.
[2026-04-01 12:12:22.129] [warn]  The resource https://discordapp.com/assets/7a6a566c2e88a35d.woff2 was preloaded using link preload but not used within a few seconds from the window's load event. Please make sure it has an appropriate `as` value and it is preloaded intentionally.
[2026-04-01 12:12:22.130] [warn]  The resource https://discordapp.com/assets/e52f0cba712e2fb4.woff2 was preloaded using link preload but not used within a few seconds from the window's load event. Please make sure it has an appropriate `as` value and it is preloaded intentionally.
[2026-04-01 12:12:22.130] [warn]  The resource https://discordapp.com/assets/ce3b8055f5114434.woff2 was preloaded using link preload but not used within a few seconds from the window's load event. Please make sure it has an appropriate `as` value and it is preloaded intentionally.
[2026-04-01 12:12:22.131] [warn]  The resource https://discordapp.com/assets/cb2006dbced0e246.woff2 was preloaded using link preload but not used within a few seconds from the window's load event. Please make sure it has an appropriate `as` value and it is preloaded intentionally.
[2026-04-01 12:13:41.425] [info]  [Routing/Utils] transitionTo - Transitioning to /channels/890132499416612865/899513140780343356
[2026-04-01 12:13:41.843] [info]  [WindowVisibilityVideoManager] Incoming video enabled changed, incomingVideoEnabled = true
[2026-04-01 12:13:48.460] [warn]  The resource https://discordapp.com/assets/189422196a4f8b53.woff2 was preloaded using link preload but not used within a few seconds from the window's load event. Please make sure it has an appropriate `as` value and it is preloaded intentionally.
[2026-04-01 12:13:48.460] [warn]  The resource https://discordapp.com/assets/dd24010f3cf7def7.woff2 was preloaded using link preload but not used within a few seconds from the window's load event. Please make sure it has an appropriate `as` value and it is preloaded intentionally.
[2026-04-01 12:13:48.461] [warn]  The resource https://discordapp.com/assets/7a6a566c2e88a35d.woff2 was preloaded using link preload but not used within a few seconds from the window's load event. Please make sure it has an appropriate `as` value and it is preloaded intentionally.
[2026-04-01 12:13:48.461] [warn]  The resource https://discordapp.com/assets/e52f0cba712e2fb4.woff2 was preloaded using link preload but not used within a few seconds from the window's load event. Please make sure it has an appropriate `as` value and it is preloaded intentionally.
[2026-04-01 12:13:48.461] [warn]  The resource https://discordapp.com/assets/ce3b8055f5114434.woff2 was preloaded using link preload but not used within a few seconds from the window's load event. Please make sure it has an appropriate `as` value and it is preloaded intentionally.
[2026-04-01 12:13:48.461] [warn]  The resource https://discordapp.com/assets/cb2006dbced0e246.woff2 was preloaded using link preload but not used within a few seconds from the window's load event. Please make sure it has an appropriate `as` value and it is preloaded intentionally.
[2026-04-01 12:14:08.000] [warn]  The resource https://discordapp.com/assets/189422196a4f8b53.woff2 was preloaded using link preload but not used within a few seconds from the window's load event. Please make sure it has an appropriate `as` value and it is preloaded intentionally.
[2026-04-01 12:14:08.001] [warn]  The resource https://discordapp.com/assets/dd24010f3cf7def7.woff2 was preloaded using link preload but not used within a few seconds from the window's load event. Please make sure it has an appropriate `as` value and it is preloaded intentionally.
[2026-04-01 12:14:08.001] [warn]  The resource https://discordapp.com/assets/7a6a566c2e88a35d.woff2 was preloaded using link preload but not used within a few seconds from the window's load event. Please make sure it has an appropriate `as` value and it is preloaded intentionally.
[2026-04-01 12:14:08.002] [warn]  The resource https://discordapp.com/assets/e52f0cba712e2fb4.woff2 was preloaded using link preload but not used within a few seconds from the window's load event. Please make sure it has an appropriate `as` value and it is preloaded intentionally.
[2026-04-01 12:14:08.002] [warn]  The resource https://discordapp.com/assets/ce3b8055f5114434.woff2 was preloaded using link preload but not used within a few seconds from the window's load event. Please make sure it has an appropriate `as` value and it is preloaded intentionally.
[2026-04-01 12:14:08.002] [warn]  The resource https://discordapp.com/assets/cb2006dbced0e246.woff2 was preloaded using link preload but not used within a few seconds from the window's load event. Please make sure it has an appropriate `as` value and it is preloaded intentionally.
[2026-04-01 12:14:14.968] [info]  [WindowVisibilityVideoManager] Incoming video enabled changed, incomingVideoEnabled = false
[2026-04-01 12:14:50.838] [warn]  The resource https://discordapp.com/assets/189422196a4f8b53.woff2 was preloaded using link preload but not used within a few seconds from the window's load event. Please make sure it has an appropriate `as` value and it is preloaded intentionally.
[2026-04-01 12:14:50.838] [warn]  The resource https://discordapp.com/assets/dd24010f3cf7def7.woff2 was preloaded using link preload but not used within a few seconds from the window's load event. Please make sure it has an appropriate `as` value and it is preloaded intentionally.
[2026-04-01 12:14:50.838] [warn]  The resource https://discordapp.com/assets/7a6a566c2e88a35d.woff2 was preloaded using link preload but not used within a few seconds from the window's load event. Please make sure it has an appropriate `as` value and it is preloaded intentionally.
[2026-04-01 12:14:50.838] [warn]  The resource https://discordapp.com/assets/e52f0cba712e2fb4.woff2 was preloaded using link preload but not used within a few seconds from the window's load event. Please make sure it has an appropriate `as` value and it is preloaded intentionally.
[2026-04-01 12:14:50.838] [warn]  The resource https://discordapp.com/assets/ce3b8055f5114434.woff2 was preloaded using link preload but not used within a few seconds from the window's load event. Please make sure it has an appropriate `as` value and it is preloaded intentionally.
[2026-04-01 12:14:50.838] [warn]  The resource https://discordapp.com/assets/cb2006dbced0e246.woff2 was preloaded using link preload but not used within a few seconds from the window's load event. Please make sure it has an appropriate `as` value and it is preloaded intentionally.
[2026-04-01 12:17:24.131] [warn]  The resource https://discordapp.com/assets/189422196a4f8b53.woff2 was preloaded using link preload but not used within a few seconds from the window's load event. Please make sure it has an appropriate `as` value and it is preloaded intentionally.
[2026-04-01 12:17:24.132] [warn]  The resource https://discordapp.com/assets/dd24010f3cf7def7.woff2 was preloaded using link preload but not used within a few seconds from the window's load event. Please make sure it has an appropriate `as` value and it is preloaded intentionally.
[2026-04-01 12:17:24.132] [warn]  The resource https://discordapp.com/assets/7a6a566c2e88a35d.woff2 was preloaded using link preload but not used within a few seconds from the window's load event. Please make sure it has an appropriate `as` value and it is preloaded intentionally.
[2026-04-01 12:17:24.132] [warn]  The resource https://discordapp.com/assets/e52f0cba712e2fb4.woff2 was preloaded using link preload but not used within a few seconds from the window's load event. Please make sure it has an appropriate `as` value and it is preloaded intentionally.
[2026-04-01 12:17:24.133] [warn]  The resource https://discordapp.com/assets/ce3b8055f5114434.woff2 was preloaded using link preload but not used within a few seconds from the window's load event. Please make sure it has an appropriate `as` value and it is preloaded intentionally.
[2026-04-01 12:17:24.133] [warn]  The resource https://discordapp.com/assets/cb2006dbced0e246.woff2 was preloaded using link preload but not used within a few seconds from the window's load event. Please make sure it has an appropriate `as` value and it is preloaded intentionally.
[2026-04-01 12:18:32.501] [info]  [WindowVisibilityVideoManager] Incoming video enabled changed, incomingVideoEnabled = true
[2026-04-01 12:18:33.857] [error] ResizeObserver loop completed with undelivered notifications.
[2026-04-01 12:18:35.226] [info]  [MessageActionCreators] Fetching messages for 1268027363925688451 between undefined and undefined. jump={"jumpType":"ANIMATED"}
[2026-04-01 12:18:35.351] [info]  [Routing/Utils] transitionTo - Transitioning to /channels/890132499416612865/1268027363925688451
[2026-04-01 12:18:35.882] [info]  [MessageActionCreators] Fetched 10 messages for 1268027363925688451 isBefore:false isAfter:false
[2026-04-01 12:18:35.885] [info]  [ChannelMessages] loadComplete: resetting state for channelId=1268027363925688451, sending.length=0
[2026-04-01 12:18:36.674] [info]  [MessageActionCreators] Fetching messages for 1486317831640580286 between undefined and undefined. jump={"jumpType":"ANIMATED"}
[2026-04-01 12:18:36.782] [info]  [Routing/Utils] transitionTo - Transitioning to /channels/890132499416612865/1486317831640580286
[2026-04-01 12:18:37.087] [info]  [MessageActionCreators] Fetched 10 messages for 1486317831640580286 isBefore:false isAfter:false
[2026-04-01 12:18:37.087] [info]  [ChannelMessages] loadComplete: resetting state for channelId=1486317831640580286, sending.length=0
[2026-04-01 12:18:37.203] [error] ResizeObserver loop completed with undelivered notifications.
[2026-04-01 12:18:37.347] [error] ResizeObserver loop completed with undelivered notifications.
[2026-04-01 12:18:39.174] [info]  [MessageActionCreators] Fetching messages for 1245597304069685308 between undefined and undefined. jump={"jumpType":"ANIMATED"}
[2026-04-01 12:18:39.254] [info]  [Routing/Utils] transitionTo - Transitioning to /channels/890132499416612865/1245597304069685308
[2026-04-01 12:18:39.630] [info]  [MessageActionCreators] Fetched 10 messages for 1245597304069685308 isBefore:false isAfter:false
[2026-04-01 12:18:39.631] [info]  [ChannelMessages] loadComplete: resetting state for channelId=1245597304069685308, sending.length=0
[2026-04-01 12:18:39.737] [error] ResizeObserver loop completed with undelivered notifications.
[2026-04-01 12:18:39.779] [error] ResizeObserver loop completed with undelivered notifications.
[2026-04-01 12:18:46.353] [warn]  The resource https://discordapp.com/assets/189422196a4f8b53.woff2 was preloaded using link preload but not used within a few seconds from the window's load event. Please make sure it has an appropriate `as` value and it is preloaded intentionally.
[2026-04-01 12:18:46.354] [warn]  The resource https://discordapp.com/assets/dd24010f3cf7def7.woff2 was preloaded using link preload but not used within a few seconds from the window's load event. Please make sure it has an appropriate `as` value and it is preloaded intentionally.
[2026-04-01 12:18:46.354] [warn]  The resource https://discordapp.com/assets/7a6a566c2e88a35d.woff2 was preloaded using link preload but not used within a few seconds from the window's load event. Please make sure it has an appropriate `as` value and it is preloaded intentionally.
[2026-04-01 12:18:46.355] [warn]  The resource https://discordapp.com/assets/e52f0cba712e2fb4.woff2 was preloaded using link preload but not used within a few seconds from the window's load event. Please make sure it has an appropriate `as` value and it is preloaded intentionally.
[2026-04-01 12:18:46.355] [warn]  The resource https://discordapp.com/assets/ce3b8055f5114434.woff2 was preloaded using link preload but not used within a few seconds from the window's load event. Please make sure it has an appropriate `as` value and it is preloaded intentionally.
[2026-04-01 12:18:46.356] [warn]  The resource https://discordapp.com/assets/cb2006dbced0e246.woff2 was preloaded using link preload but not used within a few seconds from the window's load event. Please make sure it has an appropriate `as` value and it is preloaded intentionally.
[2026-04-01 12:20:30.860] [warn]  The resource https://discordapp.com/assets/189422196a4f8b53.woff2 was preloaded using link preload but not used within a few seconds from the window's load event. Please make sure it has an appropriate `as` value and it is preloaded intentionally.
[2026-04-01 12:20:30.861] [warn]  The resource https://discordapp.com/assets/dd24010f3cf7def7.woff2 was preloaded using link preload but not used within a few seconds from the window's load event. Please make sure it has an appropriate `as` value and it is preloaded intentionally.
[2026-04-01 12:20:30.862] [warn]  The resource https://discordapp.com/assets/7a6a566c2e88a35d.woff2 was preloaded using link preload but not used within a few seconds from the window's load event. Please make sure it has an appropriate `as` value and it is preloaded intentionally.
[2026-04-01 12:20:30.862] [warn]  The resource https://discordapp.com/assets/e52f0cba712e2fb4.woff2 was preloaded using link preload but not used within a few seconds from the window's load event. Please make sure it has an appropriate `as` value and it is preloaded intentionally.
[2026-04-01 12:20:30.863] [warn]  The resource https://discordapp.com/assets/ce3b8055f5114434.woff2 was preloaded using link preload but not used within a few seconds from the window's load event. Please make sure it has an appropriate `as` value and it is preloaded intentionally.
[2026-04-01 12:20:30.863] [warn]  The resource https://discordapp.com/assets/cb2006dbced0e246.woff2 was preloaded using link preload but not used within a few seconds from the window's load event. Please make sure it has an appropriate `as` value and it is preloaded intentionally.
[2026-04-01 12:20:57.797] [info]  [WindowVisibilityVideoManager] Incoming video enabled changed, incomingVideoEnabled = false
[2026-04-01 12:22:22.149] [warn]  The resource https://discordapp.com/assets/189422196a4f8b53.woff2 was preloaded using link preload but not used within a few seconds from the window's load event. Please make sure it has an appropriate `as` value and it is preloaded intentionally.
[2026-04-01 12:22:22.150] [warn]  The resource https://discordapp.com/assets/dd24010f3cf7def7.woff2 was preloaded using link preload but not used within a few seconds from the window's load event. Please make sure it has an appropriate `as` value and it is preloaded intentionally.
[2026-04-01 12:22:22.151] [warn]  The resource https://discordapp.com/assets/7a6a566c2e88a35d.woff2 was preloaded using link preload but not used within a few seconds from the window's load event. Please make sure it has an appropriate `as` value and it is preloaded intentionally.
[2026-04-01 12:22:22.151] [warn]  The resource https://discordapp.com/assets/e52f0cba712e2fb4.woff2 was preloaded using link preload but not used within a few seconds from the window's load event. Please make sure it has an appropriate `as` value and it is preloaded intentionally.
[2026-04-01 12:22:22.152] [warn]  The resource https://discordapp.com/assets/ce3b8055f5114434.woff2 was preloaded using link preload but not used within a few seconds from the window's load event. Please make sure it has an appropriate `as` value and it is preloaded intentionally.
[2026-04-01 12:22:22.152] [warn]  The resource https://discordapp.com/assets/cb2006dbced0e246.woff2 was preloaded using link preload but not used within a few seconds from the window's load event. Please make sure it has an appropriate `as` value and it is preloaded intentionally.
[2026-04-01 12:27:22.140] [warn]  The resource https://discordapp.com/assets/189422196a4f8b53.woff2 was preloaded using link preload but not used within a few seconds from the window's load event. Please make sure it has an appropriate `as` value and it is preloaded intentionally.
[2026-04-01 12:27:22.141] [warn]  The resource https://discordapp.com/assets/dd24010f3cf7def7.woff2 was preloaded using link preload but not used within a few seconds from the window's load event. Please make sure it has an appropriate `as` value and it is preloaded intentionally.
[2026-04-01 12:27:22.142] [warn]  The resource https://discordapp.com/assets/7a6a566c2e88a35d.woff2 was preloaded using link preload but not used within a few seconds from the window's load event. Please make sure it has an appropriate `as` value and it is preloaded intentionally.
[2026-04-01 12:27:22.142] [warn]  The resource https://discordapp.com/assets/e52f0cba712e2fb4.woff2 was preloaded using link preload but not used within a few seconds from the window's load event. Please make sure it has an appropriate `as` value and it is preloaded intentionally.
[2026-04-01 12:27:22.143] [warn]  The resource https://discordapp.com/assets/ce3b8055f5114434.woff2 was preloaded using link preload but not used within a few seconds from the window's load event. Please make sure it has an appropriate `as` value and it is preloaded intentionally.
[2026-04-01 12:27:22.143] [warn]  The resource https://discordapp.com/assets/cb2006dbced0e246.woff2 was preloaded using link preload but not used within a few seconds from the window's load event. Please make sure it has an appropriate `as` value and it is preloaded intentionally.
[2026-04-01 12:29:54.365] [warn]  The resource https://discordapp.com/assets/189422196a4f8b53.woff2 was preloaded using link preload but not used within a few seconds from the window's load event. Please make sure it has an appropriate `as` value and it is preloaded intentionally.
[2026-04-01 12:29:54.365] [warn]  The resource https://discordapp.com/assets/dd24010f3cf7def7.woff2 was preloaded using link preload but not used within a few seconds from the window's load event. Please make sure it has an appropriate `as` value and it is preloaded intentionally.
[2026-04-01 12:29:54.366] [warn]  The resource https://discordapp.com/assets/7a6a566c2e88a35d.woff2 was preloaded using link preload but not used within a few seconds from the window's load event. Please make sure it has an appropriate `as` value and it is preloaded intentionally.
[2026-04-01 12:29:54.366] [warn]  The resource https://discordapp.com/assets/e52f0cba712e2fb4.woff2 was preloaded using link preload but not used within a few seconds from the window's load event. Please make sure it has an appropriate `as` value and it is preloaded intentionally.
[2026-04-01 12:29:54.367] [warn]  The resource https://discordapp.com/assets/ce3b8055f5114434.woff2 was preloaded using link preload but not used within a few seconds from the window's load event. Please make sure it has an appropriate `as` value and it is preloaded intentionally.
[2026-04-01 12:29:54.367] [warn]  The resource https://discordapp.com/assets/cb2006dbced0e246.woff2 was preloaded using link preload but not used within a few seconds from the window's load event. Please make sure it has an appropriate `as` value and it is preloaded intentionally.
[2026-04-01 12:32:22.119] [warn]  The resource https://discordapp.com/assets/189422196a4f8b53.woff2 was preloaded using link preload but not used within a few seconds from the window's load event. Please make sure it has an appropriate `as` value and it is preloaded intentionally.
[2026-04-01 12:32:22.120] [warn]  The resource https://discordapp.com/assets/dd24010f3cf7def7.woff2 was preloaded using link preload but not used within a few seconds from the window's load event. Please make sure it has an appropriate `as` value and it is preloaded intentionally.
[2026-04-01 12:32:22.121] [warn]  The resource https://discordapp.com/assets/7a6a566c2e88a35d.woff2 was preloaded using link preload but not used within a few seconds from the window's load event. Please make sure it has an appropriate `as` value and it is preloaded intentionally.
[2026-04-01 12:32:22.121] [warn]  The resource https://discordapp.com/assets/e52f0cba712e2fb4.woff2 was preloaded using link preload but not used within a few seconds from the window's load event. Please make sure it has an appropriate `as` value and it is preloaded intentionally.
[2026-04-01 12:32:22.122] [warn]  The resource https://discordapp.com/assets/ce3b8055f5114434.woff2 was preloaded using link preload but not used within a few seconds from the window's load event. Please make sure it has an appropriate `as` value and it is preloaded intentionally.
[2026-04-01 12:32:22.122] [warn]  The resource https://discordapp.com/assets/cb2006dbced0e246.woff2 was preloaded using link preload but not used within a few seconds from the window's load event. Please make sure it has an appropriate `as` value and it is preloaded intentionally.
[2026-04-01 12:32:33.819] [warn]  The resource https://discordapp.com/assets/189422196a4f8b53.woff2 was preloaded using link preload but not used within a few seconds from the window's load event. Please make sure it has an appropriate `as` value and it is preloaded intentionally.
[2026-04-01 12:32:33.820] [warn]  The resource https://discordapp.com/assets/dd24010f3cf7def7.woff2 was preloaded using link preload but not used within a few seconds from the window's load event. Please make sure it has an appropriate `as` value and it is preloaded intentionally.
[2026-04-01 12:32:33.821] [warn]  The resource https://discordapp.com/assets/7a6a566c2e88a35d.woff2 was preloaded using link preload but not used within a few seconds from the window's load event. Please make sure it has an appropriate `as` value and it is preloaded intentionally.
[2026-04-01 12:32:33.821] [warn]  The resource https://discordapp.com/assets/e52f0cba712e2fb4.woff2 was preloaded using link preload but not used within a few seconds from the window's load event. Please make sure it has an appropriate `as` value and it is preloaded intentionally.
[2026-04-01 12:32:33.822] [warn]  The resource https://discordapp.com/assets/ce3b8055f5114434.woff2 was preloaded using link preload but not used within a few seconds from the window's load event. Please make sure it has an appropriate `as` value and it is preloaded intentionally.
[2026-04-01 12:32:33.822] [warn]  The resource https://discordapp.com/assets/cb2006dbced0e246.woff2 was preloaded using link preload but not used within a few seconds from the window's load event. Please make sure it has an appropriate `as` value and it is preloaded intentionally.
[2026-04-01 12:32:56.159] [warn]  The resource https://discordapp.com/assets/189422196a4f8b53.woff2 was preloaded using link preload but not used within a few seconds from the window's load event. Please make sure it has an appropriate `as` value and it is preloaded intentionally.
[2026-04-01 12:32:56.160] [warn]  The resource https://discordapp.com/assets/dd24010f3cf7def7.woff2 was preloaded using link preload but not used within a few seconds from the window's load event. Please make sure it has an appropriate `as` value and it is preloaded intentionally.
[2026-04-01 12:32:56.160] [warn]  The resource https://discordapp.com/assets/7a6a566c2e88a35d.woff2 was preloaded using link preload but not used within a few seconds from the window's load event. Please make sure it has an appropriate `as` value and it is preloaded intentionally.
[2026-04-01 12:32:56.161] [warn]  The resource https://discordapp.com/assets/e52f0cba712e2fb4.woff2 was preloaded using link preload but not used within a few seconds from the window's load event. Please make sure it has an appropriate `as` value and it is preloaded intentionally.
[2026-04-01 12:32:56.161] [warn]  The resource https://discordapp.com/assets/ce3b8055f5114434.woff2 was preloaded using link preload but not used within a few seconds from the window's load event. Please make sure it has an appropriate `as` value and it is preloaded intentionally.
[2026-04-01 12:32:56.162] [warn]  The resource https://discordapp.com/assets/cb2006dbced0e246.woff2 was preloaded using link preload but not used within a few seconds from the window's load event. Please make sure it has an appropriate `as` value and it is preloaded intentionally.
[2026-04-01 12:35:39.910] [warn]  The resource https://discordapp.com/assets/189422196a4f8b53.woff2 was preloaded using link preload but not used within a few seconds from the window's load event. Please make sure it has an appropriate `as` value and it is preloaded intentionally.
[2026-04-01 12:35:39.911] [warn]  The resource https://discordapp.com/assets/dd24010f3cf7def7.woff2 was preloaded using link preload but not used within a few seconds from the window's load event. Please make sure it has an appropriate `as` value and it is preloaded intentionally.
[2026-04-01 12:35:39.911] [warn]  The resource https://discordapp.com/assets/7a6a566c2e88a35d.woff2 was preloaded using link preload but not used within a few seconds from the window's load event. Please make sure it has an appropriate `as` value and it is preloaded intentionally.
[2026-04-01 12:35:39.912] [warn]  The resource https://discordapp.com/assets/e52f0cba712e2fb4.woff2 was preloaded using link preload but not used within a few seconds from the window's load event. Please make sure it has an appropriate `as` value and it is preloaded intentionally.
[2026-04-01 12:35:39.912] [warn]  The resource https://discordapp.com/assets/ce3b8055f5114434.woff2 was preloaded using link preload but not used within a few seconds from the window's load event. Please make sure it has an appropriate `as` value and it is preloaded intentionally.
[2026-04-01 12:35:39.912] [warn]  The resource https://discordapp.com/assets/cb2006dbced0e246.woff2 was preloaded using link preload but not used within a few seconds from the window's load event. Please make sure it has an appropriate `as` value and it is preloaded intentionally.
[2026-04-01 12:37:23.106] [warn]  The resource https://discordapp.com/assets/189422196a4f8b53.woff2 was preloaded using link preload but not used within a few seconds from the window's load event. Please make sure it has an appropriate `as` value and it is preloaded intentionally.
[2026-04-01 12:37:23.106] [warn]  The resource https://discordapp.com/assets/dd24010f3cf7def7.woff2 was preloaded using link preload but not used within a few seconds from the window's load event. Please make sure it has an appropriate `as` value and it is preloaded intentionally.
[2026-04-01 12:37:23.106] [warn]  The resource https://discordapp.com/assets/7a6a566c2e88a35d.woff2 was preloaded using link preload but not used within a few seconds from the window's load event. Please make sure it has an appropriate `as` value and it is preloaded intentionally.
[2026-04-01 12:37:23.106] [warn]  The resource https://discordapp.com/assets/e52f0cba712e2fb4.woff2 was preloaded using link preload but not used within a few seconds from the window's load event. Please make sure it has an appropriate `as` value and it is preloaded intentionally.
[2026-04-01 12:37:23.106] [warn]  The resource https://discordapp.com/assets/ce3b8055f5114434.woff2 was preloaded using link preload but not used within a few seconds from the window's load event. Please make sure it has an appropriate `as` value and it is preloaded intentionally.
[2026-04-01 12:37:23.106] [warn]  The resource https://discordapp.com/assets/cb2006dbced0e246.woff2 was preloaded using link preload but not used within a few seconds from the window's load event. Please make sure it has an appropriate `as` value and it is preloaded intentionally.
[2026-04-01 12:42:22.147] [warn]  The resource https://discordapp.com/assets/189422196a4f8b53.woff2 was preloaded using link preload but not used within a few seconds from the window's load event. Please make sure it has an appropriate `as` value and it is preloaded intentionally.
[2026-04-01 12:42:22.148] [warn]  The resource https://discordapp.com/assets/dd24010f3cf7def7.woff2 was preloaded using link preload but not used within a few seconds from the window's load event. Please make sure it has an appropriate `as` value and it is preloaded intentionally.
[2026-04-01 12:42:22.148] [warn]  The resource https://discordapp.com/assets/7a6a566c2e88a35d.woff2 was preloaded using link preload but not used within a few seconds from the window's load event. Please make sure it has an appropriate `as` value and it is preloaded intentionally.
[2026-04-01 12:42:22.149] [warn]  The resource https://discordapp.com/assets/e52f0cba712e2fb4.woff2 was preloaded using link preload but not used within a few seconds from the window's load event. Please make sure it has an appropriate `as` value and it is preloaded intentionally.
[2026-04-01 12:42:22.149] [warn]  The resource https://discordapp.com/assets/ce3b8055f5114434.woff2 was preloaded using link preload but not used within a few seconds from the window's load event. Please make sure it has an appropriate `as` value and it is preloaded intentionally.
[2026-04-01 12:42:22.150] [warn]  The resource https://discordapp.com/assets/cb2006dbced0e246.woff2 was preloaded using link preload but not used within a few seconds from the window's load event. Please make sure it has an appropriate `as` value and it is preloaded intentionally.
[2026-04-01 12:47:22.103] [warn]  The resource https://discordapp.com/assets/189422196a4f8b53.woff2 was preloaded using link preload but not used within a few seconds from the window's load event. Please make sure it has an appropriate `as` value and it is preloaded intentionally.
[2026-04-01 12:47:22.104] [warn]  The resource https://discordapp.com/assets/dd24010f3cf7def7.woff2 was preloaded using link preload but not used within a few seconds from the window's load event. Please make sure it has an appropriate `as` value and it is preloaded intentionally.
[2026-04-01 12:47:22.104] [warn]  The resource https://discordapp.com/assets/7a6a566c2e88a35d.woff2 was preloaded using link preload but not used within a few seconds from the window's load event. Please make sure it has an appropriate `as` value and it is preloaded intentionally.
[2026-04-01 12:47:22.105] [warn]  The resource https://discordapp.com/assets/e52f0cba712e2fb4.woff2 was preloaded using link preload but not used within a few seconds from the window's load event. Please make sure it has an appropriate `as` value and it is preloaded intentionally.
[2026-04-01 12:47:22.105] [warn]  The resource https://discordapp.com/assets/ce3b8055f5114434.woff2 was preloaded using link preload but not used within a few seconds from the window's load event. Please make sure it has an appropriate `as` value and it is preloaded intentionally.
[2026-04-01 12:47:22.106] [warn]  The resource https://discordapp.com/assets/cb2006dbced0e246.woff2 was preloaded using link preload but not used within a few seconds from the window's load event. Please make sure it has an appropriate `as` value and it is preloaded intentionally.
[2026-04-01 12:52:24.116] [warn]  The resource https://discordapp.com/assets/189422196a4f8b53.woff2 was preloaded using link preload but not used within a few seconds from the window's load event. Please make sure it has an appropriate `as` value and it is preloaded intentionally.
[2026-04-01 12:52:24.117] [warn]  The resource https://discordapp.com/assets/dd24010f3cf7def7.woff2 was preloaded using link preload but not used within a few seconds from the window's load event. Please make sure it has an appropriate `as` value and it is preloaded intentionally.
[2026-04-01 12:52:24.118] [warn]  The resource https://discordapp.com/assets/7a6a566c2e88a35d.woff2 was preloaded using link preload but not used within a few seconds from the window's load event. Please make sure it has an appropriate `as` value and it is preloaded intentionally.
[2026-04-01 12:52:24.118] [warn]  The resource https://discordapp.com/assets/e52f0cba712e2fb4.woff2 was preloaded using link preload but not used within a few seconds from the window's load event. Please make sure it has an appropriate `as` value and it is preloaded intentionally.
[2026-04-01 12:52:24.119] [warn]  The resource https://discordapp.com/assets/ce3b8055f5114434.woff2 was preloaded using link preload but not used within a few seconds from the window's load event. Please make sure it has an appropriate `as` value and it is preloaded intentionally.
[2026-04-01 12:52:24.119] [warn]  The resource https://discordapp.com/assets/cb2006dbced0e246.woff2 was preloaded using link preload but not used within a few seconds from the window's load event. Please make sure it has an appropriate `as` value and it is preloaded intentionally.
[2026-04-01 12:55:50.368] [warn]  The resource https://discordapp.com/assets/189422196a4f8b53.woff2 was preloaded using link preload but not used within a few seconds from the window's load event. Please make sure it has an appropriate `as` value and it is preloaded intentionally.
[2026-04-01 12:55:50.369] [warn]  The resource https://discordapp.com/assets/dd24010f3cf7def7.woff2 was preloaded using link preload but not used within a few seconds from the window's load event. Please make sure it has an appropriate `as` value and it is preloaded intentionally.
[2026-04-01 12:55:50.369] [warn]  The resource https://discordapp.com/assets/7a6a566c2e88a35d.woff2 was preloaded using link preload but not used within a few seconds from the window's load event. Please make sure it has an appropriate `as` value and it is preloaded intentionally.
[2026-04-01 12:55:50.369] [warn]  The resource https://discordapp.com/assets/e52f0cba712e2fb4.woff2 was preloaded using link preload but not used within a few seconds from the window's load event. Please make sure it has an appropriate `as` value and it is preloaded intentionally.
[2026-04-01 12:55:50.369] [warn]  The resource https://discordapp.com/assets/ce3b8055f5114434.woff2 was preloaded using link preload but not used within a few seconds from the window's load event. Please make sure it has an appropriate `as` value and it is preloaded intentionally.
[2026-04-01 12:55:50.370] [warn]  The resource https://discordapp.com/assets/cb2006dbced0e246.woff2 was preloaded using link preload but not used within a few seconds from the window's load event. Please make sure it has an appropriate `as` value and it is preloaded intentionally.
[2026-04-01 12:57:02.372] [warn]  The resource https://discordapp.com/assets/189422196a4f8b53.woff2 was preloaded using link preload but not used within a few seconds from the window's load event. Please make sure it has an appropriate `as` value and it is preloaded intentionally.
[2026-04-01 12:57:02.373] [warn]  The resource https://discordapp.com/assets/dd24010f3cf7def7.woff2 was preloaded using link preload but not used within a few seconds from the window's load event. Please make sure it has an appropriate `as` value and it is preloaded intentionally.
[2026-04-01 12:57:02.373] [warn]  The resource https://discordapp.com/assets/7a6a566c2e88a35d.woff2 was preloaded using link preload but not used within a few seconds from the window's load event. Please make sure it has an appropriate `as` value and it is preloaded intentionally.
[2026-04-01 12:57:02.374] [warn]  The resource https://discordapp.com/assets/e52f0cba712e2fb4.woff2 was preloaded using link preload but not used within a few seconds from the window's load event. Please make sure it has an appropriate `as` value and it is preloaded intentionally.
[2026-04-01 12:57:02.374] [warn]  The resource https://discordapp.com/assets/ce3b8055f5114434.woff2 was preloaded using link preload but not used within a few seconds from the window's load event. Please make sure it has an appropriate `as` value and it is preloaded intentionally.
[2026-04-01 12:57:02.374] [warn]  The resource https://discordapp.com/assets/cb2006dbced0e246.woff2 was preloaded using link preload but not used within a few seconds from the window's load event. Please make sure it has an appropriate `as` value and it is preloaded intentionally.
[2026-04-01 12:57:05.793] [warn]  The resource https://discordapp.com/assets/189422196a4f8b53.woff2 was preloaded using link preload but not used within a few seconds from the window's load event. Please make sure it has an appropriate `as` value and it is preloaded intentionally.
[2026-04-01 12:57:05.793] [warn]  The resource https://discordapp.com/assets/dd24010f3cf7def7.woff2 was preloaded using link preload but not used within a few seconds from the window's load event. Please make sure it has an appropriate `as` value and it is preloaded intentionally.
[2026-04-01 12:57:05.794] [warn]  The resource https://discordapp.com/assets/7a6a566c2e88a35d.woff2 was preloaded using link preload but not used within a few seconds from the window's load event. Please make sure it has an appropriate `as` value and it is preloaded intentionally.
[2026-04-01 12:57:05.794] [warn]  The resource https://discordapp.com/assets/e52f0cba712e2fb4.woff2 was preloaded using link preload but not used within a few seconds from the window's load event. Please make sure it has an appropriate `as` value and it is preloaded intentionally.
[2026-04-01 12:57:05.794] [warn]  The resource https://discordapp.com/assets/ce3b8055f5114434.woff2 was preloaded using link preload but not used within a few seconds from the window's load event. Please make sure it has an appropriate `as` value and it is preloaded intentionally.
[2026-04-01 12:57:05.795] [warn]  The resource https://discordapp.com/assets/cb2006dbced0e246.woff2 was preloaded using link preload but not used within a few seconds from the window's load event. Please make sure it has an appropriate `as` value and it is preloaded intentionally.
[2026-04-01 12:57:21.241] [warn]  The resource https://discordapp.com/assets/189422196a4f8b53.woff2 was preloaded using link preload but not used within a few seconds from the window's load event. Please make sure it has an appropriate `as` value and it is preloaded intentionally.
[2026-04-01 12:57:21.242] [warn]  The resource https://discordapp.com/assets/dd24010f3cf7def7.woff2 was preloaded using link preload but not used within a few seconds from the window's load event. Please make sure it has an appropriate `as` value and it is preloaded intentionally.
[2026-04-01 12:57:21.242] [warn]  The resource https://discordapp.com/assets/7a6a566c2e88a35d.woff2 was preloaded using link preload but not used within a few seconds from the window's load event. Please make sure it has an appropriate `as` value and it is preloaded intentionally.
[2026-04-01 12:57:21.243] [warn]  The resource https://discordapp.com/assets/e52f0cba712e2fb4.woff2 was preloaded using link preload but not used within a few seconds from the window's load event. Please make sure it has an appropriate `as` value and it is preloaded intentionally.
[2026-04-01 12:57:21.243] [warn]  The resource https://discordapp.com/assets/ce3b8055f5114434.woff2 was preloaded using link preload but not used within a few seconds from the window's load event. Please make sure it has an appropriate `as` value and it is preloaded intentionally.
[2026-04-01 12:57:21.243] [warn]  The resource https://discordapp.com/assets/cb2006dbced0e246.woff2 was preloaded using link preload but not used within a few seconds from the window's load event. Please make sure it has an appropriate `as` value and it is preloaded intentionally.
[2026-04-01 13:02:22.108] [warn]  The resource https://discordapp.com/assets/189422196a4f8b53.woff2 was preloaded using link preload but not used within a few seconds from the window's load event. Please make sure it has an appropriate `as` value and it is preloaded intentionally.
[2026-04-01 13:02:22.108] [warn]  The resource https://discordapp.com/assets/dd24010f3cf7def7.woff2 was preloaded using link preload but not used within a few seconds from the window's load event. Please make sure it has an appropriate `as` value and it is preloaded intentionally.
[2026-04-01 13:02:22.109] [warn]  The resource https://discordapp.com/assets/7a6a566c2e88a35d.woff2 was preloaded using link preload but not used within a few seconds from the window's load event. Please make sure it has an appropriate `as` value and it is preloaded intentionally.
[2026-04-01 13:02:22.109] [warn]  The resource https://discordapp.com/assets/e52f0cba712e2fb4.woff2 was preloaded using link preload but not used within a few seconds from the window's load event. Please make sure it has an appropriate `as` value and it is preloaded intentionally.
[2026-04-01 13:02:22.109] [warn]  The resource https://discordapp.com/assets/ce3b8055f5114434.woff2 was preloaded using link preload but not used within a few seconds from the window's load event. Please make sure it has an appropriate `as` value and it is preloaded intentionally.
[2026-04-01 13:02:22.109] [warn]  The resource https://discordapp.com/assets/cb2006dbced0e246.woff2 was preloaded using link preload but not used within a few seconds from the window's load event. Please make sure it has an appropriate `as` value and it is preloaded intentionally.
[2026-04-01 13:07:22.116] [warn]  The resource https://discordapp.com/assets/189422196a4f8b53.woff2 was preloaded using link preload but not used within a few seconds from the window's load event. Please make sure it has an appropriate `as` value and it is preloaded intentionally.
[2026-04-01 13:07:22.116] [warn]  The resource https://discordapp.com/assets/dd24010f3cf7def7.woff2 was preloaded using link preload but not used within a few seconds from the window's load event. Please make sure it has an appropriate `as` value and it is preloaded intentionally.
[2026-04-01 13:07:22.117] [warn]  The resource https://discordapp.com/assets/7a6a566c2e88a35d.woff2 was preloaded using link preload but not used within a few seconds from the window's load event. Please make sure it has an appropriate `as` value and it is preloaded intentionally.
[2026-04-01 13:07:22.117] [warn]  The resource https://discordapp.com/assets/e52f0cba712e2fb4.woff2 was preloaded using link preload but not used within a few seconds from the window's load event. Please make sure it has an appropriate `as` value and it is preloaded intentionally.
[2026-04-01 13:07:22.118] [warn]  The resource https://discordapp.com/assets/ce3b8055f5114434.woff2 was preloaded using link preload but not used within a few seconds from the window's load event. Please make sure it has an appropriate `as` value and it is preloaded intentionally.
[2026-04-01 13:07:22.118] [warn]  The resource https://discordapp.com/assets/cb2006dbced0e246.woff2 was preloaded using link preload but not used within a few seconds from the window's load event. Please make sure it has an appropriate `as` value and it is preloaded intentionally.
[2026-04-01 13:07:25.139] [warn]  The resource https://discordapp.com/assets/189422196a4f8b53.woff2 was preloaded using link preload but not used within a few seconds from the window's load event. Please make sure it has an appropriate `as` value and it is preloaded intentionally.
[2026-04-01 13:07:25.140] [warn]  The resource https://discordapp.com/assets/dd24010f3cf7def7.woff2 was preloaded using link preload but not used within a few seconds from the window's load event. Please make sure it has an appropriate `as` value and it is preloaded intentionally.
[2026-04-01 13:07:25.140] [warn]  The resource https://discordapp.com/assets/7a6a566c2e88a35d.woff2 was preloaded using link preload but not used within a few seconds from the window's load event. Please make sure it has an appropriate `as` value and it is preloaded intentionally.
[2026-04-01 13:07:25.140] [warn]  The resource https://discordapp.com/assets/e52f0cba712e2fb4.woff2 was preloaded using link preload but not used within a few seconds from the window's load event. Please make sure it has an appropriate `as` value and it is preloaded intentionally.
[2026-04-01 13:07:25.141] [warn]  The resource https://discordapp.com/assets/ce3b8055f5114434.woff2 was preloaded using link preload but not used within a few seconds from the window's load event. Please make sure it has an appropriate `as` value and it is preloaded intentionally.
[2026-04-01 13:07:25.141] [warn]  The resource https://discordapp.com/assets/cb2006dbced0e246.woff2 was preloaded using link preload but not used within a few seconds from the window's load event. Please make sure it has an appropriate `as` value and it is preloaded intentionally.
[2026-04-01 13:12:22.145] [warn]  The resource https://discordapp.com/assets/189422196a4f8b53.woff2 was preloaded using link preload but not used within a few seconds from the window's load event. Please make sure it has an appropriate `as` value and it is preloaded intentionally.
[2026-04-01 13:12:22.145] [warn]  The resource https://discordapp.com/assets/dd24010f3cf7def7.woff2 was preloaded using link preload but not used within a few seconds from the window's load event. Please make sure it has an appropriate `as` value and it is preloaded intentionally.
[2026-04-01 13:12:22.146] [warn]  The resource https://discordapp.com/assets/7a6a566c2e88a35d.woff2 was preloaded using link preload but not used within a few seconds from the window's load event. Please make sure it has an appropriate `as` value and it is preloaded intentionally.
[2026-04-01 13:12:22.146] [warn]  The resource https://discordapp.com/assets/e52f0cba712e2fb4.woff2 was preloaded using link preload but not used within a few seconds from the window's load event. Please make sure it has an appropriate `as` value and it is preloaded intentionally.
[2026-04-01 13:12:22.146] [warn]  The resource https://discordapp.com/assets/ce3b8055f5114434.woff2 was preloaded using link preload but not used within a few seconds from the window's load event. Please make sure it has an appropriate `as` value and it is preloaded intentionally.
[2026-04-01 13:12:22.146] [warn]  The resource https://discordapp.com/assets/cb2006dbced0e246.woff2 was preloaded using link preload but not used within a few seconds from the window's load event. Please make sure it has an appropriate `as` value and it is preloaded intentionally.
[2026-04-01 13:17:22.123] [warn]  The resource https://discordapp.com/assets/189422196a4f8b53.woff2 was preloaded using link preload but not used within a few seconds from the window's load event. Please make sure it has an appropriate `as` value and it is preloaded intentionally.
[2026-04-01 13:17:22.123] [warn]  The resource https://discordapp.com/assets/dd24010f3cf7def7.woff2 was preloaded using link preload but not used within a few seconds from the window's load event. Please make sure it has an appropriate `as` value and it is preloaded intentionally.
[2026-04-01 13:17:22.124] [warn]  The resource https://discordapp.com/assets/7a6a566c2e88a35d.woff2 was preloaded using link preload but not used within a few seconds from the window's load event. Please make sure it has an appropriate `as` value and it is preloaded intentionally.
[2026-04-01 13:17:22.124] [warn]  The resource https://discordapp.com/assets/e52f0cba712e2fb4.woff2 was preloaded using link preload but not used within a few seconds from the window's load event. Please make sure it has an appropriate `as` value and it is preloaded intentionally.
[2026-04-01 13:17:22.124] [warn]  The resource https://discordapp.com/assets/ce3b8055f5114434.woff2 was preloaded using link preload but not used within a few seconds from the window's load event. Please make sure it has an appropriate `as` value and it is preloaded intentionally.
[2026-04-01 13:17:22.125] [warn]  The resource https://discordapp.com/assets/cb2006dbced0e246.woff2 was preloaded using link preload but not used within a few seconds from the window's load event. Please make sure it has an appropriate `as` value and it is preloaded intentionally.
[2026-04-01 13:19:09.320] [warn]  The resource https://discordapp.com/assets/189422196a4f8b53.woff2 was preloaded using link preload but not used within a few seconds from the window's load event. Please make sure it has an appropriate `as` value and it is preloaded intentionally.
[2026-04-01 13:19:09.321] [warn]  The resource https://discordapp.com/assets/dd24010f3cf7def7.woff2 was preloaded using link preload but not used within a few seconds from the window's load event. Please make sure it has an appropriate `as` value and it is preloaded intentionally.
[2026-04-01 13:19:09.322] [warn]  The resource https://discordapp.com/assets/7a6a566c2e88a35d.woff2 was preloaded using link preload but not used within a few seconds from the window's load event. Please make sure it has an appropriate `as` value and it is preloaded intentionally.
[2026-04-01 13:19:09.322] [warn]  The resource https://discordapp.com/assets/e52f0cba712e2fb4.woff2 was preloaded using link preload but not used within a few seconds from the window's load event. Please make sure it has an appropriate `as` value and it is preloaded intentionally.
[2026-04-01 13:19:09.323] [warn]  The resource https://discordapp.com/assets/ce3b8055f5114434.woff2 was preloaded using link preload but not used within a few seconds from the window's load event. Please make sure it has an appropriate `as` value and it is preloaded intentionally.
[2026-04-01 13:19:09.323] [warn]  The resource https://discordapp.com/assets/cb2006dbced0e246.woff2 was preloaded using link preload but not used within a few seconds from the window's load event. Please make sure it has an appropriate `as` value and it is preloaded intentionally.
[2026-04-01 13:19:25.603] [warn]  The resource https://discordapp.com/assets/189422196a4f8b53.woff2 was preloaded using link preload but not used within a few seconds from the window's load event. Please make sure it has an appropriate `as` value and it is preloaded intentionally.
[2026-04-01 13:19:25.604] [warn]  The resource https://discordapp.com/assets/dd24010f3cf7def7.woff2 was preloaded using link preload but not used within a few seconds from the window's load event. Please make sure it has an appropriate `as` value and it is preloaded intentionally.
[2026-04-01 13:19:25.604] [warn]  The resource https://discordapp.com/assets/7a6a566c2e88a35d.woff2 was preloaded using link preload but not used within a few seconds from the window's load event. Please make sure it has an appropriate `as` value and it is preloaded intentionally.
[2026-04-01 13:19:25.605] [warn]  The resource https://discordapp.com/assets/e52f0cba712e2fb4.woff2 was preloaded using link preload but not used within a few seconds from the window's load event. Please make sure it has an appropriate `as` value and it is preloaded intentionally.
[2026-04-01 13:19:25.605] [warn]  The resource https://discordapp.com/assets/ce3b8055f5114434.woff2 was preloaded using link preload but not used within a few seconds from the window's load event. Please make sure it has an appropriate `as` value and it is preloaded intentionally.
[2026-04-01 13:19:25.605] [warn]  The resource https://discordapp.com/assets/cb2006dbced0e246.woff2 was preloaded using link preload but not used within a few seconds from the window's load event. Please make sure it has an appropriate `as` value and it is preloaded intentionally.
[2026-04-01 13:22:25.098] [warn]  The resource https://discordapp.com/assets/189422196a4f8b53.woff2 was preloaded using link preload but not used within a few seconds from the window's load event. Please make sure it has an appropriate `as` value and it is preloaded intentionally.
[2026-04-01 13:22:25.099] [warn]  The resource https://discordapp.com/assets/dd24010f3cf7def7.woff2 was preloaded using link preload but not used within a few seconds from the window's load event. Please make sure it has an appropriate `as` value and it is preloaded intentionally.
[2026-04-01 13:22:25.100] [warn]  The resource https://discordapp.com/assets/7a6a566c2e88a35d.woff2 was preloaded using link preload but not used within a few seconds from the window's load event. Please make sure it has an appropriate `as` value and it is preloaded intentionally.
[2026-04-01 13:22:25.100] [warn]  The resource https://discordapp.com/assets/e52f0cba712e2fb4.woff2 was preloaded using link preload but not used within a few seconds from the window's load event. Please make sure it has an appropriate `as` value and it is preloaded intentionally.
[2026-04-01 13:22:25.100] [warn]  The resource https://discordapp.com/assets/ce3b8055f5114434.woff2 was preloaded using link preload but not used within a few seconds from the window's load event. Please make sure it has an appropriate `as` value and it is preloaded intentionally.
[2026-04-01 13:22:25.101] [warn]  The resource https://discordapp.com/assets/cb2006dbced0e246.woff2 was preloaded using link preload but not used within a few seconds from the window's load event. Please make sure it has an appropriate `as` value and it is preloaded intentionally.
[2026-04-01 13:22:49.352] [warn]  The resource https://discordapp.com/assets/189422196a4f8b53.woff2 was preloaded using link preload but not used within a few seconds from the window's load event. Please make sure it has an appropriate `as` value and it is preloaded intentionally.
[2026-04-01 13:22:49.353] [warn]  The resource https://discordapp.com/assets/dd24010f3cf7def7.woff2 was preloaded using link preload but not used within a few seconds from the window's load event. Please make sure it has an appropriate `as` value and it is preloaded intentionally.
[2026-04-01 13:22:49.353] [warn]  The resource https://discordapp.com/assets/7a6a566c2e88a35d.woff2 was preloaded using link preload but not used within a few seconds from the window's load event. Please make sure it has an appropriate `as` value and it is preloaded intentionally.
[2026-04-01 13:22:49.354] [warn]  The resource https://discordapp.com/assets/e52f0cba712e2fb4.woff2 was preloaded using link preload but not used within a few seconds from the window's load event. Please make sure it has an appropriate `as` value and it is preloaded intentionally.
[2026-04-01 13:22:49.354] [warn]  The resource https://discordapp.com/assets/ce3b8055f5114434.woff2 was preloaded using link preload but not used within a few seconds from the window's load event. Please make sure it has an appropriate `as` value and it is preloaded intentionally.
[2026-04-01 13:22:49.355] [warn]  The resource https://discordapp.com/assets/cb2006dbced0e246.woff2 was preloaded using link preload but not used within a few seconds from the window's load event. Please make sure it has an appropriate `as` value and it is preloaded intentionally.
[2026-04-01 13:23:11.796] [warn]  The resource https://discordapp.com/assets/189422196a4f8b53.woff2 was preloaded using link preload but not used within a few seconds from the window's load event. Please make sure it has an appropriate `as` value and it is preloaded intentionally.
[2026-04-01 13:23:11.797] [warn]  The resource https://discordapp.com/assets/dd24010f3cf7def7.woff2 was preloaded using link preload but not used within a few seconds from the window's load event. Please make sure it has an appropriate `as` value and it is preloaded intentionally.
[2026-04-01 13:23:11.797] [warn]  The resource https://discordapp.com/assets/7a6a566c2e88a35d.woff2 was preloaded using link preload but not used within a few seconds from the window's load event. Please make sure it has an appropriate `as` value and it is preloaded intentionally.
[2026-04-01 13:23:11.797] [warn]  The resource https://discordapp.com/assets/e52f0cba712e2fb4.woff2 was preloaded using link preload but not used within a few seconds from the window's load event. Please make sure it has an appropriate `as` value and it is preloaded intentionally.
[2026-04-01 13:23:11.797] [warn]  The resource https://discordapp.com/assets/ce3b8055f5114434.woff2 was preloaded using link preload but not used within a few seconds from the window's load event. Please make sure it has an appropriate `as` value and it is preloaded intentionally.
[2026-04-01 13:23:11.797] [warn]  The resource https://discordapp.com/assets/cb2006dbced0e246.woff2 was preloaded using link preload but not used within a few seconds from the window's load event. Please make sure it has an appropriate `as` value and it is preloaded intentionally.
[2026-04-01 13:23:34.040] [warn]  The resource https://discordapp.com/assets/189422196a4f8b53.woff2 was preloaded using link preload but not used within a few seconds from the window's load event. Please make sure it has an appropriate `as` value and it is preloaded intentionally.
[2026-04-01 13:23:34.040] [warn]  The resource https://discordapp.com/assets/dd24010f3cf7def7.woff2 was preloaded using link preload but not used within a few seconds from the window's load event. Please make sure it has an appropriate `as` value and it is preloaded intentionally.
[2026-04-01 13:23:34.041] [warn]  The resource https://discordapp.com/assets/7a6a566c2e88a35d.woff2 was preloaded using link preload but not used within a few seconds from the window's load event. Please make sure it has an appropriate `as` value and it is preloaded intentionally.
[2026-04-01 13:23:34.041] [warn]  The resource https://discordapp.com/assets/e52f0cba712e2fb4.woff2 was preloaded using link preload but not used within a few seconds from the window's load event. Please make sure it has an appropriate `as` value and it is preloaded intentionally.
[2026-04-01 13:23:34.042] [warn]  The resource https://discordapp.com/assets/ce3b8055f5114434.woff2 was preloaded using link preload but not used within a few seconds from the window's load event. Please make sure it has an appropriate `as` value and it is preloaded intentionally.
[2026-04-01 13:23:34.042] [warn]  The resource https://discordapp.com/assets/cb2006dbced0e246.woff2 was preloaded using link preload but not used within a few seconds from the window's load event. Please make sure it has an appropriate `as` value and it is preloaded intentionally.
[2026-04-01 13:24:25.188] [warn]  The resource https://discordapp.com/assets/189422196a4f8b53.woff2 was preloaded using link preload but not used within a few seconds from the window's load event. Please make sure it has an appropriate `as` value and it is preloaded intentionally.
[2026-04-01 13:24:25.188] [warn]  The resource https://discordapp.com/assets/dd24010f3cf7def7.woff2 was preloaded using link preload but not used within a few seconds from the window's load event. Please make sure it has an appropriate `as` value and it is preloaded intentionally.
[2026-04-01 13:24:25.188] [warn]  The resource https://discordapp.com/assets/7a6a566c2e88a35d.woff2 was preloaded using link preload but not used within a few seconds from the window's load event. Please make sure it has an appropriate `as` value and it is preloaded intentionally.
[2026-04-01 13:24:25.188] [warn]  The resource https://discordapp.com/assets/e52f0cba712e2fb4.woff2 was preloaded using link preload but not used within a few seconds from the window's load event. Please make sure it has an appropriate `as` value and it is preloaded intentionally.
[2026-04-01 13:24:25.188] [warn]  The resource https://discordapp.com/assets/ce3b8055f5114434.woff2 was preloaded using link preload but not used within a few seconds from the window's load event. Please make sure it has an appropriate `as` value and it is preloaded intentionally.
[2026-04-01 13:24:25.188] [warn]  The resource https://discordapp.com/assets/cb2006dbced0e246.woff2 was preloaded using link preload but not used within a few seconds from the window's load event. Please make sure it has an appropriate `as` value and it is preloaded intentionally.
[2026-04-01 13:24:34.794] [info]  [discord_protos.discord_users.v1.FrecencyUserSettings] Scheduling save from markDirty
[2026-04-01 13:24:34.796] [info]  [discord_protos.discord_users.v1.FrecencyUserSettings] Persisting proto
[2026-04-01 13:24:38.288] [warn]  The resource https://discordapp.com/assets/189422196a4f8b53.woff2 was preloaded using link preload but not used within a few seconds from the window's load event. Please make sure it has an appropriate `as` value and it is preloaded intentionally.
[2026-04-01 13:24:38.289] [warn]  The resource https://discordapp.com/assets/dd24010f3cf7def7.woff2 was preloaded using link preload but not used within a few seconds from the window's load event. Please make sure it has an appropriate `as` value and it is preloaded intentionally.
[2026-04-01 13:24:38.290] [warn]  The resource https://discordapp.com/assets/7a6a566c2e88a35d.woff2 was preloaded using link preload but not used within a few seconds from the window's load event. Please make sure it has an appropriate `as` value and it is preloaded intentionally.
[2026-04-01 13:24:38.290] [warn]  The resource https://discordapp.com/assets/e52f0cba712e2fb4.woff2 was preloaded using link preload but not used within a few seconds from the window's load event. Please make sure it has an appropriate `as` value and it is preloaded intentionally.
[2026-04-01 13:24:38.291] [warn]  The resource https://discordapp.com/assets/ce3b8055f5114434.woff2 was preloaded using link preload but not used within a few seconds from the window's load event. Please make sure it has an appropriate `as` value and it is preloaded intentionally.
[2026-04-01 13:24:38.291] [warn]  The resource https://discordapp.com/assets/cb2006dbced0e246.woff2 was preloaded using link preload but not used within a few seconds from the window's load event. Please make sure it has an appropriate `as` value and it is preloaded intentionally.
[2026-04-01 13:27:22.145] [warn]  The resource https://discordapp.com/assets/189422196a4f8b53.woff2 was preloaded using link preload but not used within a few seconds from the window's load event. Please make sure it has an appropriate `as` value and it is preloaded intentionally.
[2026-04-01 13:27:22.146] [warn]  The resource https://discordapp.com/assets/dd24010f3cf7def7.woff2 was preloaded using link preload but not used within a few seconds from the window's load event. Please make sure it has an appropriate `as` value and it is preloaded intentionally.
[2026-04-01 13:27:22.147] [warn]  The resource https://discordapp.com/assets/7a6a566c2e88a35d.woff2 was preloaded using link preload but not used within a few seconds from the window's load event. Please make sure it has an appropriate `as` value and it is preloaded intentionally.
[2026-04-01 13:27:22.147] [warn]  The resource https://discordapp.com/assets/e52f0cba712e2fb4.woff2 was preloaded using link preload but not used within a few seconds from the window's load event. Please make sure it has an appropriate `as` value and it is preloaded intentionally.
[2026-04-01 13:27:22.147] [warn]  The resource https://discordapp.com/assets/ce3b8055f5114434.woff2 was preloaded using link preload but not used within a few seconds from the window's load event. Please make sure it has an appropriate `as` value and it is preloaded intentionally.
[2026-04-01 13:27:22.148] [warn]  The resource https://discordapp.com/assets/cb2006dbced0e246.woff2 was preloaded using link preload but not used within a few seconds from the window's load event. Please make sure it has an appropriate `as` value and it is preloaded intentionally.
[2026-04-01 13:32:10.349] [warn]  The resource https://discordapp.com/assets/189422196a4f8b53.woff2 was preloaded using link preload but not used within a few seconds from the window's load event. Please make sure it has an appropriate `as` value and it is preloaded intentionally.
[2026-04-01 13:32:10.350] [warn]  The resource https://discordapp.com/assets/dd24010f3cf7def7.woff2 was preloaded using link preload but not used within a few seconds from the window's load event. Please make sure it has an appropriate `as` value and it is preloaded intentionally.
[2026-04-01 13:32:10.351] [warn]  The resource https://discordapp.com/assets/7a6a566c2e88a35d.woff2 was preloaded using link preload but not used within a few seconds from the window's load event. Please make sure it has an appropriate `as` value and it is preloaded intentionally.
[2026-04-01 13:32:10.351] [warn]  The resource https://discordapp.com/assets/e52f0cba712e2fb4.woff2 was preloaded using link preload but not used within a few seconds from the window's load event. Please make sure it has an appropriate `as` value and it is preloaded intentionally.
[2026-04-01 13:32:10.352] [warn]  The resource https://discordapp.com/assets/ce3b8055f5114434.woff2 was preloaded using link preload but not used within a few seconds from the window's load event. Please make sure it has an appropriate `as` value and it is preloaded intentionally.
[2026-04-01 13:32:10.352] [warn]  The resource https://discordapp.com/assets/cb2006dbced0e246.woff2 was preloaded using link preload but not used within a few seconds from the window's load event. Please make sure it has an appropriate `as` value and it is preloaded intentionally.
[2026-04-01 13:32:21.255] [warn]  The resource https://discordapp.com/assets/189422196a4f8b53.woff2 was preloaded using link preload but not used within a few seconds from the window's load event. Please make sure it has an appropriate `as` value and it is preloaded intentionally.
[2026-04-01 13:32:21.255] [warn]  The resource https://discordapp.com/assets/dd24010f3cf7def7.woff2 was preloaded using link preload but not used within a few seconds from the window's load event. Please make sure it has an appropriate `as` value and it is preloaded intentionally.
[2026-04-01 13:32:21.255] [warn]  The resource https://discordapp.com/assets/7a6a566c2e88a35d.woff2 was preloaded using link preload but not used within a few seconds from the window's load event. Please make sure it has an appropriate `as` value and it is preloaded intentionally.
[2026-04-01 13:32:21.255] [warn]  The resource https://discordapp.com/assets/e52f0cba712e2fb4.woff2 was preloaded using link preload but not used within a few seconds from the window's load event. Please make sure it has an appropriate `as` value and it is preloaded intentionally.
[2026-04-01 13:32:21.255] [warn]  The resource https://discordapp.com/assets/ce3b8055f5114434.woff2 was preloaded using link preload but not used within a few seconds from the window's load event. Please make sure it has an appropriate `as` value and it is preloaded intentionally.
[2026-04-01 13:32:21.255] [warn]  The resource https://discordapp.com/assets/cb2006dbced0e246.woff2 was preloaded using link preload but not used within a few seconds from the window's load event. Please make sure it has an appropriate `as` value and it is preloaded intentionally.
[2026-04-01 13:33:06.323] [warn]  The resource https://discordapp.com/assets/189422196a4f8b53.woff2 was preloaded using link preload but not used within a few seconds from the window's load event. Please make sure it has an appropriate `as` value and it is preloaded intentionally.
[2026-04-01 13:33:06.323] [warn]  The resource https://discordapp.com/assets/dd24010f3cf7def7.woff2 was preloaded using link preload but not used within a few seconds from the window's load event. Please make sure it has an appropriate `as` value and it is preloaded intentionally.
[2026-04-01 13:33:06.324] [warn]  The resource https://discordapp.com/assets/7a6a566c2e88a35d.woff2 was preloaded using link preload but not used within a few seconds from the window's load event. Please make sure it has an appropriate `as` value and it is preloaded intentionally.
[2026-04-01 13:33:06.324] [warn]  The resource https://discordapp.com/assets/e52f0cba712e2fb4.woff2 was preloaded using link preload but not used within a few seconds from the window's load event. Please make sure it has an appropriate `as` value and it is preloaded intentionally.
[2026-04-01 13:33:06.325] [warn]  The resource https://discordapp.com/assets/ce3b8055f5114434.woff2 was preloaded using link preload but not used within a few seconds from the window's load event. Please make sure it has an appropriate `as` value and it is preloaded intentionally.
[2026-04-01 13:33:06.325] [warn]  The resource https://discordapp.com/assets/cb2006dbced0e246.woff2 was preloaded using link preload but not used within a few seconds from the window's load event. Please make sure it has an appropriate `as` value and it is preloaded intentionally.
[2026-04-01 13:34:44.330] [warn]  The resource https://discordapp.com/assets/189422196a4f8b53.woff2 was preloaded using link preload but not used within a few seconds from the window's load event. Please make sure it has an appropriate `as` value and it is preloaded intentionally.
[2026-04-01 13:34:44.331] [warn]  The resource https://discordapp.com/assets/dd24010f3cf7def7.woff2 was preloaded using link preload but not used within a few seconds from the window's load event. Please make sure it has an appropriate `as` value and it is preloaded intentionally.
[2026-04-01 13:34:44.332] [warn]  The resource https://discordapp.com/assets/7a6a566c2e88a35d.woff2 was preloaded using link preload but not used within a few seconds from the window's load event. Please make sure it has an appropriate `as` value and it is preloaded intentionally.
[2026-04-01 13:34:44.332] [warn]  The resource https://discordapp.com/assets/e52f0cba712e2fb4.woff2 was preloaded using link preload but not used within a few seconds from the window's load event. Please make sure it has an appropriate `as` value and it is preloaded intentionally.
[2026-04-01 13:34:44.333] [warn]  The resource https://discordapp.com/assets/ce3b8055f5114434.woff2 was preloaded using link preload but not used within a few seconds from the window's load event. Please make sure it has an appropriate `as` value and it is preloaded intentionally.
[2026-04-01 13:34:44.333] [warn]  The resource https://discordapp.com/assets/cb2006dbced0e246.woff2 was preloaded using link preload but not used within a few seconds from the window's load event. Please make sure it has an appropriate `as` value and it is preloaded intentionally.
[2026-04-01 13:35:07.860] [warn]  The resource https://discordapp.com/assets/189422196a4f8b53.woff2 was preloaded using link preload but not used within a few seconds from the window's load event. Please make sure it has an appropriate `as` value and it is preloaded intentionally.
[2026-04-01 13:35:07.861] [warn]  The resource https://discordapp.com/assets/dd24010f3cf7def7.woff2 was preloaded using link preload but not used within a few seconds from the window's load event. Please make sure it has an appropriate `as` value and it is preloaded intentionally.
[2026-04-01 13:35:07.862] [warn]  The resource https://discordapp.com/assets/7a6a566c2e88a35d.woff2 was preloaded using link preload but not used within a few seconds from the window's load event. Please make sure it has an appropriate `as` value and it is preloaded intentionally.
[2026-04-01 13:35:07.862] [warn]  The resource https://discordapp.com/assets/e52f0cba712e2fb4.woff2 was preloaded using link preload but not used within a few seconds from the window's load event. Please make sure it has an appropriate `as` value and it is preloaded intentionally.
[2026-04-01 13:35:07.863] [warn]  The resource https://discordapp.com/assets/ce3b8055f5114434.woff2 was preloaded using link preload but not used within a few seconds from the window's load event. Please make sure it has an appropriate `as` value and it is preloaded intentionally.
[2026-04-01 13:35:07.863] [warn]  The resource https://discordapp.com/assets/cb2006dbced0e246.woff2 was preloaded using link preload but not used within a few seconds from the window's load event. Please make sure it has an appropriate `as` value and it is preloaded intentionally.
[2026-04-01 13:35:16.849] [warn]  The resource https://discordapp.com/assets/189422196a4f8b53.woff2 was preloaded using link preload but not used within a few seconds from the window's load event. Please make sure it has an appropriate `as` value and it is preloaded intentionally.
[2026-04-01 13:35:16.849] [warn]  The resource https://discordapp.com/assets/dd24010f3cf7def7.woff2 was preloaded using link preload but not used within a few seconds from the window's load event. Please make sure it has an appropriate `as` value and it is preloaded intentionally.
[2026-04-01 13:35:16.850] [warn]  The resource https://discordapp.com/assets/7a6a566c2e88a35d.woff2 was preloaded using link preload but not used within a few seconds from the window's load event. Please make sure it has an appropriate `as` value and it is preloaded intentionally.
[2026-04-01 13:35:16.850] [warn]  The resource https://discordapp.com/assets/e52f0cba712e2fb4.woff2 was preloaded using link preload but not used within a few seconds from the window's load event. Please make sure it has an appropriate `as` value and it is preloaded intentionally.
[2026-04-01 13:35:16.851] [warn]  The resource https://discordapp.com/assets/ce3b8055f5114434.woff2 was preloaded using link preload but not used within a few seconds from the window's load event. Please make sure it has an appropriate `as` value and it is preloaded intentionally.
[2026-04-01 13:35:16.851] [warn]  The resource https://discordapp.com/assets/cb2006dbced0e246.woff2 was preloaded using link preload but not used within a few seconds from the window's load event. Please make sure it has an appropriate `as` value and it is preloaded intentionally.
[2026-04-01 13:35:35.588] [warn]  The resource https://discordapp.com/assets/189422196a4f8b53.woff2 was preloaded using link preload but not used within a few seconds from the window's load event. Please make sure it has an appropriate `as` value and it is preloaded intentionally.
[2026-04-01 13:35:35.589] [warn]  The resource https://discordapp.com/assets/dd24010f3cf7def7.woff2 was preloaded using link preload but not used within a few seconds from the window's load event. Please make sure it has an appropriate `as` value and it is preloaded intentionally.
[2026-04-01 13:35:35.590] [warn]  The resource https://discordapp.com/assets/7a6a566c2e88a35d.woff2 was preloaded using link preload but not used within a few seconds from the window's load event. Please make sure it has an appropriate `as` value and it is preloaded intentionally.
[2026-04-01 13:35:35.590] [warn]  The resource https://discordapp.com/assets/e52f0cba712e2fb4.woff2 was preloaded using link preload but not used within a few seconds from the window's load event. Please make sure it has an appropriate `as` value and it is preloaded intentionally.
[2026-04-01 13:35:35.591] [warn]  The resource https://discordapp.com/assets/ce3b8055f5114434.woff2 was preloaded using link preload but not used within a few seconds from the window's load event. Please make sure it has an appropriate `as` value and it is preloaded intentionally.
[2026-04-01 13:35:35.591] [warn]  The resource https://discordapp.com/assets/cb2006dbced0e246.woff2 was preloaded using link preload but not used within a few seconds from the window's load event. Please make sure it has an appropriate `as` value and it is preloaded intentionally.
[2026-04-01 13:36:31.298] [warn]  The resource https://discordapp.com/assets/189422196a4f8b53.woff2 was preloaded using link preload but not used within a few seconds from the window's load event. Please make sure it has an appropriate `as` value and it is preloaded intentionally.
[2026-04-01 13:36:31.299] [warn]  The resource https://discordapp.com/assets/dd24010f3cf7def7.woff2 was preloaded using link preload but not used within a few seconds from the window's load event. Please make sure it has an appropriate `as` value and it is preloaded intentionally.
[2026-04-01 13:36:31.300] [warn]  The resource https://discordapp.com/assets/7a6a566c2e88a35d.woff2 was preloaded using link preload but not used within a few seconds from the window's load event. Please make sure it has an appropriate `as` value and it is preloaded intentionally.
[2026-04-01 13:36:31.300] [warn]  The resource https://discordapp.com/assets/e52f0cba712e2fb4.woff2 was preloaded using link preload but not used within a few seconds from the window's load event. Please make sure it has an appropriate `as` value and it is preloaded intentionally.
[2026-04-01 13:36:31.301] [warn]  The resource https://discordapp.com/assets/ce3b8055f5114434.woff2 was preloaded using link preload but not used within a few seconds from the window's load event. Please make sure it has an appropriate `as` value and it is preloaded intentionally.
[2026-04-01 13:36:31.301] [warn]  The resource https://discordapp.com/assets/cb2006dbced0e246.woff2 was preloaded using link preload but not used within a few seconds from the window's load event. Please make sure it has an appropriate `as` value and it is preloaded intentionally.
[2026-04-01 13:36:33.839] [info]  [WindowVisibilityVideoManager] Incoming video enabled changed, incomingVideoEnabled = true
[2026-04-01 13:36:35.695] [warn]  Window state not initialized window-1
[2026-04-01 13:36:35.695] [warn]  Window state not initialized window-1
[2026-04-01 13:36:35.695] [warn]  Window state not initialized window-1
[2026-04-01 13:36:35.695] [warn]  Window state not initialized window-1
[2026-04-01 13:36:35.695] [warn]  Window state not initialized window-1
[2026-04-01 13:36:35.696] [warn]  Window state not initialized window-1
[2026-04-01 13:36:35.696] [warn]  Window state not initialized window-1
[2026-04-01 13:36:35.696] [warn]  Window state not initialized window-1
[2026-04-01 13:36:35.696] [warn]  Window state not initialized window-1
[2026-04-01 13:36:35.696] [warn]  Window state not initialized window-1
[2026-04-01 13:36:35.696] [warn]  Window state not initialized window-1
[2026-04-01 13:36:35.696] [warn]  Window state not initialized window-1
[2026-04-01 13:36:35.696] [warn]  Window state not initialized window-1
[2026-04-01 13:36:35.696] [warn]  Window state not initialized window-1
[2026-04-01 13:36:35.697] [warn]  Window state not initialized window-1
[2026-04-01 13:36:35.697] [warn]  Window state not initialized window-1
[2026-04-01 13:36:35.697] [warn]  Window state not initialized window-1
[2026-04-01 13:36:35.697] [warn]  Window state not initialized window-1
[2026-04-01 13:36:35.697] [warn]  Window state not initialized window-1
[2026-04-01 13:36:35.697] [warn]  Window state not initialized window-1
[2026-04-01 13:36:35.697] [warn]  Window state not initialized window-1
[2026-04-01 13:36:35.697] [warn]  Window state not initialized window-1
[2026-04-01 13:36:35.697] [warn]  Window state not initialized window-1
[2026-04-01 13:36:35.698] [warn]  Window state not initialized window-1
[2026-04-01 13:36:35.698] [warn]  Window state not initialized window-1
[2026-04-01 13:36:35.698] [warn]  Window state not initialized window-1
[2026-04-01 13:36:35.698] [warn]  Window state not initialized window-1
[2026-04-01 13:36:35.698] [warn]  Window state not initialized window-1
[2026-04-01 13:36:35.698] [warn]  Window state not initialized window-1
[2026-04-01 13:36:35.698] [warn]  Window state not initialized window-1
[2026-04-01 13:36:35.698] [warn]  Window state not initialized window-1
[2026-04-01 13:36:35.698] [warn]  Window state not initialized window-1
[2026-04-01 13:36:35.698] [warn]  Window state not initialized window-1
[2026-04-01 13:36:35.699] [warn]  Window state not initialized window-1
[2026-04-01 13:36:35.699] [warn]  Window state not initialized window-1
[2026-04-01 13:36:35.699] [warn]  Window state not initialized window-1
[2026-04-01 13:36:35.699] [warn]  Window state not initialized window-1
[2026-04-01 13:36:35.699] [warn]  Window state not initialized window-1
[2026-04-01 13:36:35.699] [warn]  Window state not initialized window-1
[2026-04-01 13:36:35.699] [warn]  Window state not initialized window-1
[2026-04-01 13:36:35.699] [warn]  Window state not initialized window-1
[2026-04-01 13:36:35.699] [warn]  Window state not initialized window-1
[2026-04-01 13:36:35.699] [warn]  Window state not initialized window-1
[2026-04-01 13:36:35.700] [warn]  Window state not initialized window-1
[2026-04-01 13:36:35.700] [warn]  Window state not initialized window-1
[2026-04-01 13:36:35.700] [warn]  Window state not initialized window-1
[2026-04-01 13:36:35.700] [warn]  Window state not initialized window-1
[2026-04-01 13:36:35.700] [warn]  Window state not initialized window-1
[2026-04-01 13:36:35.700] [warn]  Window state not initialized window-1
[2026-04-01 13:36:35.700] [warn]  Window state not initialized window-1
[2026-04-01 13:36:35.700] [warn]  Window state not initialized window-1
[2026-04-01 13:36:35.700] [warn]  Window state not initialized window-1
[2026-04-01 13:36:35.700] [warn]  Window state not initialized window-1
[2026-04-01 13:36:35.701] [warn]  Window state not initialized window-1
[2026-04-01 13:36:35.701] [warn]  Window state not initialized window-1
[2026-04-01 13:36:35.701] [warn]  Window state not initialized window-1
[2026-04-01 13:36:35.701] [warn]  Window state not initialized window-1
[2026-04-01 13:36:35.701] [warn]  Window state not initialized window-1
[2026-04-01 13:36:35.701] [warn]  Window state not initialized window-1
[2026-04-01 13:36:35.701] [warn]  Window state not initialized window-1
[2026-04-01 13:36:35.701] [warn]  Window state not initialized window-1
[2026-04-01 13:36:35.701] [warn]  Window state not initialized window-1
[2026-04-01 13:36:35.701] [warn]  Window state not initialized window-1
[2026-04-01 13:36:35.701] [warn]  Window state not initialized window-1
[2026-04-01 13:36:35.702] [warn]  Window state not initialized window-1
[2026-04-01 13:36:35.702] [warn]  Window state not initialized window-1
[2026-04-01 13:36:35.702] [warn]  Window state not initialized window-1
[2026-04-01 13:36:35.702] [warn]  Window state not initialized window-1
[2026-04-01 13:36:35.702] [warn]  Window state not initialized window-1
[2026-04-01 13:36:35.704] [warn]  Window state not initialized window-1
[2026-04-01 13:36:35.704] [warn]  Window state not initialized window-1
[2026-04-01 13:36:35.704] [warn]  Window state not initialized window-1
[2026-04-01 13:36:35.705] [warn]  Window state not initialized window-1
[2026-04-01 13:36:35.705] [warn]  Window state not initialized window-1
[2026-04-01 13:36:35.705] [warn]  Window state not initialized window-1
[2026-04-01 13:36:35.705] [warn]  Window state not initialized window-1
[2026-04-01 13:36:35.705] [warn]  Window state not initialized window-1
[2026-04-01 13:36:35.705] [warn]  Window state not initialized window-1
[2026-04-01 13:36:35.705] [warn]  Window state not initialized window-1
[2026-04-01 13:36:35.706] [warn]  Window state not initialized window-1
[2026-04-01 13:36:35.706] [warn]  Window state not initialized window-1
[2026-04-01 13:36:35.706] [warn]  Window state not initialized window-1
[2026-04-01 13:36:35.706] [warn]  Window state not initialized window-1
[2026-04-01 13:36:35.706] [warn]  Window state not initialized window-1
[2026-04-01 13:36:35.706] [warn]  Window state not initialized window-1
[2026-04-01 13:36:35.707] [warn]  Window state not initialized window-1
[2026-04-01 13:36:35.707] [warn]  Window state not initialized window-1
[2026-04-01 13:36:35.707] [warn]  Window state not initialized window-1
[2026-04-01 13:36:35.707] [warn]  Window state not initialized window-1
[2026-04-01 13:36:35.707] [warn]  Window state not initialized window-1
[2026-04-01 13:36:35.707] [warn]  Window state not initialized window-1
[2026-04-01 13:36:35.707] [warn]  Window state not initialized window-1
[2026-04-01 13:36:35.707] [warn]  Window state not initialized window-1
[2026-04-01 13:36:35.707] [warn]  Window state not initialized window-1
[2026-04-01 13:36:35.708] [warn]  Window state not initialized window-1
[2026-04-01 13:36:35.708] [warn]  Window state not initialized window-1
[2026-04-01 13:36:35.708] [warn]  Window state not initialized window-1
[2026-04-01 13:36:35.708] [warn]  Window state not initialized window-1
[2026-04-01 13:36:35.708] [warn]  Window state not initialized window-1
[2026-04-01 13:36:35.708] [warn]  Window state not initialized window-1
[2026-04-01 13:36:35.708] [warn]  Window state not initialized window-1
[2026-04-01 13:36:35.708] [warn]  Window state not initialized window-1
